date,washington_time,type,title,participants,countries,chapter,selection_decision,declassification,source_id,markings,source_pages,catalog_url,pdf_url,source_note,next_action
1993-02-15,,Telcon,Memorandum of Telephone Conversation - President Francois Mitterrand of France,Bill Clinton; Francois Mitterrand,United States; Russia; France; Bosnia and Herzegovina,Crisis Security Files,Include candidate,Pending review,"William J. Clinton Presidential Library, Clinton Digital Library; 2015-0774-M; 1-3",Confidential; Confidential,1-3,https://clinton.presidentiallibraries.us/items/show/101348,https://clinton.presidentiallibraries.us/files/original/b229ce8c14cc2ebdcee0053d85f5b044.pdf,"Source: William J. Clinton Presidential Library, Clinton Digital Library, Clinton Presidential Records, Telcons - Memoranda of Telephone Conversation, Release 2015-0774-M, Item 101348. Confidential.",Verify Washington time and final chronological placement against the source image or PDF.
1993-02-23,,Memcon,Memorandum of Conversation - Secretary General Boutros Boutros-Ghali of the United Nations,Bill Clinton,United States; Bosnia and Herzegovina,Crisis Security Files,Include candidate,Pending review,William J. Clinton Presidential Library; 118497,Confidential; Confidential,,https://clinton.presidentiallibraries.us/items/show/118497,https://clinton.presidentiallibraries.us/files/original/0e72cac1e38b09a246280ca0629b188f.pdf,"Source: William J. Clinton Presidential Library, Clinton Digital Library, Declassified Documents, Memcons - Memoranda of Conversation, Release 2016-0933-M, Item 118497. Confidential.",Verify Washington time and final chronological placement against the source image or PDF.
1993-02-27,,Release Packet,Ex-Yugoslavia Work Program,Bill Clinton,United States; Bosnia and Herzegovina,Crisis Security Files,Context candidate,Pending review,"William J. Clinton Presidential Library, Clinton Digital Library; 2010-0533-M; 2",Secret,2,https://clinton.presidentiallibraries.us/items/show/36614,https://clinton.presidentiallibraries.us/files/original/dca58d1ec9f1ee6508cb03fc7ae5c98f.pdf,"Source: William J. Clinton Presidential Library, Clinton Digital Library, Clinton Presidential Records, Declassified Documents concerning Bosnia, Release 2010-0533-M, Item 36614. Secret.","Extract document-level items, actual dates, page spans, markings, and excision status from the packet."
1993-03-01,,Release Packet,"Summary of Conclusions, Deputies Committee Meeting on Bosnia",Bill Clinton,United States; Russia; Bosnia and Herzegovina,Crisis Security Files,Context candidate,Pending review,"William J. Clinton Presidential Library, Clinton Digital Library; 2010-0533-M; 3-4",Secret,3-4,https://clinton.presidentiallibraries.us/items/show/36614,https://clinton.presidentiallibraries.us/files/original/dca58d1ec9f1ee6508cb03fc7ae5c98f.pdf,"Source: William J. Clinton Presidential Library, Clinton Digital Library, Clinton Presidential Records, Declassified Documents concerning Bosnia, Release 2010-0533-M, Item 36614. Secret.","Extract document-level items, actual dates, page spans, markings, and excision status from the packet."
1993-03-04,,Release Packet,"Summary of Conclusions, Deputies Committee Meeting on Bosnia",Bill Clinton,United States; Bosnia and Herzegovina,Crisis Security Files,Context candidate,Pending review,"William J. Clinton Presidential Library, Clinton Digital Library; 2010-0533-M; 5-6",Secret,5-6,https://clinton.presidentiallibraries.us/items/show/36614,https://clinton.presidentiallibraries.us/files/original/dca58d1ec9f1ee6508cb03fc7ae5c98f.pdf,"Source: William J. Clinton Presidential Library, Clinton Digital Library, Clinton Presidential Records, Declassified Documents concerning Bosnia, Release 2010-0533-M, Item 36614. Secret.","Extract document-level items, actual dates, page spans, markings, and excision status from the packet."
1993-03-15,,Release Packet,Summary of Conclusions on Bosnia,Bill Clinton,United States; Bosnia and Herzegovina,Crisis Security Files,Context candidate,Pending review,"William J. Clinton Presidential Library, Clinton Digital Library; 2010-0533-M; 7-8",Secret,7-8,https://clinton.presidentiallibraries.us/items/show/36614,https://clinton.presidentiallibraries.us/files/original/dca58d1ec9f1ee6508cb03fc7ae5c98f.pdf,"Source: William J. Clinton Presidential Library, Clinton Digital Library, Clinton Presidential Records, Declassified Documents concerning Bosnia, Release 2010-0533-M, Item 36614. Secret.","Extract document-level items, actual dates, page spans, markings, and excision status from the packet."
1993-03-17,,Telcon,Memorandum of Telephone Conversation - President Francois Mitterrand of France,Bill Clinton; Francois Mitterrand,United States; Russia; France; Bosnia and Herzegovina,Crisis Security Files,Include candidate,Pending review,William J. Clinton Presidential Library; 101349,Confidential; Confidential,,https://clinton.presidentiallibraries.us/items/show/101349,https://clinton.presidentiallibraries.us/files/original/334e9c83f263373d7d46131c52da4f6e.pdf,"Source: William J. Clinton Presidential Library, Clinton Digital Library, Declassified Documents, Telcons - Memoranda of Telephone Conversations, Release 2015-0774-M, Item 101349. Confidential.",Verify Washington time and final chronological placement against the source image or PDF.
1993-03-24,,Context,Presidential Daily Diary reference: meeting with Russian Foreign Minister Andrey Kozyrev,Bill Clinton; Andrey Kozyrev; Warren Christopher; Strobe Talbott,United States; Russia,NATO-Russia and Partnership,Context candidate,Released with excisions,"National Archives and Records Administration, National Archives Catalog; LPWJC 2013-0549-F; 147870749; page 89",Unclassified diary record,page 89,https://catalog.archives.gov/id/147870749,https://s3.amazonaws.com/NARAprodstorage/lz/presidential-libraries/clinton/foia/2013/2013-0549-F/42-t-101784486-20130549F-001-005-2018.pdf,"Source: National Archives and Records Administration, National Archives Catalog, Clinton Presidential Records, Presidential Daily Diary, Ellen McCathran Files, Release LPWJC 2013-0549-F, [03/15/1993-03/31/1993], NAID 147870749, Unclassified diary record.","Use as a chronology lead; chase the substantive memcon, telcon, briefing book, trip file, or summit file before selection."
1993-03-24,,Release Packet,Summary of Conclusions on Bosnia,Bill Clinton,United States; Bosnia and Herzegovina,Crisis Security Files,Context candidate,Pending review,"William J. Clinton Presidential Library, Clinton Digital Library; 2010-0533-M; 9",Secret,9,https://clinton.presidentiallibraries.us/items/show/36614,https://clinton.presidentiallibraries.us/files/original/dca58d1ec9f1ee6508cb03fc7ae5c98f.pdf,"Source: William J. Clinton Presidential Library, Clinton Digital Library, Clinton Presidential Records, Declassified Documents concerning Bosnia, Release 2010-0533-M, Item 36614. Secret.","Extract document-level items, actual dates, page spans, markings, and excision status from the packet."
1993-03-30,,Release Packet,Summary of Conclusions on Bosnia,Bill Clinton,United States; Bosnia and Herzegovina,Crisis Security Files,Context candidate,Pending review,"William J. Clinton Presidential Library, Clinton Digital Library; 2010-0533-M; 10-11",Secret,10-11,https://clinton.presidentiallibraries.us/items/show/36614,https://clinton.presidentiallibraries.us/files/original/dca58d1ec9f1ee6508cb03fc7ae5c98f.pdf,"Source: William J. Clinton Presidential Library, Clinton Digital Library, Clinton Presidential Records, Declassified Documents concerning Bosnia, Release 2010-0533-M, Item 36614. Secret.","Extract document-level items, actual dates, page spans, markings, and excision status from the packet."
1993-04-03,,Memcon,Working Dinner with President Boris Yeltsin,Bill Clinton; Boris Yeltsin; Warren Christopher; Lloyd Bentsen; Anthony Lake; Andrei Kozyrev; Boris Fedorov; Alexander Shokhin,United States; Russia; Bosnia and Herzegovina,Crisis Security Files,Context candidate,Released in full,"National Archives and Records Administration, National Archives Catalog, Memcons between President William Jefferson Clinton and President Boris Yeltsin; 2014-0901-M; 163545404; 9-17",Secret; Secret,9-17,https://catalog.archives.gov/id/163545404,https://s3.amazonaws.com/NARAprodstorage/lz/presidential-libraries/clinton/wjc-nscrm/7585721/6-YeltsinVancouver.pdf,"Source: National Archives Catalog item 163545404, Clinton Library case 2014-0901-M, NSC Records Management PRS Files, Document ID 9302226. Derivative PDF extracts source pages 9-17 and appends source marker page 2 as provenance sheet. Secret.",Verify Washington time and final chronological placement against the source image or PDF.
1993-04-04,,Memcon,Meeting with Russian President Boris Yeltsin on Security Issues,Bill Clinton; Boris Yeltsin; Warren Christopher; Lloyd Bentsen; Anthony Lake; Andrei Kozyrev; Boris Fedorov; Alexander Shokhin,United States; Russia; Bosnia and Herzegovina; Ukraine,Crisis Security Files,Context candidate,Released in full,"National Archives and Records Administration, National Archives Catalog, Memcons between President William Jefferson Clinton and President Boris Yeltsin; 2014-0901-M; 163545404; 19-30",Secret; Secret,19-30,https://catalog.archives.gov/id/163545404,https://s3.amazonaws.com/NARAprodstorage/lz/presidential-libraries/clinton/wjc-nscrm/7585721/6-YeltsinVancouver.pdf,"Source: National Archives Catalog item 163545404, Clinton Library case 2014-0901-M, NSC Records Management PRS Files, Document ID 9302226. Derivative PDF extracts source pages 19-30 and appends source marker page 2 as provenance sheet. Secret.",Verify Washington time and final chronological placement against the source image or PDF.
1993-04-09,,Release Packet,Summary of Conclusions on Bosnia,Bill Clinton,United States; Bosnia and Herzegovina,Crisis Security Files,Context candidate,Pending review,"William J. Clinton Presidential Library, Clinton Digital Library; 2010-0533-M; 12",Secret,12,https://clinton.presidentiallibraries.us/items/show/36614,https://clinton.presidentiallibraries.us/files/original/dca58d1ec9f1ee6508cb03fc7ae5c98f.pdf,"Source: William J. Clinton Presidential Library, Clinton Digital Library, Clinton Presidential Records, Declassified Documents concerning Bosnia, Release 2010-0533-M, Item 36614. Secret.","Extract document-level items, actual dates, page spans, markings, and excision status from the packet."
1993-04-14,,Memcon,Memorandum of Conversation - Vice President Gore and President Alija Izetbegovic,Bill Clinton; Alija Izetbegovic,United States; Bosnia and Herzegovina; Croatia,Crisis Security Files,Include candidate,Pending review,"William J. Clinton Presidential Library, Clinton Digital Library; 2011-0964-M; 3-7",Secret; Secret,3-7,https://clinton.presidentiallibraries.us/items/show/36589,https://clinton.presidentiallibraries.us/files/original/1e07f85597e7a0a171bbd0b1ad67cdf1.pdf,"Source: William J. Clinton Presidential Library, Clinton Digital Library, Clinton Presidential Records, Declassified Documents concerning Bosnia, Release 2011-0964-M, Item 36589. Secret.",Verify Washington time and final chronological placement against the source image or PDF.
1993-04-19,,Release Packet,Summary of Conclusions on Bosnia,Bill Clinton,United States; Russia; Bosnia and Herzegovina,Crisis Security Files,Context candidate,Pending review,"William J. Clinton Presidential Library, Clinton Digital Library; 2010-0533-M; 13-14",Secret,13-14,https://clinton.presidentiallibraries.us/items/show/36614,https://clinton.presidentiallibraries.us/files/original/dca58d1ec9f1ee6508cb03fc7ae5c98f.pdf,"Source: William J. Clinton Presidential Library, Clinton Digital Library, Clinton Presidential Records, Declassified Documents concerning Bosnia, Release 2010-0533-M, Item 36614. Secret.","Extract document-level items, actual dates, page spans, markings, and excision status from the packet."
1993-04-20,,Memcon,Memorandum of Conversation - Meeting with President Vaclav Havel of the Czech Republic,Bill Clinton; Vaclav Havel; Lech Walesa,United States; Russia; Poland; Czech Republic; Bosnia and Herzegovina,Crisis Security Files,Include candidate,Pending review,William J. Clinton Presidential Library; 119030,Confidential; Confidential,,https://clinton.presidentiallibraries.us/items/show/119030,,"Source: William J. Clinton Presidential Library, Clinton Digital Library, Declassified Documents, Memcons - Memoranda of Conversation, Release Declassified Documents Concerning President Vaclav Havel of the Czech Republic and President Lech Walesa of Poland, Item 119030. Confidential.",Verify Washington time and final chronological placement against the source image or PDF.
1993-04-20,,Telcon,Memorandum of Telephone Conversation - President Francois Mitterrand of France,Bill Clinton; Francois Mitterrand,United States; France; Bosnia and Herzegovina,Crisis Security Files,Include candidate,Pending review,"William J. Clinton Presidential Library, Clinton Digital Library; 2015-0774-M; 1-4",Confidential; Confidential,1-4,https://clinton.presidentiallibraries.us/items/show/101350,https://clinton.presidentiallibraries.us/files/original/5d531ef1274105f9657199a8a2a3c2ef.pdf,"Source: William J. Clinton Presidential Library, Clinton Digital Library, Clinton Presidential Records, Telcons - Memoranda of Telephone Conversation, Release 2015-0774-M, Item 101350. Confidential.",Verify Washington time and final chronological placement against the source image or PDF.
1993-04-21,,Memcon,Memorandum of Conversation - Meeting with President Lech Walesa of Poland,Bill Clinton; Vaclav Havel; Lech Walesa,United States; Poland; Czech Republic,NATO Strategy and Enlargement,Include candidate,Pending review,William J. Clinton Presidential Library; 119044,Confidential; Confidential,,https://clinton.presidentiallibraries.us/items/show/119044,,"Source: William J. Clinton Presidential Library, Clinton Digital Library, Declassified Documents, Memcons - Memoranda of Conversation, Release Declassified Documents Concerning President Vaclav Havel of the Czech Republic and President Lech Walesa of Poland, Item 119044. Confidential.",Verify Washington time and final chronological placement against the source image or PDF.
1993-04-21,,Memcon,Memorandum of Conversation - President Arpad Goncz of Hungary,Bill Clinton,United States; Hungary,NATO Strategy and Enlargement,Include candidate,Pending review,William J. Clinton Presidential Library; 101329,Confidential; Confidential,,https://clinton.presidentiallibraries.us/items/show/101329,https://clinton.presidentiallibraries.us/files/original/cf38634dd5644dda387d6312d6065d67.pdf,"Source: William J. Clinton Presidential Library, Clinton Digital Library, Declassified Documents, Memcons - Memoranda of Conversation, Release 2015-0133-M, Item 101329. Confidential.",Verify Washington time and final chronological placement against the source image or PDF.
1993-05-06,,Telcon,Memorandum of Telephone Conversation - President Francois Mitterrand of France,Bill Clinton; Francois Mitterrand,United States; France; Bosnia and Herzegovina,Crisis Security Files,Include candidate,Pending review,William J. Clinton Presidential Library; 101351,Secret; Secret,,https://clinton.presidentiallibraries.us/items/show/101351,https://clinton.presidentiallibraries.us/files/original/3dcddfba1080842a98d3c7af6e455ee8.pdf,"Source: William J. Clinton Presidential Library, Clinton Digital Library, Declassified Documents, Telcons - Memoranda of Telephone Conversations, Release 2015-0774-M, Item 101351. Secret.",Verify Washington time and final chronological placement against the source image or PDF.
1993-05-06,,Release Packet,"Summary of Conclusions, Principals Committee Meeting on Bosnia",Bill Clinton,United States; Bosnia and Herzegovina,Crisis Security Files,Context candidate,Pending review,"William J. Clinton Presidential Library, Clinton Digital Library; 2010-0533-M; 15-16",Secret,15-16,https://clinton.presidentiallibraries.us/items/show/36614,https://clinton.presidentiallibraries.us/files/original/dca58d1ec9f1ee6508cb03fc7ae5c98f.pdf,"Source: William J. Clinton Presidential Library, Clinton Digital Library, Clinton Presidential Records, Declassified Documents concerning Bosnia, Release 2010-0533-M, Item 36614. Secret.","Extract document-level items, actual dates, page spans, markings, and excision status from the packet."
1993-05-08,,Release Packet,Decisions of Principals Committee Meeting with the President and Vice President on Bosnia,Bill Clinton,United States; Bosnia and Herzegovina; Serbia,Crisis Security Files,Context candidate,Pending review,"William J. Clinton Presidential Library, Clinton Digital Library; 2010-0533-M; 17-18",Secret,17-18,https://clinton.presidentiallibraries.us/items/show/36614,https://clinton.presidentiallibraries.us/files/original/dca58d1ec9f1ee6508cb03fc7ae5c98f.pdf,"Source: William J. Clinton Presidential Library, Clinton Digital Library, Clinton Presidential Records, Declassified Documents concerning Bosnia, Release 2010-0533-M, Item 36614. Secret.","Extract document-level items, actual dates, page spans, markings, and excision status from the packet."
1993-05-17,,Release Packet,Decisions of Principals Committee Meeting on Bosnia,Bill Clinton,United States; Bosnia and Herzegovina,Crisis Security Files,Context candidate,Pending review,"William J. Clinton Presidential Library, Clinton Digital Library; 2010-0533-M; 19-20",Secret; Secret,19-20,https://clinton.presidentiallibraries.us/items/show/36614,https://clinton.presidentiallibraries.us/files/original/dca58d1ec9f1ee6508cb03fc7ae5c98f.pdf,"Source: William J. Clinton Presidential Library, Clinton Digital Library, Clinton Presidential Records, Declassified Documents concerning Bosnia, Release 2010-0533-M, Item 36614. Secret.","Extract document-level items, actual dates, page spans, markings, and excision status from the packet."
1993-09-01,,Release Packet,"Summary of Conclusions, NSC Principals Committee Meeting on Bosnia",Bill Clinton,United States; Bosnia and Herzegovina,Crisis Security Files,Context candidate,Pending review,"William J. Clinton Presidential Library, Clinton Digital Library; 2010-0533-M; 21-23",Secret,21-23,https://clinton.presidentiallibraries.us/items/show/36614,https://clinton.presidentiallibraries.us/files/original/dca58d1ec9f1ee6508cb03fc7ae5c98f.pdf,"Source: William J. Clinton Presidential Library, Clinton Digital Library, Clinton Presidential Records, Declassified Documents concerning Bosnia, Release 2010-0533-M, Item 36614. Secret.","Extract document-level items, actual dates, page spans, markings, and excision status from the packet."
1993-09-08,,Memcon,Memorandum of Conversation - President Clinton and President Alija Izetbegovic,Bill Clinton; Alija Izetbegovic,United States; Bosnia and Herzegovina,Crisis Security Files,Include candidate,Pending review,"William J. Clinton Presidential Library, Clinton Digital Library; 2011-0964-M; 10-15",Secret; Secret,10-15,https://clinton.presidentiallibraries.us/items/show/36589,https://clinton.presidentiallibraries.us/files/original/1e07f85597e7a0a171bbd0b1ad67cdf1.pdf,"Source: William J. Clinton Presidential Library, Clinton Digital Library, Clinton Presidential Records, Declassified Documents concerning Bosnia, Release 2011-0964-M, Item 36589. Secret.",Verify Washington time and final chronological placement against the source image or PDF.
1993-09-17,,Memcon,Memorandum of Conversation - Prime Minister Carlo Ciampi of Italy,Bill Clinton,United States; Russia; Italy,NATO-Russia and Partnership,Include candidate,Pending review,William J. Clinton Presidential Library; 101346,Confidential; Confidential,,https://clinton.presidentiallibraries.us/items/show/101346,https://clinton.presidentiallibraries.us/files/original/df7541d4f739658b122360c51d75e84f.pdf,"Source: William J. Clinton Presidential Library, Clinton Digital Library, Declassified Documents, Memcons - Memoranda of Conversation, Release 2015-0755-M, Item 101346. Confidential.",Verify Washington time and final chronological placement against the source image or PDF.
1993-09-20,,Release Packet,"Summary of Conclusions, NSC Principals Committee Meeting on Bosnia",Bill Clinton,United States; Bosnia and Herzegovina,Crisis Security Files,Context candidate,Pending review,"William J. Clinton Presidential Library, Clinton Digital Library; 2010-0533-M; 24-25",Secret,24-25,https://clinton.presidentiallibraries.us/items/show/36614,https://clinton.presidentiallibraries.us/files/original/dca58d1ec9f1ee6508cb03fc7ae5c98f.pdf,"Source: William J. Clinton Presidential Library, Clinton Digital Library, Clinton Presidential Records, Declassified Documents concerning Bosnia, Release 2010-0533-M, Item 36614. Secret.","Extract document-level items, actual dates, page spans, markings, and excision status from the packet."
1993-09-29,,Context,Presidential Daily Diary reference: meeting with Russian Foreign Minister Andrey Kozyrev,Bill Clinton; Andrey Kozyrev,United States; Russia,NATO-Russia and Partnership,Context candidate,Released with excisions,"National Archives and Records Administration, National Archives Catalog; LPWJC 2013-0549-F; 147870769; page 90",Unclassified diary record,page 90,https://catalog.archives.gov/id/147870769,https://s3.amazonaws.com/NARAprodstorage/lz/presidential-libraries/clinton/foia/2013/2013-0549-F/42-t-101784486-20130549F-002-007-2018.pdf,"Source: National Archives and Records Administration, National Archives Catalog, Clinton Presidential Records, Presidential Daily Diary, Ellen McCathran Files, Release LPWJC 2013-0549-F, [09/16/1993-09/30/1993], NAID 147870769, Unclassified diary record.","Use as a chronology lead; chase the substantive memcon, telcon, briefing book, trip file, or summit file before selection."
1993-10-02,,Release Packet,"Summary of Conclusions, NSC Principals Committee Meeting on Bosnia",Bill Clinton,United States; Bosnia and Herzegovina; Serbia; Croatia,Crisis Security Files,Context candidate,Pending review,"William J. Clinton Presidential Library, Clinton Digital Library; 2010-0533-M; 26-27",Secret; Secret,26-27,https://clinton.presidentiallibraries.us/items/show/36614,https://clinton.presidentiallibraries.us/files/original/dca58d1ec9f1ee6508cb03fc7ae5c98f.pdf,"Source: William J. Clinton Presidential Library, Clinton Digital Library, Clinton Presidential Records, Declassified Documents concerning Bosnia, Release 2010-0533-M, Item 36614. Secret.","Extract document-level items, actual dates, page spans, markings, and excision status from the packet."
1993-10-06,,Context,Presidential Daily Diary reference: meeting with NATO Secretary General Manfred Woerner,Bill Clinton; Manfred Woerner,United States,NATO Strategy and Enlargement,Context candidate,Released with excisions,"National Archives and Records Administration, National Archives Catalog; LPWJC 2010-0083-F; 17368174; page 5",Unclassified diary record,page 5,https://catalog.archives.gov/id/17368174,https://s3.amazonaws.com/NARAprodstorage/opastorage/live/74/3681/17368174/content/presidential-libraries/clinton/foia/2010-0083-F/2010-0083-F-PDF/Box_001/42-t-7262157-20100083F-001-005-2015.pdf,"Source: National Archives and Records Administration, National Archives Catalog, Clinton Presidential Records, Presidential Daily Diary, Ellen McCathran Files, Release LPWJC 2010-0083-F, [Ellen McCathran - Presidential Daily Diary - Hardcopy 10/6/93; 10/11/93; 10/18/93; 10/26/93; 11/6/93; 11/17/93; 11/18/93; 11/30/93], NAID 17368174, Unclassified diary record.","Use as a chronology lead; chase the substantive memcon, telcon, briefing book, trip file, or summit file before selection."
1993-10-19,,Release Packet,"Summary of Conclusions, NSC Principals Committee Meeting on Bosnia",Bill Clinton,United States; Bosnia and Herzegovina,Crisis Security Files,Context candidate,Pending review,"William J. Clinton Presidential Library, Clinton Digital Library; 2010-0533-M; 28",Secret,28,https://clinton.presidentiallibraries.us/items/show/36614,https://clinton.presidentiallibraries.us/files/original/dca58d1ec9f1ee6508cb03fc7ae5c98f.pdf,"Source: William J. Clinton Presidential Library, Clinton Digital Library, Clinton Presidential Records, Declassified Documents concerning Bosnia, Release 2010-0533-M, Item 36614. Secret.","Extract document-level items, actual dates, page spans, markings, and excision status from the packet."
1993-10-28,,Release Packet,"Summary of Conclusions, NSC Deputies Committee Meeting on Bosnia",Bill Clinton,United States; Bosnia and Herzegovina,Crisis Security Files,Context candidate,Pending review,"William J. Clinton Presidential Library, Clinton Digital Library; 2010-0533-M; 29-30",Secret,29-30,https://clinton.presidentiallibraries.us/items/show/36614,https://clinton.presidentiallibraries.us/files/original/dca58d1ec9f1ee6508cb03fc7ae5c98f.pdf,"Source: William J. Clinton Presidential Library, Clinton Digital Library, Clinton Presidential Records, Declassified Documents concerning Bosnia, Release 2010-0533-M, Item 36614. Secret.","Extract document-level items, actual dates, page spans, markings, and excision status from the packet."
1993-11-16,,Release Packet,"Summary of Conclusions, NSC Deputies Committee Meeting on Bosnia",Bill Clinton,United States; Bosnia and Herzegovina; Serbia,Crisis Security Files,Context candidate,Pending review,"William J. Clinton Presidential Library, Clinton Digital Library; 2010-0533-M; 31-32",Secret,31-32,https://clinton.presidentiallibraries.us/items/show/36614,https://clinton.presidentiallibraries.us/files/original/dca58d1ec9f1ee6508cb03fc7ae5c98f.pdf,"Source: William J. Clinton Presidential Library, Clinton Digital Library, Clinton Presidential Records, Declassified Documents concerning Bosnia, Release 2010-0533-M, Item 36614. Secret.","Extract document-level items, actual dates, page spans, markings, and excision status from the packet."
1994-01-03,,Context,Presidential Daily Diary reference: NATO Summit preparation meetings,Bill Clinton; Strobe Talbott; Anthony Lake; Samuel Berger,United States,NATO Strategy and Enlargement,Context candidate,Released with excisions,"National Archives and Records Administration, National Archives Catalog; LPWJC 2013-0549-F; 147870783; pages 18 and 21",Unclassified diary record,pages 18 and 21,https://catalog.archives.gov/id/147870783,https://s3.amazonaws.com/NARAprodstorage/lz/presidential-libraries/clinton/foia/2013/2013-0549-F/42-t-101784486-20130549F-003-006-2018.pdf,"Source: National Archives and Records Administration, National Archives Catalog, Clinton Presidential Records, Presidential Daily Diary, Ellen McCathran Files, Release LPWJC 2013-0549-F, [01/01/1994-01/15/1994], NAID 147870783, Unclassified diary record.","Use as a chronology lead; chase the substantive memcon, telcon, briefing book, trip file, or summit file before selection."
1994-01-11,,Memcon,Memorandum of Conversation - President Vaclav Havel of the Czech Republic and Czech Leaders,Bill Clinton; Vaclav Havel,United States; Russia; Czech Republic,NATO-Russia and Partnership,Include candidate,Pending review,William J. Clinton Presidential Library; 101393,Confidential; Confidential,,https://clinton.presidentiallibraries.us/items/show/101393,,"Source: William J. Clinton Presidential Library, Clinton Digital Library, Declassified Documents, Memcons - Memoranda of Conversation, Release LP-WJC/DOS-16-1, Item 101393. Confidential.",Verify Washington time and final chronological placement against the source image or PDF.
1994-01-12,,Memcon,"Memorandum of Conversation -President Lech Walesa of Poland, President Arpad Goencz of Hungary, President Michal Kovac of Slovakia, and President Vaclav Havel of the Czech Republic",Bill Clinton; Vaclav Havel; Lech Walesa,United States; Russia; Poland; Czech Republic; Hungary; Bosnia and Herzegovina,Crisis Security Files,Include candidate,Pending review,William J. Clinton Presidential Library; 101395,Confidential; Confidential,,https://clinton.presidentiallibraries.us/items/show/101395,,"Source: William J. Clinton Presidential Library, Clinton Digital Library, Declassified Documents, Memcons - Memoranda of Conversation, Release LP-WJC/DOS-16-1, Item 101395. Confidential.",Verify Washington time and final chronological placement against the source image or PDF.
1994-01-13,,Memcon,"President's dinner with President Yeltsin, January 13/14, 1994",Bill Clinton; Boris Yeltsin; Warren Christopher; Lloyd Bentsen; Anthony Lake; Strobe Talbott; Thomas Pickering; Viktor Chernomyrdin; Andrei Kozyrev; Pavel Grachev,United States; Russia; Bosnia and Herzegovina; Ukraine,Crisis Security Files,Context candidate,Pending review,"William J. Clinton Presidential Library, Clinton Digital Library, Item 101370, Memcons - Memoranda of Conversation; clinton-item-101370; Clinton Digital Library item 101370; 1-11",Secret; Secret,1-11,https://clinton.presidentiallibraries.us/items/show/101370,https://clinton.presidentiallibraries.us/files/original/c016beef71be071cd9c96fcf0972fd57.pdf,"Source: William J. Clinton Presidential Library, Clinton Digital Library item 101370, ""Memorandum of Conversation - President Boris Yeltsin of Russia,"" January 13, 1994, part of 2016-0117-M, Memcons - Memoranda of Conversation. Item description: ""This Memcon was received as a NSC Cable."" Source PDF label: ""69 Memcon Cable President Boris Yeltsin of Russia (not really a memcon) Jan 13 1994.pdf."". Secret.",Verify Washington time and final chronological placement against the source image or PDF.
1994-01-14,,Context,Presidential Daily Diary reference: denuclearization signing with Yeltsin and Kravchuk,Bill Clinton; Boris Yeltsin; Leonid Kravchuk,United States; Russia; Ukraine,NATO-Russia and Partnership,Context candidate,Released with excisions,"National Archives and Records Administration, National Archives Catalog; LPWJC 2013-0549-F; 147870783; page 68",Unclassified diary record,page 68,https://catalog.archives.gov/id/147870783,https://s3.amazonaws.com/NARAprodstorage/lz/presidential-libraries/clinton/foia/2013/2013-0549-F/42-t-101784486-20130549F-003-006-2018.pdf,"Source: National Archives and Records Administration, National Archives Catalog, Clinton Presidential Records, Presidential Daily Diary, Ellen McCathran Files, Release LPWJC 2013-0549-F, [01/01/1994-01/15/1994], NAID 147870783, Unclassified diary record.","Use as a chronology lead; chase the substantive memcon, telcon, briefing book, trip file, or summit file before selection."
1994-01-15,,Memcon,Memorandum of Conversation - President Otto Stich of Switzerland,Bill Clinton,United States,Crisis Security Files,Include candidate,Pending review,William J. Clinton Presidential Library; 101396,Confidential; Confidential,,https://clinton.presidentiallibraries.us/items/show/101396,https://clinton.presidentiallibraries.us/files/original/63f659888b616c4810b985d57888aed3.pdf,"Source: William J. Clinton Presidential Library, Clinton Digital Library, Declassified Documents, Memcons - Memoranda of Conversation, Release LP-WJC/DOS-16-1, Item 101396. Confidential.",Verify Washington time and final chronological placement against the source image or PDF.
1994-01-20,,Telcon,Memorandum of Telephone Conversation with President Ulmanis of Latvia,Bill Clinton,United States,NATO Strategy and Enlargement,Include candidate,Pending review,William J. Clinton Presidential Library; 118919,Confidential; Confidential,,https://clinton.presidentiallibraries.us/items/show/118919,https://clinton.presidentiallibraries.us/files/original/26cb14efd84422e9b5ca25b66f4a978e.pdf,"Source: William J. Clinton Presidential Library, Clinton Digital Library, Declassified Documents, Telcons - Memoranda of Telephone Conversations, Release 2016-0314-M-2, Item 118919. Confidential.",Verify Washington time and final chronological placement against the source image or PDF.
1994-02-18,,Release Packet,"Summary of Conclusions, NSC Principals Committee Meeting on Bosnia",Bill Clinton,United States; Bosnia and Herzegovina,Crisis Security Files,Context candidate,Pending review,"William J. Clinton Presidential Library, Clinton Digital Library; 2010-0533-M; 33-35",Secret,33-35,https://clinton.presidentiallibraries.us/items/show/36614,https://clinton.presidentiallibraries.us/files/original/dca58d1ec9f1ee6508cb03fc7ae5c98f.pdf,"Source: William J. Clinton Presidential Library, Clinton Digital Library, Clinton Presidential Records, Declassified Documents concerning Bosnia, Release 2010-0533-M, Item 36614. Secret.","Extract document-level items, actual dates, page spans, markings, and excision status from the packet."
1994-02-19,,Context,Presidential Daily Diary reference: Bosnia briefing with administration officials,Bill Clinton; Warren Christopher; William Perry; John Shalikashvili,United States; Bosnia and Herzegovina,Crisis Security Files,Context candidate,Released with excisions,"National Archives and Records Administration, National Archives Catalog; LPWJC 2013-0549-F; 147870789; pages 53 and 58",Unclassified diary record,pages 53 and 58,https://catalog.archives.gov/id/147870789,https://s3.amazonaws.com/NARAprodstorage/lz/presidential-libraries/clinton/foia/2013/2013-0549-F/42-t-101784486-20130549F-003-009-2018.pdf,"Source: National Archives and Records Administration, National Archives Catalog, Clinton Presidential Records, Presidential Daily Diary, Ellen McCathran Files, Release LPWJC 2013-0549-F, [02/14/1994-02/28/1994], NAID 147870789, Unclassified diary record.","Use as a chronology lead; chase the substantive memcon, telcon, briefing book, trip file, or summit file before selection."
1994-02-20,,Context,Presidential Daily Diary reference: Bosnia calls with Woerner and Mitterrand,Bill Clinton; Manfred Woerner; Francois Mitterrand; Anthony Lake,United States; France; Bosnia and Herzegovina,Crisis Security Files,Context candidate,Released with excisions,"National Archives and Records Administration, National Archives Catalog; LPWJC 2013-0549-F; 147870789; pages 62-63",Unclassified diary record,pages 62-63,https://catalog.archives.gov/id/147870789,https://s3.amazonaws.com/NARAprodstorage/lz/presidential-libraries/clinton/foia/2013/2013-0549-F/42-t-101784486-20130549F-003-009-2018.pdf,"Source: National Archives and Records Administration, National Archives Catalog, Clinton Presidential Records, Presidential Daily Diary, Ellen McCathran Files, Release LPWJC 2013-0549-F, [02/14/1994-02/28/1994], NAID 147870789, Unclassified diary record.","Use as a chronology lead; chase the substantive memcon, telcon, briefing book, trip file, or summit file before selection."
1994-02-21,,Context,Presidential Daily Diary reference: Bosnia and Sarajevo meeting and NATO-action statement,Bill Clinton,United States; Bosnia and Herzegovina,Crisis Security Files,Context candidate,Released with excisions,"National Archives and Records Administration, National Archives Catalog; LPWJC 2013-0549-F; 147870789; page 67",Unclassified diary record,page 67,https://catalog.archives.gov/id/147870789,https://s3.amazonaws.com/NARAprodstorage/lz/presidential-libraries/clinton/foia/2013/2013-0549-F/42-t-101784486-20130549F-003-009-2018.pdf,"Source: National Archives and Records Administration, National Archives Catalog, Clinton Presidential Records, Presidential Daily Diary, Ellen McCathran Files, Release LPWJC 2013-0549-F, [02/14/1994-02/28/1994], NAID 147870789, Unclassified diary record.","Use as a chronology lead; chase the substantive memcon, telcon, briefing book, trip file, or summit file before selection."
1994-02-28,,Release Packet,Summary of Conclusions on Bosnia,Bill Clinton,United States; Bosnia and Herzegovina,Crisis Security Files,Context candidate,Pending review,"William J. Clinton Presidential Library, Clinton Digital Library; 2010-0533-M; 36-37",Secret,36-37,https://clinton.presidentiallibraries.us/items/show/36614,https://clinton.presidentiallibraries.us/files/original/dca58d1ec9f1ee6508cb03fc7ae5c98f.pdf,"Source: William J. Clinton Presidential Library, Clinton Digital Library, Clinton Presidential Records, Declassified Documents concerning Bosnia, Release 2010-0533-M, Item 36614. Secret.","Extract document-level items, actual dates, page spans, markings, and excision status from the packet."
1994-03-04,,Memcon,Memorandum of Conversation - President Leonid Kravchuk of Ukraine,Bill Clinton,United States; Russia; Ukraine,NATO-Russia and Partnership,Include candidate,Pending review,William J. Clinton Presidential Library; 101354,Confidential; Confidential,,https://clinton.presidentiallibraries.us/items/show/101354,https://clinton.presidentiallibraries.us/files/original/e75539e8d49947e78cd0c87e88844e51.pdf,"Source: William J. Clinton Presidential Library, Clinton Digital Library, Declassified Documents, Memcons - Memoranda of Conversation, Release 2016-0122-M, Item 101354. Confidential.",Verify Washington time and final chronological placement against the source image or PDF.
1994-03-08,,Release Packet,Summary of Conclusions on Bosnia,Bill Clinton,United States; Bosnia and Herzegovina,Crisis Security Files,Context candidate,Pending review,"William J. Clinton Presidential Library, Clinton Digital Library; 2010-0533-M; 38-39",Secret; Secret,38-39,https://clinton.presidentiallibraries.us/items/show/36614,https://clinton.presidentiallibraries.us/files/original/dca58d1ec9f1ee6508cb03fc7ae5c98f.pdf,"Source: William J. Clinton Presidential Library, Clinton Digital Library, Clinton Presidential Records, Declassified Documents concerning Bosnia, Release 2010-0533-M, Item 36614. Secret.","Extract document-level items, actual dates, page spans, markings, and excision status from the packet."
1994-04-10,,Context,Presidential Daily Diary reference: NATO bombing in Bosnia and Yeltsin conference call,Bill Clinton; Boris Yeltsin,United States; Russia; Bosnia and Herzegovina,Crisis Security Files,Context candidate,Released with excisions,"National Archives and Records Administration, National Archives Catalog; LPWJC 2013-0549-F; 147870795; pages 50 and 53",Unclassified diary record,pages 50 and 53,https://catalog.archives.gov/id/147870795,https://s3.amazonaws.com/NARAprodstorage/lz/presidential-libraries/clinton/foia/2013/2013-0549-F/42-t-101784486-20130549F-004-003-2018.pdf,"Source: National Archives and Records Administration, National Archives Catalog, Clinton Presidential Records, Presidential Daily Diary, Ellen McCathran Files, Release LPWJC 2013-0549-F, [04/01/1994-04/15/1994], NAID 147870795, Unclassified diary record.","Use as a chronology lead; chase the substantive memcon, telcon, briefing book, trip file, or summit file before selection."
1994-04-10,,Release Packet,"Summary of Conclusions, NSC Principals Committee Meeting on Bosnia",Bill Clinton,United States; Bosnia and Herzegovina,Crisis Security Files,Context candidate,Pending review,"William J. Clinton Presidential Library, Clinton Digital Library; 2010-0533-M; 40-41",Secret,40-41,https://clinton.presidentiallibraries.us/items/show/36614,https://clinton.presidentiallibraries.us/files/original/dca58d1ec9f1ee6508cb03fc7ae5c98f.pdf,"Source: William J. Clinton Presidential Library, Clinton Digital Library, Clinton Presidential Records, Declassified Documents concerning Bosnia, Release 2010-0533-M, Item 36614. Secret.","Extract document-level items, actual dates, page spans, markings, and excision status from the packet."
1994-04-10,,Telcon,"Telephone call with President Boris Yeltsin of Russia, April 10, 1994, White House",Bill Clinton; Boris Yeltsin,United States; Russia; Bosnia and Herzegovina,Crisis Security Files,Context candidate,Released in full,"William J. Clinton Presidential Library, MDR Release 2015-0782-M-1; 2015-0782-M-1; 2015-0782-M-1; 164-166",Confidential; Confidential,164-166,https://www.clintonlibrary.gov/research/archives/finding-aids/declassified-documents-concerning-russian-president-boris-yeltsin,https://www.clintonlibrary.gov/sites/default/files/finding_aids_a_z/2026-05/2015-0782-M-1.pdf,"Source: William J. Clinton Presidential Library, Meetings and Telephone Calls with Foreign Leaders, master chronology, Release packet 2015-0782-M-1; related packet(s): NARA NAID 40482516. Confidential.",Verify Washington time and final chronological placement against the source image or PDF.
1994-04-18,,Release Packet,"Summary of Conclusions, NSC Principals Committee Meeting on Bosnia",Bill Clinton,United States; Bosnia and Herzegovina,Crisis Security Files,Context candidate,Pending review,"William J. Clinton Presidential Library, Clinton Digital Library; 2010-0533-M; 42-43",Secret,42-43,https://clinton.presidentiallibraries.us/items/show/36614,https://clinton.presidentiallibraries.us/files/original/dca58d1ec9f1ee6508cb03fc7ae5c98f.pdf,"Source: William J. Clinton Presidential Library, Clinton Digital Library, Clinton Presidential Records, Declassified Documents concerning Bosnia, Release 2010-0533-M, Item 36614. Secret.","Extract document-level items, actual dates, page spans, markings, and excision status from the packet."
1994-04-20,,Telcon,Memorandum of Telephone Conversation - Prime Minister Jean Chretien of Canada,Bill Clinton,United States; Russia; Bosnia and Herzegovina,Crisis Security Files,Include candidate,Pending review,William J. Clinton Presidential Library; 101384,Secret; Secret,,https://clinton.presidentiallibraries.us/items/show/101384,https://clinton.presidentiallibraries.us/files/original/ea81be8195fb6b0d235c200226a74834.pdf,"Source: William J. Clinton Presidential Library, Clinton Digital Library, Declassified Documents, Telcons - Memoranda of Telephone Conversations, Release 2015-0782-M-1, Item 101384. Secret.",Verify Washington time and final chronological placement against the source image or PDF.
1994-04-23,,Release Packet,"Summary of Conclusions, NSC Principals Committee Meeting on Bosnia, 1:30 p.m.",Bill Clinton,United States; Bosnia and Herzegovina,Crisis Security Files,Context candidate,Pending review,"William J. Clinton Presidential Library, Clinton Digital Library; 2010-0533-M; 45-46",Secret; Secret,45-46,https://clinton.presidentiallibraries.us/items/show/36614,https://clinton.presidentiallibraries.us/files/original/dca58d1ec9f1ee6508cb03fc7ae5c98f.pdf,"Source: William J. Clinton Presidential Library, Clinton Digital Library, Clinton Presidential Records, Declassified Documents concerning Bosnia, Release 2010-0533-M, Item 36614. Secret.","Extract document-level items, actual dates, page spans, markings, and excision status from the packet."
1994-04-23,,Release Packet,"Summary of Conclusions, NSC Principals Committee Meeting on Bosnia, 5:00 p.m.",Bill Clinton,United States; Bosnia and Herzegovina,Crisis Security Files,Context candidate,Pending review,"William J. Clinton Presidential Library, Clinton Digital Library; 2010-0533-M; 44",Secret,44,https://clinton.presidentiallibraries.us/items/show/36614,https://clinton.presidentiallibraries.us/files/original/dca58d1ec9f1ee6508cb03fc7ae5c98f.pdf,"Source: William J. Clinton Presidential Library, Clinton Digital Library, Clinton Presidential Records, Declassified Documents concerning Bosnia, Release 2010-0533-M, Item 36614. Secret.","Extract document-level items, actual dates, page spans, markings, and excision status from the packet."
1994-05-02,,Release Packet,Memorandum From Acting S/S Talbott to President Clinton: Your Appearance on CNN Tomorrow,Bill Clinton; Strobe Talbott,United States; Bosnia and Herzegovina,Crisis Security Files,Context candidate,Pending review,"Department of State, FOIA Virtual Reading Room; C09000058 / F-2017-13804; 1-10",Unclassified; Unclassified; Nodis,1-10,https://foia.state.gov/search/results.aspx?searchText=C09000058,https://foia.state.gov/DOCUMENTS/FOIA_L_May2022/FL-2017-13804/DOC_0C09000058/C09000058.pdf,"Source: Department of State, FOIA Virtual Reading Room, Strobe Talbott FOIA case F-2017-13804, Document C09000058. Unclassified; Nodis.","Extract document-level items, actual dates, page spans, markings, and excision status from the packet."
1994-05-20,,Release Packet,Summary of Conclusions on Bosnia,Bill Clinton,United States; Bosnia and Herzegovina,Crisis Security Files,Context candidate,Pending review,"William J. Clinton Presidential Library, Clinton Digital Library; 2010-0533-M; 47-48",Secret,47-48,https://clinton.presidentiallibraries.us/items/show/36614,https://clinton.presidentiallibraries.us/files/original/dca58d1ec9f1ee6508cb03fc7ae5c98f.pdf,"Source: William J. Clinton Presidential Library, Clinton Digital Library, Clinton Presidential Records, Declassified Documents concerning Bosnia, Release 2010-0533-M, Item 36614. Secret.","Extract document-level items, actual dates, page spans, markings, and excision status from the packet."
1994-05-31,,Release Packet,"Summary of Conclusions, NSC Principals Committee Meeting on Bosnia",Bill Clinton,United States; Bosnia and Herzegovina,Crisis Security Files,Context candidate,Pending review,"William J. Clinton Presidential Library, Clinton Digital Library; 2010-0533-M; 49-50",Secret; Secret,49-50,https://clinton.presidentiallibraries.us/items/show/36614,https://clinton.presidentiallibraries.us/files/original/dca58d1ec9f1ee6508cb03fc7ae5c98f.pdf,"Source: William J. Clinton Presidential Library, Clinton Digital Library, Clinton Presidential Records, Declassified Documents concerning Bosnia, Release 2010-0533-M, Item 36614. Secret.","Extract document-level items, actual dates, page spans, markings, and excision status from the packet."
1994-06-21,,Memcon,Memorandum of Conversation - President Arpad Goncz of Hungary and President Michal Kovac of Slovakia,Bill Clinton,United States; Hungary,NATO Strategy and Enlargement,Include candidate,Pending review,William J. Clinton Presidential Library; 101379,Confidential; Confidential,,https://clinton.presidentiallibraries.us/items/show/101379,https://clinton.presidentiallibraries.us/files/original/7929c40c3476895912cb064cb38d65c5.pdf,"Source: William J. Clinton Presidential Library, Clinton Digital Library, Declassified Documents, Memcons - Memoranda of Conversation, Release 2015-0133-M, Item 101379. Confidential.",Verify Washington time and final chronological placement against the source image or PDF.
1994-07-04,,Telcon,Memorandum of Telephone Conversation - President Vaclav Havel of the Czech Republic,Bill Clinton; Vaclav Havel,United States; Czech Republic,NATO Strategy and Enlargement,Include candidate,Pending review,William J. Clinton Presidential Library; 101391,Confidential; Confidential,,https://clinton.presidentiallibraries.us/items/show/101391,,"Source: William J. Clinton Presidential Library, Clinton Digital Library, Declassified Documents, Telcons - Memoranda of Telephone Conversations, Release 2015-0773-M, Item 101391. Confidential.",Verify Washington time and final chronological placement against the source image or PDF.
1994-07-08,,Memcon,Memorandum of Conversation between President Clinton and Italian Prime Minister Berlusconi,Bill Clinton,United States; Russia; Italy,NATO-Russia and Partnership,Include candidate,Pending review,William J. Clinton Presidential Library; 118984,Confidential; Confidential,,https://clinton.presidentiallibraries.us/items/show/118984,https://clinton.presidentiallibraries.us/files/original/2d21f03fcf80b2ec322098163e628654.pdf,"Source: William J. Clinton Presidential Library, Clinton Digital Library, Declassified Documents, Memcons - Memoranda of Conversation, Release Declassified documents concerning Rwanda, Item 118984. Confidential.",Verify Washington time and final chronological placement against the source image or PDF.
1994-07-10,,Memcon,"Meeting with President Boris Yeltsin of Russia, July 10, 1994, Naples Italy",Bill Clinton; Boris Yeltsin,United States; Russia; Italy,NATO-Russia and Partnership,Context candidate,Pending review,"William J. Clinton Presidential Library, MDR Release 2015-0782-M-1; 2015-0782-M-1; 2015-0782-M-1; No released July 10, 1994 Naples memcon pages located in 2015-0782-M-1",,"No released July 10, 1994 Naples memcon pages located in 2015-0782-M-1",https://www.clintonlibrary.gov/research/archives/finding-aids/declassified-documents-concerning-russian-president-boris-yeltsin,https://www.clintonlibrary.gov/sites/default/files/finding_aids_a_z/2026-05/2015-0782-M-1.pdf,"Source: William J. Clinton Presidential Library, Meetings and Telephone Calls with Foreign Leaders, master chronology, Release packet 2015-0782-M-1.",Verify Washington time and final chronological placement against the source image or PDF.
1994-07-27,,Release Packet,"Summary of Conclusions, NSC Principals Committee Meeting on Bosnia",Bill Clinton,United States; Bosnia and Herzegovina; Serbia,Crisis Security Files,Context candidate,Pending review,"William J. Clinton Presidential Library, Clinton Digital Library; 2010-0533-M; 51-52",Secret,51-52,https://clinton.presidentiallibraries.us/items/show/36614,https://clinton.presidentiallibraries.us/files/original/dca58d1ec9f1ee6508cb03fc7ae5c98f.pdf,"Source: William J. Clinton Presidential Library, Clinton Digital Library, Clinton Presidential Records, Declassified Documents concerning Bosnia, Release 2010-0533-M, Item 36614. Secret.","Extract document-level items, actual dates, page spans, markings, and excision status from the packet."
1994-08-10,,Release Packet,"Summary of Conclusions, NSC Principals Committee Meeting on Bosnia",Bill Clinton,United States; Bosnia and Herzegovina,Crisis Security Files,Context candidate,Pending review,"William J. Clinton Presidential Library, Clinton Digital Library; 2010-0533-M; 53-54",Secret,53-54,https://clinton.presidentiallibraries.us/items/show/36614,https://clinton.presidentiallibraries.us/files/original/dca58d1ec9f1ee6508cb03fc7ae5c98f.pdf,"Source: William J. Clinton Presidential Library, Clinton Digital Library, Clinton Presidential Records, Declassified Documents concerning Bosnia, Release 2010-0533-M, Item 36614. Secret.","Extract document-level items, actual dates, page spans, markings, and excision status from the packet."
1994-08-17,,Release Packet,"Summary of Conclusions, NSC Principals Committee Meeting on Bosnia",Bill Clinton,United States; Bosnia and Herzegovina; Serbia,Crisis Security Files,Context candidate,Pending review,"William J. Clinton Presidential Library, Clinton Digital Library; 2010-0533-M; 55-57",Secret,55-57,https://clinton.presidentiallibraries.us/items/show/36614,https://clinton.presidentiallibraries.us/files/original/dca58d1ec9f1ee6508cb03fc7ae5c98f.pdf,"Source: William J. Clinton Presidential Library, Clinton Digital Library, Clinton Presidential Records, Declassified Documents concerning Bosnia, Release 2010-0533-M, Item 36614. Secret.","Extract document-level items, actual dates, page spans, markings, and excision status from the packet."
1994-09-13,,Release Packet,"Summary of Conclusions, NSC Principals Committee Meeting on Bosnia",Bill Clinton,United States; Bosnia and Herzegovina,Crisis Security Files,Context candidate,Pending review,"William J. Clinton Presidential Library, Clinton Digital Library; 2010-0533-M; 58-59",Secret,58-59,https://clinton.presidentiallibraries.us/items/show/36614,https://clinton.presidentiallibraries.us/files/original/dca58d1ec9f1ee6508cb03fc7ae5c98f.pdf,"Source: William J. Clinton Presidential Library, Clinton Digital Library, Clinton Presidential Records, Declassified Documents concerning Bosnia, Release 2010-0533-M, Item 36614. Secret.","Extract document-level items, actual dates, page spans, markings, and excision status from the packet."
1994-09-21,,Memcon,Memorandum of Conversation - Paris Mayor Jacques Chirac,Bill Clinton; Jacques Chirac,United States; Russia; France; Bosnia and Herzegovina,Crisis Security Files,Include candidate,Pending review,William J. Clinton Presidential Library; 118498,Confidential; Confidential,,https://clinton.presidentiallibraries.us/items/show/118498,https://clinton.presidentiallibraries.us/files/original/fea3568c2394a8193554764b958f908f.pdf,"Source: William J. Clinton Presidential Library, Clinton Digital Library, Declassified Documents, Memcons - Memoranda of Conversation, Release 2018-0554-M, Item 118498. Confidential.",Verify Washington time and final chronological placement against the source image or PDF.
1994-09-25,,Memcon,Memorandum of Conversation - President Clinton and President Alija Izetbegovic,Bill Clinton; Alija Izetbegovic,United States; Bosnia and Herzegovina,Crisis Security Files,Include candidate,Pending review,"William J. Clinton Presidential Library, Clinton Digital Library; 2011-0964-M; 18-25",Confidential; Confidential,18-25,https://clinton.presidentiallibraries.us/items/show/36589,https://clinton.presidentiallibraries.us/files/original/1e07f85597e7a0a171bbd0b1ad67cdf1.pdf,"Source: William J. Clinton Presidential Library, Clinton Digital Library, Clinton Presidential Records, Declassified Documents concerning Bosnia, Release 2011-0964-M, Item 36589. Confidential.",Verify Washington time and final chronological placement against the source image or PDF.
1994-09-27,,Telcon,Memorandum of Telephone Conversation - President Francois Mitterrand of France,Bill Clinton; Francois Mitterrand,United States; Russia; France; Bosnia and Herzegovina,Crisis Security Files,Include candidate,Pending review,William J. Clinton Presidential Library; 101399,Confidential; Confidential,,https://clinton.presidentiallibraries.us/items/show/101399,https://clinton.presidentiallibraries.us/files/original/d6c55e81db18d4034c9cee4ce7efbdee.pdf,"Source: William J. Clinton Presidential Library, Clinton Digital Library, Declassified Documents, Telcons - Memoranda of Telephone Conversations, Release 2015-0774-M, Item 101399. Confidential.",Verify Washington time and final chronological placement against the source image or PDF.
1994-09-28,,Memcon,Second Clinton/Yeltsin One-on-One,Bill Clinton; Boris Yeltsin,United States; Russia; Ukraine,NATO-Russia and Partnership,Context candidate,Pending review,"William J. Clinton Presidential Library, Clinton Digital Library, Item 101758, Declassified Documents; clinton-item-101758; Clinton Digital Library item 101758; 3-7,9",Confidential; Confidential,"3-7,9",https://clinton.presidentiallibraries.us/items/show/101758,https://clinton.presidentiallibraries.us/files/original/2509827ca57f98e07eec584b3d69250f.pdf,"Source: William J. Clinton Presidential Library, Clinton Digital Library item 101758, ""Declassified documents concerning telcon between the President and Boris Yeltsin on September 28, 1994,"" identifier 2018-1215-M; creators National Security Council, NSC European Affairs Office, and Alexander Vershbow; part of National Archives Catalog Description, NAID 7585499; Clinton Presidential Records: White House Staff and Office Files; Declassified Documents collection. Direct review shows the extracted pages are the complete ""Second Clinton/Yeltsin One-on-One"" meeting text. Confidential.",Verify Washington time and final chronological placement against the source image or PDF.
1994-10-18,,Release Packet,"Summary of Conclusions, NSC Principals Committee Meeting on Bosnia",Bill Clinton,United States; Bosnia and Herzegovina,Crisis Security Files,Context candidate,Pending review,"William J. Clinton Presidential Library, Clinton Digital Library; 2010-0533-M; 60-61",Secret,60-61,https://clinton.presidentiallibraries.us/items/show/36614,https://clinton.presidentiallibraries.us/files/original/dca58d1ec9f1ee6508cb03fc7ae5c98f.pdf,"Source: William J. Clinton Presidential Library, Clinton Digital Library, Clinton Presidential Records, Declassified Documents concerning Bosnia, Release 2010-0533-M, Item 36614. Secret.","Extract document-level items, actual dates, page spans, markings, and excision status from the packet."
1994-10-22,,Memcon,Memorandum of Conversation - President Lech Walesa of Poland,Bill Clinton; Lech Walesa,United States; Poland,NATO Strategy and Enlargement,Include candidate,Pending review,William J. Clinton Presidential Library; 101397,Confidential; Confidential,,https://clinton.presidentiallibraries.us/items/show/101397,https://clinton.presidentiallibraries.us/files/original/711e8eeee0ec391e78261641286a753b.pdf,"Source: William J. Clinton Presidential Library, Clinton Digital Library, Declassified Documents, Memcons - Memoranda of Conversation, Release LP-WJC/DOS-16-1, Item 101397. Confidential.",Verify Washington time and final chronological placement against the source image or PDF.
1994-10-22,,Memcon,Memorandum of Conversation - Prime Minister Waldemar Pawlak of Poland,Bill Clinton,United States; Poland,NATO Strategy and Enlargement,Include candidate,Pending review,William J. Clinton Presidential Library; 101398,Confidential; Confidential,,https://clinton.presidentiallibraries.us/items/show/101398,https://clinton.presidentiallibraries.us/files/original/ea89febed2cedbffdbdd847cd14dcb2b.pdf,"Source: William J. Clinton Presidential Library, Clinton Digital Library, Declassified Documents, Memcons - Memoranda of Conversation, Release LP-WJC/DOS-16-1, Item 101398. Confidential.",Verify Washington time and final chronological placement against the source image or PDF.
1994-11-07,,Release Packet,Summary of Conclusions on Bosnia,Bill Clinton,United States; Bosnia and Herzegovina,Crisis Security Files,Context candidate,Pending review,"William J. Clinton Presidential Library, Clinton Digital Library; 2010-0533-M; 62-64",Secret,62-64,https://clinton.presidentiallibraries.us/items/show/36614,https://clinton.presidentiallibraries.us/files/original/dca58d1ec9f1ee6508cb03fc7ae5c98f.pdf,"Source: William J. Clinton Presidential Library, Clinton Digital Library, Clinton Presidential Records, Declassified Documents concerning Bosnia, Release 2010-0533-M, Item 36614. Secret.","Extract document-level items, actual dates, page spans, markings, and excision status from the packet."
1994-11-17,,Release Packet,"Summary of Conclusions, NSC Principals Committee Meeting on Bosnia",Bill Clinton,United States; Bosnia and Herzegovina,Crisis Security Files,Context candidate,Pending review,"William J. Clinton Presidential Library, Clinton Digital Library; 2010-0533-M; 65-66",Secret,65-66,https://clinton.presidentiallibraries.us/items/show/36614,https://clinton.presidentiallibraries.us/files/original/dca58d1ec9f1ee6508cb03fc7ae5c98f.pdf,"Source: William J. Clinton Presidential Library, Clinton Digital Library, Clinton Presidential Records, Declassified Documents concerning Bosnia, Release 2010-0533-M, Item 36614. Secret.","Extract document-level items, actual dates, page spans, markings, and excision status from the packet."
1994-11-23,,Telcon,Memorandum of Telephone Conversation - President Francois Mitterrand of France,Bill Clinton; Francois Mitterrand,United States; France; Bosnia and Herzegovina; Croatia,Crisis Security Files,Include candidate,Pending review,William J. Clinton Presidential Library; 101400,Confidential; Confidential,,https://clinton.presidentiallibraries.us/items/show/101400,https://clinton.presidentiallibraries.us/files/original/f73c20558bec1e770064d699603c9048.pdf,"Source: William J. Clinton Presidential Library, Clinton Digital Library, Declassified Documents, Telcons - Memoranda of Telephone Conversations, Release 2015-0774-M, Item 101400. Confidential.",Verify Washington time and final chronological placement against the source image or PDF.
1994-11-24,,Telcon,Memorandum of Telephone Conversation - President Francois Mitterrand of France,Bill Clinton; Francois Mitterrand,United States; France; Bosnia and Herzegovina,Crisis Security Files,Include candidate,Pending review,William J. Clinton Presidential Library; 101401,Confidential; Confidential,,https://clinton.presidentiallibraries.us/items/show/101401,https://clinton.presidentiallibraries.us/files/original/99c05f9dea9e28dbf4866809790da0f2.pdf,"Source: William J. Clinton Presidential Library, Clinton Digital Library, Declassified Documents, Telcons - Memoranda of Telephone Conversations, Release 2015-0774-M, Item 101401. Confidential.",Verify Washington time and final chronological placement against the source image or PDF.
1994-11-28,,Release Packet,"Summary of Conclusions, NSC Principals Committee Meeting on Bosnia",Bill Clinton,United States; Bosnia and Herzegovina,Crisis Security Files,Context candidate,Pending review,"William J. Clinton Presidential Library, Clinton Digital Library; 2010-0533-M; 67-70",Secret,67-70,https://clinton.presidentiallibraries.us/items/show/36614,https://clinton.presidentiallibraries.us/files/original/dca58d1ec9f1ee6508cb03fc7ae5c98f.pdf,"Source: William J. Clinton Presidential Library, Clinton Digital Library, Clinton Presidential Records, Declassified Documents concerning Bosnia, Release 2010-0533-M, Item 36614. Secret.","Extract document-level items, actual dates, page spans, markings, and excision status from the packet."
1994-12-05,,Memcon,Memorandum of Conversation - President Arpad Goncz of Hungary and President Michal Kovac of Slovakia,Bill Clinton,United States; Hungary,NATO Strategy and Enlargement,Include candidate,Pending review,William J. Clinton Presidential Library; 101380,Confidential; Confidential,,https://clinton.presidentiallibraries.us/items/show/101380,https://clinton.presidentiallibraries.us/files/original/3d7fbd346acab3f002b7fd77406f7e2a.pdf,"Source: William J. Clinton Presidential Library, Clinton Digital Library, Declassified Documents, Memcons - Memoranda of Conversation, Release 2015-0133-M, Item 101380. Confidential.",Verify Washington time and final chronological placement against the source image or PDF.
1994-12-05,,Memcon,Memorandum of Conversation - Presidents Izetbegovic and Tudjman,Bill Clinton; Alija Izetbegovic; Franjo Tudjman,United States; Bosnia and Herzegovina; Croatia,Crisis Security Files,Include candidate,Pending review,"William J. Clinton Presidential Library, Clinton Digital Library; 2011-0964-M; 27-29",Confidential,27-29,https://clinton.presidentiallibraries.us/items/show/36589,https://clinton.presidentiallibraries.us/files/original/1e07f85597e7a0a171bbd0b1ad67cdf1.pdf,"Source: William J. Clinton Presidential Library, Clinton Digital Library, Clinton Presidential Records, Declassified Documents concerning Bosnia, Release 2011-0964-M, Item 36589. Confidential.",Verify Washington time and final chronological placement against the source image or PDF.
1994-12-05,,Context,"Presidential Daily Diary reference: CSCE Budapest Summit and meetings with Yeltsin, Kohl, Croatian and Bosnian officials",Bill Clinton; Boris Yeltsin; Helmut Kohl,United States; Russia; Germany; Bosnia and Herzegovina; Croatia; Hungary,Crisis Security Files,Context candidate,Released with excisions,"National Archives and Records Administration, National Archives Catalog; LPWJC 2013-0549-F; 147870813; pages 42-44",Unclassified diary record,pages 42-44,https://catalog.archives.gov/id/147870813,https://s3.amazonaws.com/NARAprodstorage/lz/presidential-libraries/clinton/foia/2013/2013-0549-F/42-t-101784486-20130549F-004-012-2018.pdf,"Source: National Archives and Records Administration, National Archives Catalog, Clinton Presidential Records, Presidential Daily Diary, Ellen McCathran Files, Release LPWJC 2013-0549-F, [12/01/1994-12/15/1994], NAID 147870813, Unclassified diary record.","Use as a chronology lead; chase the substantive memcon, telcon, briefing book, trip file, or summit file before selection."
1994-12-12,,Release Packet,Letter From Strobe Talbott to Yuri,Bill Clinton; Strobe Talbott,United States; Russia; Bosnia and Herzegovina,Crisis Security Files,Context candidate,Pending review,"Department of State, FOIA Virtual Reading Room; C09000052 (May 2022 release) / F-2017-13804; 1-7",Unclassified; Unclassified,1-7,https://foia.state.gov/search/results.aspx?searchText=C09000052,https://foia.state.gov/DOCUMENTS/FOIA_L_May2022/FL-2017-13804/DOC_0C09000052/C09000052.pdf,"Source: Department of State, FOIA Virtual Reading Room, Strobe Talbott FOIA case F-2017-13804, Document C09000052 (May 2022 release). Unclassified.","Extract document-level items, actual dates, page spans, markings, and excision status from the packet."
1994-12-12,,Release Packet,"Summary of Conclusions, NSC Principals Committee Meeting on Bosnia",Bill Clinton,United States; Bosnia and Herzegovina,Crisis Security Files,Context candidate,Pending review,"William J. Clinton Presidential Library, Clinton Digital Library; 2010-0533-M; 71-73",Secret; Secret,71-73,https://clinton.presidentiallibraries.us/items/show/36614,https://clinton.presidentiallibraries.us/files/original/dca58d1ec9f1ee6508cb03fc7ae5c98f.pdf,"Source: William J. Clinton Presidential Library, Clinton Digital Library, Clinton Presidential Records, Declassified Documents concerning Bosnia, Release 2010-0533-M, Item 36614. Secret.","Extract document-level items, actual dates, page spans, markings, and excision status from the packet."
1994-12-19,,Release Packet,"Summary of Conclusions, NSC Deputies Committee Meeting on Bosnia",Bill Clinton,United States; Bosnia and Herzegovina,Crisis Security Files,Context candidate,Pending review,"William J. Clinton Presidential Library, Clinton Digital Library; 2010-0533-M; 74-76",Secret; Secret,74-76,https://clinton.presidentiallibraries.us/items/show/36614,https://clinton.presidentiallibraries.us/files/original/dca58d1ec9f1ee6508cb03fc7ae5c98f.pdf,"Source: William J. Clinton Presidential Library, Clinton Digital Library, Clinton Presidential Records, Declassified Documents concerning Bosnia, Release 2010-0533-M, Item 36614. Secret.","Extract document-level items, actual dates, page spans, markings, and excision status from the packet."
1995-01-14,,Release Packet,Demarche to Milosevic on Croatia and UNPROFOR,Bill Clinton,United States; Serbia; Croatia,Crisis Security Files,Context candidate,Pending review,"William J. Clinton Presidential Library, Clinton Digital Library; 2014-0311-M; 6-7",Confidential,6-7,https://clinton.presidentiallibraries.us/items/show/57229,https://clinton.presidentiallibraries.us/files/original/8ca82ec60f1a687eac595b0564ff674c.pdf,"Source: William J. Clinton Presidential Library, Clinton Digital Library, Clinton Presidential Records, Declassified Documents Concerning Croatia, Release 2014-0311-M, Item 57229. Confidential.","Extract document-level items, actual dates, page spans, markings, and excision status from the packet."
1995-01-17,,Release Packet,January 16 Meeting with Milosevic,Bill Clinton,United States; Bosnia and Herzegovina; Serbia; Croatia,Crisis Security Files,Context candidate,Pending review,"William J. Clinton Presidential Library, Clinton Digital Library; 2014-0311-M; 8-11",Sensitive,8-11,https://clinton.presidentiallibraries.us/items/show/57229,https://clinton.presidentiallibraries.us/files/original/8ca82ec60f1a687eac595b0564ff674c.pdf,"Source: William J. Clinton Presidential Library, Clinton Digital Library, Clinton Presidential Records, Declassified Documents Concerning Croatia, Release 2014-0311-M, Item 57229. Sensitive.","Extract document-level items, actual dates, page spans, markings, and excision status from the packet."
1995-01-20,,Release Packet,Croatia Strategy,Bill Clinton,United States; Croatia,Crisis Security Files,Context candidate,Pending review,"William J. Clinton Presidential Library, Clinton Digital Library; 2014-0311-M; 2-5",Secret,2-5,https://clinton.presidentiallibraries.us/items/show/57229,https://clinton.presidentiallibraries.us/files/original/8ca82ec60f1a687eac595b0564ff674c.pdf,"Source: William J. Clinton Presidential Library, Clinton Digital Library, Clinton Presidential Records, Declassified Documents Concerning Croatia, Release 2014-0311-M, Item 57229. Secret.","Extract document-level items, actual dates, page spans, markings, and excision status from the packet."
1995-01-20,,Release Packet,"Summary of Conclusions, NSC Principals Committee Meeting on Former Yugoslavia",Bill Clinton,United States; Bosnia and Herzegovina; Croatia,Crisis Security Files,Context candidate,Pending review,"William J. Clinton Presidential Library, Clinton Digital Library; 2010-0533-M; 77-79",Secret,77-79,https://clinton.presidentiallibraries.us/items/show/36614,https://clinton.presidentiallibraries.us/files/original/dca58d1ec9f1ee6508cb03fc7ae5c98f.pdf,"Source: William J. Clinton Presidential Library, Clinton Digital Library, Clinton Presidential Records, Declassified Documents concerning Bosnia, Release 2010-0533-M, Item 36614. Secret.","Extract document-level items, actual dates, page spans, markings, and excision status from the packet."
1995-02-23,,Release Packet,Memorandum From Acting Secretary Talbott to Secretary Brown: Your Visit to Spain,Bill Clinton; Strobe Talbott,United States; Bosnia and Herzegovina; Croatia,Crisis Security Files,Context candidate,Pending review,"Department of State, FOIA Virtual Reading Room; C09000085 / F-2017-13804; 1-6",Confidential; Confidential,1-6,https://foia.state.gov/search/results.aspx?searchText=C09000085,https://foia.state.gov/DOCUMENTS/FOIA_L_Apr2023/FL-2017-13804/DOC_0C09000085/C09000085.pdf,"Source: Department of State, FOIA Virtual Reading Room, Strobe Talbott FOIA case F-2017-13804, Document C09000085. Confidential.","Extract document-level items, actual dates, page spans, markings, and excision status from the packet."
1995-03-07,,Memcon,Memorandum of Conversation - NATO Secretary General Willy Claes,Bill Clinton,United States; Russia,Crisis Security Files,Include candidate,Pending review,"William J. Clinton Presidential Library, Clinton Digital Library; 2015-0755-M; 1-6",Secret; Secret,1-6,https://clinton.presidentiallibraries.us/items/show/101431,https://clinton.presidentiallibraries.us/files/original/d0ded4f90ac23c43251c708836610931.pdf,"Source: William J. Clinton Presidential Library, Clinton Digital Library, Clinton Presidential Records, Memcons - Memoranda of Conversation, Release 2015-0755-M, Item 101431. Secret.",Verify Washington time and final chronological placement against the source image or PDF.
1995-03-07,,Context,Presidential Daily Diary reference: meeting with U.S. and NATO officials,Bill Clinton; Willy Claes; Robert Hunter; Sandy Vershbow,United States,NATO Strategy and Enlargement,Context candidate,Released with excisions,"National Archives and Records Administration, National Archives Catalog; LPWJC 2010-0083-F; 17368179; pages 65 and 70",Unclassified diary record,pages 65 and 70,https://catalog.archives.gov/id/17368179,https://s3.amazonaws.com/NARAprodstorage/opastorage/live/79/3681/17368179/content/presidential-libraries/clinton/foia/2010-0083-F/2010-0083-F-PDF/Box_001/42-t-7262157-20100083F-001-010-2015.pdf,"Source: National Archives and Records Administration, National Archives Catalog, Clinton Presidential Records, Presidential Daily Diary, Ellen McCathran Files, Release LPWJC 2010-0083-F, [Ellen McCathran - Presidential Daily Diary - Hardcopy 1/9/95; 1/22/95; 1/26/95; 2/4/95; 2/8/95; 3/13/95; 3/13/95], NAID 17368179, Unclassified diary record.","Use as a chronology lead; chase the substantive memcon, telcon, briefing book, trip file, or summit file before selection."
1995-04-04,,Memcon,Memorandum of Conversation - Prime Minister John Major of the United Kingdom,Bill Clinton; John Major,United States; United Kingdom; Bosnia and Herzegovina,Crisis Security Files,Include candidate,Pending review,"William J. Clinton Presidential Library, Clinton Digital Library; 2012-0801-M; 1-15",Confidential; Confidential,1-15,https://clinton.presidentiallibraries.us/items/show/101436,https://clinton.presidentiallibraries.us/files/original/1a435ca8beac29930ce93b4f4c697757.pdf,"Source: William J. Clinton Presidential Library, Clinton Digital Library, Clinton Presidential Records, Memcons - Memoranda of Conversation, Release 2012-0801-M, Item 101436. Confidential.",Verify Washington time and final chronological placement against the source image or PDF.
1995-04-11,,Release Packet,Remarks by Deputy Secretary Talbott: U.S.-Turkish Leadership in the Post-Cold War World,Bill Clinton; Strobe Talbott,United States; Bosnia and Herzegovina; Serbia; Kosovo,Crisis Security Files,Context candidate,Pending review,"Department of State, FOIA Virtual Reading Room; C09000078 / F-2017-13804; 1-16",Unclassified; Unclassified,1-16,https://foia.state.gov/search/results.aspx?searchText=C09000078,https://foia.state.gov/DOCUMENTS/FOIA_L_Sep2023/FL-2017-13804/DOC_0C09000078/C09000078.pdf,"Source: Department of State, FOIA Virtual Reading Room, Strobe Talbott FOIA case F-2017-13804, Document C09000078. Unclassified.","Extract document-level items, actual dates, page spans, markings, and excision status from the packet."
1995-05-09,,Release Packet,"Summary of Conclusions, NSC Deputies Committee Meeting on Bosnia",Bill Clinton,United States; Bosnia and Herzegovina; Serbia; Croatia,Crisis Security Files,Context candidate,Pending review,"William J. Clinton Presidential Library, Clinton Digital Library; 2010-0533-M; 80-82",Secret; Secret,80-82,https://clinton.presidentiallibraries.us/items/show/36614,https://clinton.presidentiallibraries.us/files/original/dca58d1ec9f1ee6508cb03fc7ae5c98f.pdf,"Source: William J. Clinton Presidential Library, Clinton Digital Library, Clinton Presidential Records, Declassified Documents concerning Bosnia, Release 2010-0533-M, Item 36614. Secret.","Extract document-level items, actual dates, page spans, markings, and excision status from the packet."
1995-05-10,,Context,Presidential Daily Diary reference: Moscow meetings and luncheon with Yeltsin,Bill Clinton; Boris Yeltsin; Strobe Talbott; Anthony Lake,United States; Russia,NATO-Russia and Partnership,Context candidate,Released with excisions,"National Archives and Records Administration, National Archives Catalog; LPWJC 2013-0549-F; 147870833; pages 67-73",Unclassified diary record,pages 67-73,https://catalog.archives.gov/id/147870833,https://s3.amazonaws.com/NARAprodstorage/lz/presidential-libraries/clinton/foia/2013/2013-0549-F/42-t-101784486-20130549F-006-003-2018.pdf,"Source: National Archives and Records Administration, National Archives Catalog, Clinton Presidential Records, Presidential Daily Diary, Ellen McCathran Files, Release LPWJC 2013-0549-F, [05/01/1995-05/14/1995], NAID 147870833, Unclassified diary record.","Use as a chronology lead; chase the substantive memcon, telcon, briefing book, trip file, or summit file before selection."
1995-05-23,,Release Packet,"Summary of Conclusions, NSC Principals Committee Meeting on Bosnia",Bill Clinton,United States; Bosnia and Herzegovina; Serbia,Crisis Security Files,Context candidate,Pending review,"William J. Clinton Presidential Library, Clinton Digital Library; 2010-0533-M; 83-84",Secret,83-84,https://clinton.presidentiallibraries.us/items/show/36614,https://clinton.presidentiallibraries.us/files/original/dca58d1ec9f1ee6508cb03fc7ae5c98f.pdf,"Source: William J. Clinton Presidential Library, Clinton Digital Library, Clinton Presidential Records, Declassified Documents concerning Bosnia, Release 2010-0533-M, Item 36614. Secret.","Extract document-level items, actual dates, page spans, markings, and excision status from the packet."
1995-05-27,,Telcon,Memorandum of Telephone Conversation - President Jacques Chirac of France,Bill Clinton; Jacques Chirac,United States; Russia; France; Bosnia and Herzegovina; Serbia,Crisis Security Files,Include candidate,Pending review,"William J. Clinton Presidential Library, Clinton Digital Library; 2017-0775-M; 1-4",Confidential; Confidential,1-4,https://clinton.presidentiallibraries.us/items/show/118528,https://clinton.presidentiallibraries.us/files/original/81dee7e4a731a49f1609b7bde7c782b8.pdf,"Source: William J. Clinton Presidential Library, Clinton Digital Library, Clinton Presidential Records, Telcons - Memoranda of Telephone Conversation, Release 2017-0775-M, Item 118528. Confidential.",Verify Washington time and final chronological placement against the source image or PDF.
1995-06-06,,Memcon,Memorandum of Conversation - Prime Minister Gyula Horn of Hungary,Bill Clinton,United States; Hungary,NATO Strategy and Enlargement,Include candidate,Pending review,William J. Clinton Presidential Library; 101418,Confidential; Confidential,,https://clinton.presidentiallibraries.us/items/show/101418,https://clinton.presidentiallibraries.us/files/original/a33276808a3f81e7a2fbf61a6b1cf017.pdf,"Source: William J. Clinton Presidential Library, Clinton Digital Library, Declassified Documents, Memcons - Memoranda of Conversation, Release 2015-0779-M, Item 101418. Confidential.",Verify Washington time and final chronological placement against the source image or PDF.
1995-06-07,,Release Packet,Official-Informal Message From Talbott to Mamedov,Bill Clinton; Strobe Talbott,United States; Russia; Bosnia and Herzegovina; Serbia,Crisis Security Files,Context candidate,Pending review,"Department of State, FOIA Virtual Reading Room; C09000098 / F-2017-13804; 1-6",Secret; Secret,1-6,https://foia.state.gov/search/results.aspx?searchText=C09000098,https://foia.state.gov/DOCUMENTS/FOIA_L_Apr2023/FL-2017-13804/DOC_0C09000098/C09000098.pdf,"Source: Department of State, FOIA Virtual Reading Room, Strobe Talbott FOIA case F-2017-13804, Document C09000098. Secret.","Extract document-level items, actual dates, page spans, markings, and excision status from the packet."
1995-06-13,,Release Packet,Letter From Yuri Mamedov to Strobe Talbott,Bill Clinton; Strobe Talbott,United States; Russia,Crisis Security Files,Context candidate,Pending review,"Department of State, FOIA Virtual Reading Room; C09000087 / F-2017-13804; 1-3",Unclassified; Unclassified,1-3,https://foia.state.gov/search/results.aspx?searchText=C09000087,https://foia.state.gov/DOCUMENTS/FOIA_L_Apr2023/FL-2017-13804/DOC_0C09000087/C09000087.pdf,"Source: Department of State, FOIA Virtual Reading Room, Strobe Talbott FOIA case F-2017-13804, Document C09000087. Unclassified.","Extract document-level items, actual dates, page spans, markings, and excision status from the packet."
1995-06-14,,Memcon,Memorandum of Conversation - President Jacques Chirac of France,Bill Clinton; Jacques Chirac,United States; France; Bosnia and Herzegovina; Serbia,Crisis Security Files,Include candidate,Pending review,"William J. Clinton Presidential Library, Clinton Digital Library; 2013-0517-M; 1-10",Confidential; Confidential,1-10,https://clinton.presidentiallibraries.us/items/show/101402,https://clinton.presidentiallibraries.us/files/original/9554ae2a65c3b9422bbbb0b3c8d0db66.pdf,"Source: William J. Clinton Presidential Library, Clinton Digital Library, Clinton Presidential Records, Memcons - Memoranda of Conversation, Release 2013-0517-M, Item 101402. Confidential.",Verify Washington time and final chronological placement against the source image or PDF.
1995-06-16,,Memcon,Memorandum of Conversation - Prime Minister John Major of the United Kingdom,Bill Clinton; John Major,United States; United Kingdom; Bosnia and Herzegovina,Crisis Security Files,Include candidate,Pending review,"William J. Clinton Presidential Library, Clinton Digital Library; 2012-0801-M; 1-3",Confidential; Confidential,1-3,https://clinton.presidentiallibraries.us/items/show/101439,https://clinton.presidentiallibraries.us/files/original/b50fb932aee0c34e21229c106451da34.pdf,"Source: William J. Clinton Presidential Library, Clinton Digital Library, Clinton Presidential Records, Memcons - Memoranda of Conversation, Release 2012-0801-M, Item 101439. Confidential.",Verify Washington time and final chronological placement against the source image or PDF.
1995-07-13,,Telcon,Memorandum of Telephone Conversation - Chancellor Helmut Kohl of Germany,Bill Clinton; Helmut Kohl,United States; France; Germany; Bosnia and Herzegovina,Crisis Security Files,Include candidate,Pending review,"William J. Clinton Presidential Library, Clinton Digital Library; 2013-0517-M; 35-37",Confidential; Confidential,35-37,https://clinton.presidentiallibraries.us/items/show/101088,https://clinton.presidentiallibraries.us/files/original/9a9ec5fd06f06d2069a286cf7c02fc03.pdf,"Source: William J. Clinton Presidential Library, Clinton Digital Library, Clinton Presidential Records, Declassified documents concerning Bosnia, Release 2013-0517-M, Item 101088. Confidential.",Verify Washington time and final chronological placement against the source image or PDF.
1995-07-13,,Telcon,Memorandum of Telephone Conversation - President Jacques Chirac of France,Bill Clinton; Jacques Chirac,United States; France; Bosnia and Herzegovina,Crisis Security Files,Include candidate,Pending review,"William J. Clinton Presidential Library, Clinton Digital Library; 2013-0517-M; 51-55",Confidential,51-55,https://clinton.presidentiallibraries.us/items/show/101088,https://clinton.presidentiallibraries.us/files/original/9a9ec5fd06f06d2069a286cf7c02fc03.pdf,"Source: William J. Clinton Presidential Library, Clinton Digital Library, Clinton Presidential Records, Declassified documents concerning Bosnia, Release 2013-0517-M, Item 101088. Confidential.",Verify Washington time and final chronological placement against the source image or PDF.
1995-07-17,,Release Packet,Options Paper for Breakfast,Bill Clinton,United States; Bosnia and Herzegovina,Crisis Security Files,Context candidate,Pending review,"William J. Clinton Presidential Library, Clinton Digital Library; 2013-0517-M; 6-9",Secret,6-9,https://clinton.presidentiallibraries.us/items/show/101088,https://clinton.presidentiallibraries.us/files/original/9a9ec5fd06f06d2069a286cf7c02fc03.pdf,"Source: William J. Clinton Presidential Library, Clinton Digital Library, Clinton Presidential Records, Declassified documents concerning Bosnia, Release 2013-0517-M, Item 101088. Secret.","Extract document-level items, actual dates, page spans, markings, and excision status from the packet."
1995-07-19,,Telcon,Memorandum of Telephone Conversation - President Jacques Chirac of France,Bill Clinton; Jacques Chirac,United States; France; Bosnia and Herzegovina,Crisis Security Files,Include candidate,Pending review,"William J. Clinton Presidential Library, Clinton Digital Library; 2013-0517-M; 66-71",Confidential,66-71,https://clinton.presidentiallibraries.us/items/show/101088,https://clinton.presidentiallibraries.us/files/original/9a9ec5fd06f06d2069a286cf7c02fc03.pdf,"Source: William J. Clinton Presidential Library, Clinton Digital Library, Clinton Presidential Records, Declassified documents concerning Bosnia, Release 2013-0517-M, Item 101088. Confidential.",Verify Washington time and final chronological placement against the source image or PDF.
1995-07-19,,Telcon,Memorandum of Telephone Conversation - Prime Minister John Major of the United Kingdom,Bill Clinton; John Major,United States; France; United Kingdom; Bosnia and Herzegovina,Crisis Security Files,Include candidate,Pending review,"William J. Clinton Presidential Library, Clinton Digital Library; 2013-0517-M; 76-83",Secret,76-83,https://clinton.presidentiallibraries.us/items/show/101088,https://clinton.presidentiallibraries.us/files/original/9a9ec5fd06f06d2069a286cf7c02fc03.pdf,"Source: William J. Clinton Presidential Library, Clinton Digital Library, Clinton Presidential Records, Declassified documents concerning Bosnia, Release 2013-0517-M, Item 101088. Secret.",Verify Washington time and final chronological placement against the source image or PDF.
1995-07-19,,Telcon,Memorandum of Telephone Conversation - Secretary Christopher and Foreign Minister de Charette,Bill Clinton,United States; France; Bosnia and Herzegovina,Crisis Security Files,Include candidate,Pending review,"William J. Clinton Presidential Library, Clinton Digital Library; 2013-0517-M; 2-4",Secret,2-4,https://clinton.presidentiallibraries.us/items/show/101088,https://clinton.presidentiallibraries.us/files/original/9a9ec5fd06f06d2069a286cf7c02fc03.pdf,"Source: William J. Clinton Presidential Library, Clinton Digital Library, Clinton Presidential Records, Declassified documents concerning Bosnia, Release 2013-0517-M, Item 101088. Secret.",Verify Washington time and final chronological placement against the source image or PDF.
1995-07-20,,Telcon,Memorandum of Telephone Conversation - President Clinton and President Alija Izetbegovic,Bill Clinton; Alija Izetbegovic,United States; Bosnia and Herzegovina,Crisis Security Files,Include candidate,Pending review,"William J. Clinton Presidential Library, Clinton Digital Library; 2011-0964-M; 32-34",Confidential; Confidential,32-34,https://clinton.presidentiallibraries.us/items/show/36589,https://clinton.presidentiallibraries.us/files/original/1e07f85597e7a0a171bbd0b1ad67cdf1.pdf,"Source: William J. Clinton Presidential Library, Clinton Digital Library, Clinton Presidential Records, Declassified Documents concerning Bosnia, Release 2011-0964-M, Item 36589. Confidential.",Verify Washington time and final chronological placement against the source image or PDF.
1995-07-20,,Telcon,Memorandum of Telephone Conversation - President Jacques Chirac of France,Bill Clinton; Jacques Chirac,United States; France; Bosnia and Herzegovina,Crisis Security Files,Include candidate,Pending review,"William J. Clinton Presidential Library, Clinton Digital Library; 2013-0517-M; 93-95",Confidential,93-95,https://clinton.presidentiallibraries.us/items/show/101088,https://clinton.presidentiallibraries.us/files/original/9a9ec5fd06f06d2069a286cf7c02fc03.pdf,"Source: William J. Clinton Presidential Library, Clinton Digital Library, Clinton Presidential Records, Declassified documents concerning Bosnia, Release 2013-0517-M, Item 101088. Confidential.",Verify Washington time and final chronological placement against the source image or PDF.
1995-07-22,,Release Packet,Memorandum From Anthony Lake to President Clinton: Your Meeting with Christopher and Shalikashvili on the London Meeting on Bosnia,Bill Clinton,United States; Bosnia and Herzegovina,Crisis Security Files,Context candidate,Pending review,"William J. Clinton Presidential Library, Clinton Digital Library; 2013-0517-M; 103-106",Confidential; Confidential,103-106,https://clinton.presidentiallibraries.us/items/show/101088,https://clinton.presidentiallibraries.us/files/original/9a9ec5fd06f06d2069a286cf7c02fc03.pdf,"Source: William J. Clinton Presidential Library, Clinton Digital Library, Clinton Presidential Records, Declassified documents concerning Bosnia, Release 2013-0517-M, Item 101088. Confidential.","Extract document-level items, actual dates, page spans, markings, and excision status from the packet."
1995-07-24,,Telcon,Memorandum of Telephone Conversation - President Jacques Chirac of France,Bill Clinton; Jacques Chirac,United States; France; Bosnia and Herzegovina,Crisis Security Files,Include candidate,Pending review,William J. Clinton Presidential Library; 118529,Confidential; Confidential,,https://clinton.presidentiallibraries.us/items/show/118529,https://clinton.presidentiallibraries.us/files/original/8c1594df3181403f8ae652dad9856ddf.pdf,"Source: William J. Clinton Presidential Library, Clinton Digital Library, Declassified Documents, Telcons - Memoranda of Telephone Conversations, Release 2017-0775-M, Item 118529. Confidential.",Verify Washington time and final chronological placement against the source image or PDF.
1995-07-28,,Context,Presidential Daily Diary reference: conference call with Boris Yeltsin,Bill Clinton; Boris Yeltsin,United States; Russia,Crisis Security Files,Context candidate,Released with excisions,"National Archives and Records Administration, National Archives Catalog; LPWJC 2013-0549-F; 147870839; page 50",Unclassified diary record,page 50,https://catalog.archives.gov/id/147870839,https://s3.amazonaws.com/NARAprodstorage/lz/presidential-libraries/clinton/foia/2013/2013-0549-F/42-t-101784486-20130549F-006-006-2018.pdf,"Source: National Archives and Records Administration, National Archives Catalog, Clinton Presidential Records, Presidential Daily Diary, Ellen McCathran Files, Release LPWJC 2013-0549-F, [07/01/1995-07/31/1995], NAID 147870839, Unclassified diary record.","Use as a chronology lead; chase the substantive memcon, telcon, briefing book, trip file, or summit file before selection."
1995-08-01,,Release Packet,Summary of Conclusions on Bosnia,Bill Clinton,United States; Bosnia and Herzegovina; Serbia,Crisis Security Files,Context candidate,Pending review,"William J. Clinton Presidential Library, Clinton Digital Library; 2010-0533-M; 85-86",Secret,85-86,https://clinton.presidentiallibraries.us/items/show/36614,https://clinton.presidentiallibraries.us/files/original/dca58d1ec9f1ee6508cb03fc7ae5c98f.pdf,"Source: William J. Clinton Presidential Library, Clinton Digital Library, Clinton Presidential Records, Declassified Documents concerning Bosnia, Release 2010-0533-M, Item 36614. Secret.","Extract document-level items, actual dates, page spans, markings, and excision status from the packet."
1995-08-03,,Release Packet,Memorandum From Ambassador Albright to the National Security Advisor on Bosnia Endgame Strategy,Bill Clinton,United States; Bosnia and Herzegovina,Crisis Security Files,Context candidate,Pending review,"William J. Clinton Presidential Library, Clinton Digital Library; 2012-0799-M; 2-8",Secret; Secret,2-8,https://clinton.presidentiallibraries.us/items/show/36591,https://clinton.presidentiallibraries.us/files/original/eb29cdb4aad08354ef620554cda41298.pdf,"Source: William J. Clinton Presidential Library, Clinton Digital Library, Clinton Presidential Records, Declassified Documents concerning Bosnia, Release 2012-0799-M, Item 36591. Secret.","Extract document-level items, actual dates, page spans, markings, and excision status from the packet."
1995-08-04,,Release Packet,Endgame Strategy: A Sustainable Defense of a Viable Bosnia after UNPROFOR Withdrawal,Bill Clinton,United States; Bosnia and Herzegovina,Crisis Security Files,Context candidate,Pending review,"William J. Clinton Presidential Library, Clinton Digital Library; 2012-0799-M; 15-20",Secret; Secret,15-20,https://clinton.presidentiallibraries.us/items/show/36591,https://clinton.presidentiallibraries.us/files/original/eb29cdb4aad08354ef620554cda41298.pdf,"Source: William J. Clinton Presidential Library, Clinton Digital Library, Clinton Presidential Records, Declassified Documents concerning Bosnia, Release 2012-0799-M, Item 36591. Secret.","Extract document-level items, actual dates, page spans, markings, and excision status from the packet."
1995-08-04,,Release Packet,Strategy for the Balkan Conflict,Bill Clinton,United States; Bosnia and Herzegovina,Crisis Security Files,Context candidate,Pending review,"William J. Clinton Presidential Library, Clinton Digital Library; 2012-0799-M; 9-14",Secret,9-14,https://clinton.presidentiallibraries.us/items/show/36591,https://clinton.presidentiallibraries.us/files/original/eb29cdb4aad08354ef620554cda41298.pdf,"Source: William J. Clinton Presidential Library, Clinton Digital Library, Clinton Presidential Records, Declassified Documents concerning Bosnia, Release 2012-0799-M, Item 36591. Secret.","Extract document-level items, actual dates, page spans, markings, and excision status from the packet."
1995-08-05,,Release Packet,Memorandum From Anthony Lake to President Clinton: Balkan Strategy Options for Discussion,Bill Clinton,United States; Bosnia and Herzegovina,Crisis Security Files,Context candidate,Pending review,"William J. Clinton Presidential Library, Clinton Digital Library; 2012-0799-M; 21-24",Secret; Secret,21-24,https://clinton.presidentiallibraries.us/items/show/36591,https://clinton.presidentiallibraries.us/files/original/eb29cdb4aad08354ef620554cda41298.pdf,"Source: William J. Clinton Presidential Library, Clinton Digital Library, Clinton Presidential Records, Declassified Documents concerning Bosnia, Release 2012-0799-M, Item 36591. Secret.","Extract document-level items, actual dates, page spans, markings, and excision status from the packet."
1995-08-07,,Telcon,Memorandum of Telephone Conversation - President Jacques Chirac of France,Bill Clinton; Jacques Chirac,United States; France; Bosnia and Herzegovina,Crisis Security Files,Include candidate,Pending review,"William J. Clinton Presidential Library, Clinton Digital Library; 2017-0775-M; 1-3",Confidential; Confidential,1-3,https://clinton.presidentiallibraries.us/items/show/118530,https://clinton.presidentiallibraries.us/files/original/cc683224fd33203efd308e802bcaa400.pdf,"Source: William J. Clinton Presidential Library, Clinton Digital Library, Clinton Presidential Records, Telcons - Memoranda of Telephone Conversation, Release 2017-0775-M, Item 118530. Confidential.",Verify Washington time and final chronological placement against the source image or PDF.
1995-08-15,,Release Packet,"Summary of Conclusions, NSC Principals Committee Meeting on Bosnia",Bill Clinton,United States; Bosnia and Herzegovina,Crisis Security Files,Context candidate,Pending review,"William J. Clinton Presidential Library, Clinton Digital Library; 2010-0533-M; 87-88",Secret,87-88,https://clinton.presidentiallibraries.us/items/show/36614,https://clinton.presidentiallibraries.us/files/original/dca58d1ec9f1ee6508cb03fc7ae5c98f.pdf,"Source: William J. Clinton Presidential Library, Clinton Digital Library, Clinton Presidential Records, Declassified Documents concerning Bosnia, Release 2010-0533-M, Item 36614. Secret.","Extract document-level items, actual dates, page spans, markings, and excision status from the packet."
1995-08-22,,Release Packet,"Summary of Conclusions, NSC Principals Committee Meeting on Bosnia",Bill Clinton,United States; Bosnia and Herzegovina,Crisis Security Files,Context candidate,Pending review,"William J. Clinton Presidential Library, Clinton Digital Library; 2010-0533-M; 89-90",Secret,89-90,https://clinton.presidentiallibraries.us/items/show/36614,https://clinton.presidentiallibraries.us/files/original/dca58d1ec9f1ee6508cb03fc7ae5c98f.pdf,"Source: William J. Clinton Presidential Library, Clinton Digital Library, Clinton Presidential Records, Declassified Documents concerning Bosnia, Release 2010-0533-M, Item 36614. Secret.","Extract document-level items, actual dates, page spans, markings, and excision status from the packet."
1995-08-23,,Release Packet,"Summary of Conclusions, NSC Deputies Committee Meeting on Bosnia",Bill Clinton,United States; Bosnia and Herzegovina,Crisis Security Files,Context candidate,Pending review,"William J. Clinton Presidential Library, Clinton Digital Library; 2010-0533-M; 91-95",Secret; Secret,91-95,https://clinton.presidentiallibraries.us/items/show/36614,https://clinton.presidentiallibraries.us/files/original/dca58d1ec9f1ee6508cb03fc7ae5c98f.pdf,"Source: William J. Clinton Presidential Library, Clinton Digital Library, Clinton Presidential Records, Declassified Documents concerning Bosnia, Release 2010-0533-M, Item 36614. Secret.","Extract document-level items, actual dates, page spans, markings, and excision status from the packet."
1995-08-31,,Release Packet,Bosnia: Secretary-Kozyrev Letter,Bill Clinton; Strobe Talbott,United States; Russia; Bosnia and Herzegovina,Crisis Security Files,Context candidate,Pending review,"Department of State, FOIA Virtual Reading Room; C09000009 / F-2017-13804; 1-2",Secret; Secret; Nodis,1-2,https://foia.state.gov/search/results.aspx?searchText=C09000009,https://foia.state.gov/DOCUMENTS/FOIA_L_June2022/FL-2017-13804/DOC_0C09000009/C09000009.pdf,"Source: Department of State, FOIA Virtual Reading Room, Strobe Talbott FOIA case F-2017-13804, Document C09000009. Secret; Nodis.","Extract document-level items, actual dates, page spans, markings, and excision status from the packet."
1995-09-11,,Release Packet,"Summary of Conclusions, NSC Principals Committee Meeting on Bosnia",Bill Clinton,United States; Bosnia and Herzegovina; Serbia,Crisis Security Files,Context candidate,Pending review,"William J. Clinton Presidential Library, Clinton Digital Library; 2010-0533-M; 96-97",Secret,96-97,https://clinton.presidentiallibraries.us/items/show/36614,https://clinton.presidentiallibraries.us/files/original/dca58d1ec9f1ee6508cb03fc7ae5c98f.pdf,"Source: William J. Clinton Presidential Library, Clinton Digital Library, Clinton Presidential Records, Declassified Documents concerning Bosnia, Release 2010-0533-M, Item 36614. Secret.","Extract document-level items, actual dates, page spans, markings, and excision status from the packet."
1995-09-21,,Release Packet,"Summary of Conclusions, NSC Principals Committee Meeting on Bosnia",Bill Clinton,United States; Russia; Bosnia and Herzegovina,Crisis Security Files,Context candidate,Pending review,"William J. Clinton Presidential Library, Clinton Digital Library; 2010-0533-M; 98-100",Secret,98-100,https://clinton.presidentiallibraries.us/items/show/36614,https://clinton.presidentiallibraries.us/files/original/dca58d1ec9f1ee6508cb03fc7ae5c98f.pdf,"Source: William J. Clinton Presidential Library, Clinton Digital Library, Clinton Presidential Records, Declassified Documents concerning Bosnia, Release 2010-0533-M, Item 36614. Secret.","Extract document-level items, actual dates, page spans, markings, and excision status from the packet."
1995-09-25,,Release Packet,"Summary of Conclusions, NSC Principals Committee Meeting on Bosnia",Bill Clinton,United States; Bosnia and Herzegovina,Crisis Security Files,Context candidate,Pending review,"William J. Clinton Presidential Library, Clinton Digital Library; 2010-0533-M; 101-102",Secret,101-102,https://clinton.presidentiallibraries.us/items/show/36614,https://clinton.presidentiallibraries.us/files/original/dca58d1ec9f1ee6508cb03fc7ae5c98f.pdf,"Source: William J. Clinton Presidential Library, Clinton Digital Library, Clinton Presidential Records, Declassified Documents concerning Bosnia, Release 2010-0533-M, Item 36614. Secret.","Extract document-level items, actual dates, page spans, markings, and excision status from the packet."
1995-09-29,,Release Packet,"Summary of Conclusions, SVTS Meeting of the NSC Deputies Committee",Bill Clinton,United States; Russia; Bosnia and Herzegovina,Crisis Security Files,Context candidate,Pending review,"William J. Clinton Presidential Library, Clinton Digital Library; 2010-0533-M; 103-104",Secret; Secret,103-104,https://clinton.presidentiallibraries.us/items/show/36614,https://clinton.presidentiallibraries.us/files/original/dca58d1ec9f1ee6508cb03fc7ae5c98f.pdf,"Source: William J. Clinton Presidential Library, Clinton Digital Library, Clinton Presidential Records, Declassified Documents concerning Bosnia, Release 2010-0533-M, Item 36614. Secret.","Extract document-level items, actual dates, page spans, markings, and excision status from the packet."
1995-10-02,,Release Packet,"Summary of Conclusions, NSC Principals Committee Meeting on Bosnia",Bill Clinton,United States; Bosnia and Herzegovina,Crisis Security Files,Context candidate,Pending review,"William J. Clinton Presidential Library, Clinton Digital Library; 2010-0533-M; 105",Secret,105,https://clinton.presidentiallibraries.us/items/show/36614,https://clinton.presidentiallibraries.us/files/original/dca58d1ec9f1ee6508cb03fc7ae5c98f.pdf,"Source: William J. Clinton Presidential Library, Clinton Digital Library, Clinton Presidential Records, Declassified Documents concerning Bosnia, Release 2010-0533-M, Item 36614. Secret.","Extract document-level items, actual dates, page spans, markings, and excision status from the packet."
1995-10-13,,Release Packet,Memorandum from Strobe Talbott to Ambassador Holbrooke,Bill Clinton; Strobe Talbott,United States; Russia; Bosnia and Herzegovina,Crisis Security Files,Context candidate,Pending review,"Department of State, FOIA Virtual Reading Room; C09000010 / F-2017-13804; 1-3",Secret; Secret,1-3,https://foia.state.gov/search/results.aspx?searchText=C09000010,https://foia.state.gov/DOCUMENTS/FOIA_L_June2022/FL-2017-13804/DOC_0C09000010/C09000010.pdf,"Source: Department of State, FOIA Virtual Reading Room, Strobe Talbott FOIA case F-2017-13804, Document C09000010. Secret.","Extract document-level items, actual dates, page spans, markings, and excision status from the packet."
1995-10-19,,Release Packet,"Dissent Channel Message: Bringing Russia into IFOR: Wrong Assumption, Wrong Objective",Bill Clinton; Strobe Talbott,United States; Russia; Bosnia and Herzegovina,Crisis Security Files,Context candidate,Pending review,"Department of State, FOIA Virtual Reading Room; C09000055 / F-2017-13804; 1-5",Confidential; Confidential,1-5,https://foia.state.gov/search/results.aspx?searchText=C09000055,https://foia.state.gov/DOCUMENTS/FOIA_L_Mar2025/FL-2017-13804/DOC_0C09000055/C09000055.pdf,"Source: Department of State, FOIA Virtual Reading Room, Strobe Talbott FOIA case F-2017-13804, Document C09000055. Confidential.","Extract document-level items, actual dates, page spans, markings, and excision status from the packet."
1995-10-21,,Memcon,Memorandum of Conversation - President Vaclav Havel of the Czech Republic,Bill Clinton; Vaclav Havel,United States; Russia; Czech Republic; Bosnia and Herzegovina,Crisis Security Files,Include candidate,Pending review,William J. Clinton Presidential Library; 101427,Confidential; Confidential,,https://clinton.presidentiallibraries.us/items/show/101427,,"Source: William J. Clinton Presidential Library, Clinton Digital Library, Declassified Documents, Memcons - Memoranda of Conversation, Release 2015-0773-M, Item 101427. Confidential.",Verify Washington time and final chronological placement against the source image or PDF.
1995-10-23,,Memcon,Memorandum of Conversation - Clinton-Yeltsin One-on-One at Hyde Park,Bill Clinton; Boris Yeltsin,United States; Russia; Bosnia and Herzegovina,Crisis Security Files,Include candidate,Pending review,"National Archives and Records Administration, National Archives Catalog; 2014-0948-M / NAID 163545436; 5-16",Secret; Secret; Nodis,5-16,https://catalog.archives.gov/id/163545436,https://s3.amazonaws.com/NARAprodstorage/lz/presidential-libraries/clinton/wjc-nscrm/7585721/7-YeltsinHydePark.pdf,"Source: National Archives and Records Administration, National Archives Catalog, Clinton Presidential Records, Clinton NSC Records Management Office, 2014-0948-M, NAID 163545436. Secret; Nodis.",Verify Washington time and final chronological placement against the source image or PDF.
1995-10-23,,Memcon,Memorandum of Conversation - Lunch with President Boris Yeltsin,Bill Clinton; Boris Yeltsin,United States; Russia; Bosnia and Herzegovina,Crisis Security Files,Include candidate,Pending review,"National Archives and Records Administration, National Archives Catalog; 2014-0948-M / NAID 163545436; 31-35",Secret,31-35,https://catalog.archives.gov/id/163545436,https://s3.amazonaws.com/NARAprodstorage/lz/presidential-libraries/clinton/wjc-nscrm/7585721/7-YeltsinHydePark.pdf,"Source: National Archives and Records Administration, National Archives Catalog, Clinton Presidential Records, Clinton NSC Records Management Office, 2014-0948-M, NAID 163545436. Secret.",Verify Washington time and final chronological placement against the source image or PDF.
1995-10-24,,Memcon,Memorandum of Conversation - Presidents Izetbegovic and Tudjman,Bill Clinton; Alija Izetbegovic; Franjo Tudjman,United States; Russia; Bosnia and Herzegovina; Croatia,Crisis Security Files,Include candidate,Pending review,"William J. Clinton Presidential Library, Clinton Digital Library; 2011-0964-M; 37-43",Secret,37-43,https://clinton.presidentiallibraries.us/items/show/36589,https://clinton.presidentiallibraries.us/files/original/1e07f85597e7a0a171bbd0b1ad67cdf1.pdf,"Source: William J. Clinton Presidential Library, Clinton Digital Library, Clinton Presidential Records, Declassified Documents concerning Bosnia, Release 2011-0964-M, Item 36589. Secret.",Verify Washington time and final chronological placement against the source image or PDF.
1995-11-07,,Release Packet,"Summary of Conclusions, NSC Principals Committee Meeting on Bosnia",Bill Clinton,United States; Bosnia and Herzegovina,Crisis Security Files,Context candidate,Pending review,"William J. Clinton Presidential Library, Clinton Digital Library; 2010-0533-M; 106-108",Secret,106-108,https://clinton.presidentiallibraries.us/items/show/36614,https://clinton.presidentiallibraries.us/files/original/dca58d1ec9f1ee6508cb03fc7ae5c98f.pdf,"Source: William J. Clinton Presidential Library, Clinton Digital Library, Clinton Presidential Records, Declassified Documents concerning Bosnia, Release 2010-0533-M, Item 36614. Secret.","Extract document-level items, actual dates, page spans, markings, and excision status from the packet."
1995-11-20,,Context,Presidential Daily Diary reference: Dayton calls with Christopher and Tudjman,Bill Clinton; Warren Christopher; Franjo Tudjman,United States; Croatia; Bosnia and Herzegovina,Crisis Security Files,Context candidate,Released with excisions,"National Archives and Records Administration, National Archives Catalog; LPWJC 2013-0549-F; 147870847; pages 38-40",Unclassified diary record,pages 38-40,https://catalog.archives.gov/id/147870847,https://s3.amazonaws.com/NARAprodstorage/lz/presidential-libraries/clinton/foia/2013/2013-0549-F/42-t-101784486-20130549F-006-010-2018.pdf,"Source: National Archives and Records Administration, National Archives Catalog, Clinton Presidential Records, Presidential Daily Diary, Ellen McCathran Files, Release LPWJC 2013-0549-F, [11/01/1995-11/30/1995], NAID 147870847, Unclassified diary record.","Use as a chronology lead; chase the substantive memcon, telcon, briefing book, trip file, or summit file before selection."
1995-11-21,,Telcon,Memorandum of Telephone Conversation - President Lech Walesa of Poland,Bill Clinton; Lech Walesa,United States; Poland,NATO Strategy and Enlargement,Include candidate,Pending review,William J. Clinton Presidential Library; 101446,Confidential; Confidential,,https://clinton.presidentiallibraries.us/items/show/101446,https://clinton.presidentiallibraries.us/files/original/4cd21c7557486b30f58af921b469a5b4.pdf,"Source: William J. Clinton Presidential Library, Clinton Digital Library, Declassified Documents, Telcons - Memoranda of Telephone Conversations, Release 2015-0769-M, Item 101446. Confidential.",Verify Washington time and final chronological placement against the source image or PDF.
1995-11-21,,Context,"Presidential Daily Diary reference: Dayton conference call with Tudjman, Izetbegovic, Milosevic, and Christopher",Bill Clinton; Franjo Tudjman; Alija Izetbegovic; Slobodan Milosevic; Warren Christopher; Lech Walesa; Aleksander Kwasniewski,United States; Croatia; Bosnia and Herzegovina; Serbia; Poland,Crisis Security Files,Context candidate,Released with excisions,"National Archives and Records Administration, National Archives Catalog; LPWJC 2013-0549-F; 147870847; pages 41-42",Unclassified diary record,pages 41-42,https://catalog.archives.gov/id/147870847,https://s3.amazonaws.com/NARAprodstorage/lz/presidential-libraries/clinton/foia/2013/2013-0549-F/42-t-101784486-20130549F-006-010-2018.pdf,"Source: National Archives and Records Administration, National Archives Catalog, Clinton Presidential Records, Presidential Daily Diary, Ellen McCathran Files, Release LPWJC 2013-0549-F, [11/01/1995-11/30/1995], NAID 147870847, Unclassified diary record.","Use as a chronology lead; chase the substantive memcon, telcon, briefing book, trip file, or summit file before selection."
1995-11-22,,Release Packet,"Summary of Conclusions, NSC Principals Committee Meeting on Bosnia",Bill Clinton,United States; Russia; Bosnia and Herzegovina,Crisis Security Files,Context candidate,Pending review,"William J. Clinton Presidential Library, Clinton Digital Library; 2010-0533-M; 109-111",Secret,109-111,https://clinton.presidentiallibraries.us/items/show/36614,https://clinton.presidentiallibraries.us/files/original/dca58d1ec9f1ee6508cb03fc7ae5c98f.pdf,"Source: William J. Clinton Presidential Library, Clinton Digital Library, Clinton Presidential Records, Declassified Documents concerning Bosnia, Release 2010-0533-M, Item 36614. Secret.","Extract document-level items, actual dates, page spans, markings, and excision status from the packet."
1995-12-03,,Memcon,Memorandum of Conversation with Spanish Prime Minister Felipe Gonzalez,Bill Clinton,United States; Bosnia and Herzegovina,Crisis Security Files,Include candidate,Pending review,"William J. Clinton Presidential Library, Clinton Digital Library; 2015-0548-M; 1-10",Confidential; Confidential,1-10,https://clinton.presidentiallibraries.us/items/show/118881,https://clinton.presidentiallibraries.us/files/original/af632a0ca106bdddd19d802cd3a5ba6e.pdf,"Source: William J. Clinton Presidential Library, Clinton Digital Library, Clinton Presidential Records, Memcons - Memoranda of Conversation, Release 2015-0548-M, Item 118881. Confidential.",Verify Washington time and final chronological placement against the source image or PDF.
1995-12-14,,Memcon,Memorandum of Conversation - President Jacques Chirac of France,Bill Clinton; Jacques Chirac,United States; Russia; France; Bosnia and Herzegovina,Crisis Security Files,Include candidate,Pending review,"William J. Clinton Presidential Library, Clinton Digital Library; 2017-0775-M; 1-6",No classification marking; No classification marking,1-6,https://clinton.presidentiallibraries.us/items/show/118556,https://clinton.presidentiallibraries.us/files/original/28b500a860ad0aecee40dd23978f6a85.pdf,"Source: William J. Clinton Presidential Library, Clinton Digital Library, Clinton Presidential Records, Memcons - Memoranda of Conversation, Release 2017-0775-M, Item 118556. No classification marking.",Verify Washington time and final chronological placement against the source image or PDF.
1995-12-14,,Memcon,Memorandum of Conversation - Pull-Aside with President Alija Izetbegovic,Bill Clinton; Alija Izetbegovic,United States; Bosnia and Herzegovina,Crisis Security Files,Include candidate,Pending review,"William J. Clinton Presidential Library, Clinton Digital Library; 2011-0964-M; 55-57",Confidential,55-57,https://clinton.presidentiallibraries.us/items/show/36589,https://clinton.presidentiallibraries.us/files/original/1e07f85597e7a0a171bbd0b1ad67cdf1.pdf,"Source: William J. Clinton Presidential Library, Clinton Digital Library, Clinton Presidential Records, Declassified Documents concerning Bosnia, Release 2011-0964-M, Item 36589. Confidential.",Verify Washington time and final chronological placement against the source image or PDF.
1995-12-14,,Memcon,Memorandum of Conversation - Pull-Aside with President Franjo Tudjman,Bill Clinton; Franjo Tudjman,United States; Bosnia and Herzegovina; Croatia,Crisis Security Files,Include candidate,Pending review,"William J. Clinton Presidential Library, Clinton Digital Library; 2011-0964-M; 52-53",Confidential,52-53,https://clinton.presidentiallibraries.us/items/show/36589,https://clinton.presidentiallibraries.us/files/original/1e07f85597e7a0a171bbd0b1ad67cdf1.pdf,"Source: William J. Clinton Presidential Library, Clinton Digital Library, Clinton Presidential Records, Declassified Documents concerning Bosnia, Release 2011-0964-M, Item 36589. Confidential.",Verify Washington time and final chronological placement against the source image or PDF.
1995-12-14,,Memcon,Memorandum of Conversation - Pull-Aside with President Slobodan Milosevic,Bill Clinton; Slobodan Milosevic,United States; Bosnia and Herzegovina; Serbia,Crisis Security Files,Include candidate,Pending review,"William J. Clinton Presidential Library, Clinton Digital Library; 2011-0964-M; 59-61",Confidential; Confidential,59-61,https://clinton.presidentiallibraries.us/items/show/36589,https://clinton.presidentiallibraries.us/files/original/1e07f85597e7a0a171bbd0b1ad67cdf1.pdf,"Source: William J. Clinton Presidential Library, Clinton Digital Library, Clinton Presidential Records, Declassified Documents concerning Bosnia, Release 2011-0964-M, Item 36589. Confidential.",Verify Washington time and final chronological placement against the source image or PDF.
1995-12-14,,Memcon,"Memorandum of Conversation - Quadrilateral Meeting with Tudjman, Izetbegovic, and Milosevic",Bill Clinton; Alija Izetbegovic; Slobodan Milosevic; Franjo Tudjman,United States; Bosnia and Herzegovina; Serbia; Croatia,Crisis Security Files,Include candidate,Pending review,"William J. Clinton Presidential Library, Clinton Digital Library; 2011-0964-M; 47-50",Confidential; Confidential,47-50,https://clinton.presidentiallibraries.us/items/show/36589,https://clinton.presidentiallibraries.us/files/original/1e07f85597e7a0a171bbd0b1ad67cdf1.pdf,"Source: William J. Clinton Presidential Library, Clinton Digital Library, Clinton Presidential Records, Declassified Documents concerning Bosnia, Release 2011-0964-M, Item 36589. Confidential.",Verify Washington time and final chronological placement against the source image or PDF.
1995-12-14,,Release Packet,Note from Strobe Talbott to Assistant Secretary Holbrooke,Bill Clinton; Strobe Talbott,United States,Crisis Security Files,Context candidate,Pending review,"Department of State, FOIA Virtual Reading Room; C09000068 / F-2017-13804; 1-1",Unclassified; Unclassified,1-1,https://foia.state.gov/search/results.aspx?searchText=C09000068,https://foia.state.gov/DOCUMENTS/FOIA_L_June2022/FL-2017-13804/DOC_0C09000068/C09000068.pdf,"Source: Department of State, FOIA Virtual Reading Room, Strobe Talbott FOIA case F-2017-13804, Document C09000068. Unclassified.","Extract document-level items, actual dates, page spans, markings, and excision status from the packet."
1995-12-20,,Release Packet,Letter From Michael Nacht to Strobe Talbott with Attachments,Bill Clinton; Strobe Talbott,United States; Russia; Bosnia and Herzegovina,Crisis Security Files,Context candidate,Pending review,"Department of State, FOIA Virtual Reading Room; C09000051 / F-2017-13804; 1-4",Confidential; Confidential; Eyes Only,1-4,https://foia.state.gov/search/results.aspx?searchText=C09000051,https://foia.state.gov/DOCUMENTS/FOIA_L_July2022/FL-2017-13804/DOC_0C09000051/C09000051.pdf,"Source: Department of State, FOIA Virtual Reading Room, Strobe Talbott FOIA case F-2017-13804, Document C09000051. Confidential; Eyes Only.","Extract document-level items, actual dates, page spans, markings, and excision status from the packet."
1995-12-29,,Telcon,Memorandum of Telephone Conversation with Prime Minister Gonzalez of Spain,Bill Clinton,United States; Russia; Bosnia and Herzegovina; Croatia,Crisis Security Files,Include candidate,Pending review,William J. Clinton Presidential Library; 118882,Confidential; Confidential,,https://clinton.presidentiallibraries.us/items/show/118882,https://clinton.presidentiallibraries.us/files/original/ae9e3a0518a1b5a26c056728119ef124.pdf,"Source: William J. Clinton Presidential Library, Clinton Digital Library, Declassified Documents, Telcons - Memoranda of Telephone Conversations, Release 2015-0548-M, Item 118882. Confidential.",Verify Washington time and final chronological placement against the source image or PDF.
1996-01-12,,Telcon,Memorandum of Telephone Conversation with NATO Secretary General Javier Solana,Bill Clinton; Javier Solana,United States; Russia; Bosnia and Herzegovina,Crisis Security Files,Include candidate,Pending review,William J. Clinton Presidential Library; 118893,Confidential; Confidential,,https://clinton.presidentiallibraries.us/items/show/118893,https://clinton.presidentiallibraries.us/files/original/f8b6890c6d7dfef3a11f9ca3a7c5cbe8.pdf,"Source: William J. Clinton Presidential Library, Clinton Digital Library, Declassified Documents, Telcons - Memoranda of Telephone Conversations, Release 2015-0548-M, Item 118893. Confidential.",Verify Washington time and final chronological placement against the source image or PDF.
1996-01-12,,Context,Presidential Daily Diary reference: secure voice call with NATO Secretary General Javier Solana,Bill Clinton; Javier Solana,United States,Crisis Security Files,Context candidate,Released with excisions,"National Archives and Records Administration, National Archives Catalog; LPWJC 2013-0549-F; 147870851; page 21",Unclassified diary record,page 21,https://catalog.archives.gov/id/147870851,https://s3.amazonaws.com/NARAprodstorage/lz/presidential-libraries/clinton/foia/2013/2013-0549-F/42-t-101784486-20130549F-006-012-2018.pdf,"Source: National Archives and Records Administration, National Archives Catalog, Clinton Presidential Records, Presidential Daily Diary, Ellen McCathran Files, Release LPWJC 2013-0549-F, [01/01/1996-01/31/1996], NAID 147870851, Unclassified diary record.","Use as a chronology lead; chase the substantive memcon, telcon, briefing book, trip file, or summit file before selection."
1996-01-13,,Memcon,Memorandum of Conversation - President Arpad Goncz of Hungary and President Michal Kovac of Slovakia,Bill Clinton,United States; Hungary,NATO Strategy and Enlargement,Include candidate,Pending review,William J. Clinton Presidential Library; 101453,Confidential; Confidential,,https://clinton.presidentiallibraries.us/items/show/101453,https://clinton.presidentiallibraries.us/files/original/37bfb089f2eb05cc971a5706efdfad91.pdf,"Source: William J. Clinton Presidential Library, Clinton Digital Library, Declassified Documents, Memcons - Memoranda of Conversation, Item 101453. Confidential.",Verify Washington time and final chronological placement against the source image or PDF.
1996-01-13,,Context,Presidential Daily Diary reference: call with Slobodan Milosevic,Bill Clinton; Slobodan Milosevic,United States; Serbia; Bosnia and Herzegovina,Crisis Security Files,Context candidate,Released with excisions,"National Archives and Records Administration, National Archives Catalog; LPWJC 2013-0549-F; 147870851; page 22",Unclassified diary record,page 22,https://catalog.archives.gov/id/147870851,https://s3.amazonaws.com/NARAprodstorage/lz/presidential-libraries/clinton/foia/2013/2013-0549-F/42-t-101784486-20130549F-006-012-2018.pdf,"Source: National Archives and Records Administration, National Archives Catalog, Clinton Presidential Records, Presidential Daily Diary, Ellen McCathran Files, Release LPWJC 2013-0549-F, [01/01/1996-01/31/1996], NAID 147870851, Unclassified diary record.","Use as a chronology lead; chase the substantive memcon, telcon, briefing book, trip file, or summit file before selection."
1996-02-01,,Memcon,Memorandum of Conversation - President Jacques Chirac of France,Bill Clinton; Jacques Chirac,United States; Russia; France; Bosnia and Herzegovina,Crisis Security Files,Include candidate,Pending review,William J. Clinton Presidential Library; 118557,Confidential; Confidential,,https://clinton.presidentiallibraries.us/items/show/118557,https://clinton.presidentiallibraries.us/files/original/68af641d3dc8eaa3c5cc901c5e408010.pdf,"Source: William J. Clinton Presidential Library, Clinton Digital Library, Declassified Documents, Memcons - Memoranda of Conversation, Release 2017-0775-M, Item 118557. Confidential.",Verify Washington time and final chronological placement against the source image or PDF.
1996-02-20,,Memcon,Memorandum of Conversation with NATO Secretary General Javier Solana,Bill Clinton; Javier Solana,United States; Russia; Bosnia and Herzegovina,Crisis Security Files,Include candidate,Pending review,William J. Clinton Presidential Library; 118892,Confidential; Confidential,,https://clinton.presidentiallibraries.us/items/show/118892,https://clinton.presidentiallibraries.us/files/original/117489cc862f24878cd36e7bb915cb76.pdf,"Source: William J. Clinton Presidential Library, Clinton Digital Library, Declassified Documents, Memcons - Memoranda of Conversation, Release 2015-0548-M, Item 118892. Confidential.",Verify Washington time and final chronological placement against the source image or PDF.
1996-02-23,,Context,Presidential Daily Diary reference: conference call with Boris Yeltsin,Bill Clinton; Boris Yeltsin,United States; Russia,NATO-Russia and Partnership,Context candidate,Released with excisions,"National Archives and Records Administration, National Archives Catalog; LPWJC 2013-0549-F; 147870853; page 36",Unclassified diary record,page 36,https://catalog.archives.gov/id/147870853,https://s3.amazonaws.com/NARAprodstorage/lz/presidential-libraries/clinton/foia/2013/2013-0549-F/42-t-101784486-20130549F-006-013-2018.pdf,"Source: National Archives and Records Administration, National Archives Catalog, Clinton Presidential Records, Presidential Daily Diary, Ellen McCathran Files, Release LPWJC 2013-0549-F, [02/01/1996-02/29/1996], NAID 147870853, Unclassified diary record.","Use as a chronology lead; chase the substantive memcon, telcon, briefing book, trip file, or summit file before selection."
1996-06-03,,Memcon,Memorandum of Conversation - Former President Lech Walesa of Poland,Bill Clinton; Lech Walesa,United States; Poland,NATO Strategy and Enlargement,Include candidate,Pending review,William J. Clinton Presidential Library; 118499,Confidential; Confidential,,https://clinton.presidentiallibraries.us/items/show/118499,https://clinton.presidentiallibraries.us/files/original/d38254e42b9f25ea4c5737c005187a37.pdf,"Source: William J. Clinton Presidential Library, Clinton Digital Library, Declassified Documents, Memcons - Memoranda of Conversation, Release 2015-0780-M, Item 118499. Confidential.",Verify Washington time and final chronological placement against the source image or PDF.
1996-06-25,,Memcon,"Memorandum of Conversation - President Guntis Ulmanis of Latvia, President Algirdas Brazauskas of Lithuania, and President Lennart Meri of Estonia",Bill Clinton,United States,NATO Strategy and Enlargement,Include candidate,Pending review,William J. Clinton Presidential Library; 101467,Secret; Secret,,https://clinton.presidentiallibraries.us/items/show/101467,https://clinton.presidentiallibraries.us/files/original/6fef6ada21b09fbd2afda36dbf939461.pdf,"Source: William J. Clinton Presidential Library, Clinton Digital Library, Declassified Documents, Memcons - Memoranda of Conversation, Release 2014-0656-M, Item 101467. Secret.",Verify Washington time and final chronological placement against the source image or PDF.
1996-07-27,,Memcon,Memorandum of Conversation - President Jacques Chirac of France,Bill Clinton; Jacques Chirac,United States; France; Germany; Bosnia and Herzegovina,Crisis Security Files,Include candidate,Pending review,William J. Clinton Presidential Library; 118559,Confidential; Confidential,,https://clinton.presidentiallibraries.us/items/show/118559,https://clinton.presidentiallibraries.us/files/original/7f7c0abad83939010beb7d34b1acaba1.pdf,"Source: William J. Clinton Presidential Library, Clinton Digital Library, Declassified Documents, Memcons - Memoranda of Conversation, Release 2017-0775-M, Item 118559. Confidential.",Verify Washington time and final chronological placement against the source image or PDF.
1997-02-27,,Telcon,"Telephone call with President Boris Yeltsin of Russia, February 27, 1997, White House",Bill Clinton; Boris Yeltsin,United States; Russia,NATO-Russia and Partnership,Context candidate,Released in full,"William J. Clinton Presidential Library, MDR Release 2015-0782-M-2; 2015-0782-M-2; 2015-0782-M-2; 87-89",Confidential; Confidential,87-89,https://www.clintonlibrary.gov/research/archives/finding-aids/declassified-documents-concerning-russian-president-boris-yeltsin-0,https://www.clintonlibrary.gov/sites/default/files/finding_aids_a_z/2026-01/2015-0782-M-2.pdf,"Source: William J. Clinton Presidential Library, Meetings and Telephone Calls with Foreign Leaders, master chronology, Release packet 2015-0782-M-2. Confidential.",Verify Washington time and final chronological placement against the source image or PDF.
1997-03-05,,Telcon,Museum of Telephone Conversation - Chancellor Helmut Kohl of Germany,Bill Clinton; Helmut Kohl,United States; Germany,European Security Architecture,Include candidate,Pending review,William J. Clinton Presidential Library; 101474,Secret; Secret,,https://clinton.presidentiallibraries.us/items/show/101474,https://clinton.presidentiallibraries.us/files/original/5324211d8de2a99a37b628367fdee5d1.pdf,"Source: William J. Clinton Presidential Library, Clinton Digital Library, Declassified Documents, Telcons - Memoranda of Telephone Conversations, Release 2015-0776-M, Item 101474. Secret.",Verify Washington time and final chronological placement against the source image or PDF.
1997-03-21,,Memcon,Helsinki Afternoon Meeting with President Boris Yeltsin,Bill Clinton; Boris Yeltsin,United States; Russia,NATO-Russia and Partnership,Context candidate,Released in full,"William J. Clinton Presidential Library, MDR Release 2015-0782-M-2; 2015-0782-M-2; 2015-0782-M-2; 124-127",Secret; Secret,124-127,https://www.clintonlibrary.gov/research/archives/finding-aids/declassified-documents-concerning-russian-president-boris-yeltsin-0,https://www.clintonlibrary.gov/sites/default/files/finding_aids_a_z/2026-01/2015-0782-M-2.pdf,"Source: William J. Clinton Presidential Library, Meetings and Telephone Calls with Foreign Leaders, master chronology, Release packet 2015-0782-M-2. Secret.",Verify Washington time and final chronological placement against the source image or PDF.
1997-03-21,,Memcon,Helsinki Morning Meeting with President Boris Yeltsin,Bill Clinton; Boris Yeltsin,United States; Russia,NATO-Russia and Partnership,Context candidate,Released in full,"William J. Clinton Presidential Library, MDR Release 2015-0782-M-2; 2015-0782-M-2; 2015-0782-M-2; 105-115",Secret; Secret,105-115,https://www.clintonlibrary.gov/research/archives/finding-aids/declassified-documents-concerning-russian-president-boris-yeltsin-0,https://www.clintonlibrary.gov/sites/default/files/finding_aids_a_z/2026-01/2015-0782-M-2.pdf,"Source: William J. Clinton Presidential Library, Meetings and Telephone Calls with Foreign Leaders, master chronology, Release packet 2015-0782-M-2. Secret.",Verify Washington time and final chronological placement against the source image or PDF.
1997-03-21,,Memcon,Helsinki Private Dinner with President Boris Yeltsin,Bill Clinton; Boris Yeltsin,United States; Russia,NATO-Russia and Partnership,Context candidate,Released in full,"William J. Clinton Presidential Library, MDR Release 2015-0782-M-2; 2015-0782-M-2; 2015-0782-M-2; 128-133",Confidential; Confidential,128-133,https://www.clintonlibrary.gov/research/archives/finding-aids/declassified-documents-concerning-russian-president-boris-yeltsin-0,https://www.clintonlibrary.gov/sites/default/files/finding_aids_a_z/2026-01/2015-0782-M-2.pdf,"Source: William J. Clinton Presidential Library, Meetings and Telephone Calls with Foreign Leaders, master chronology, Release packet 2015-0782-M-2. Confidential.",Verify Washington time and final chronological placement against the source image or PDF.
1997-03-21,,Memcon,Helsinki Working Lunch with President Boris Yeltsin,Bill Clinton; Boris Yeltsin,United States; Russia,NATO-Russia and Partnership,Context candidate,Released in full,"William J. Clinton Presidential Library, MDR Release 2015-0782-M-2; 2015-0782-M-2; 2015-0782-M-2; 116-123",Secret; Secret,116-123,https://www.clintonlibrary.gov/research/archives/finding-aids/declassified-documents-concerning-russian-president-boris-yeltsin-0,https://www.clintonlibrary.gov/sites/default/files/finding_aids_a_z/2026-01/2015-0782-M-2.pdf,"Source: William J. Clinton Presidential Library, Meetings and Telephone Calls with Foreign Leaders, master chronology, Release packet 2015-0782-M-2. Secret.",Verify Washington time and final chronological placement against the source image or PDF.
1997-05-19,,Memcon,Memorandum of Conversation with NATO Secretary General Solana,Bill Clinton,United States; Russia; Bosnia and Herzegovina; Ukraine,Crisis Security Files,Include candidate,Pending review,William J. Clinton Presidential Library; 118891,Confidential; Confidential,,https://clinton.presidentiallibraries.us/items/show/118891,https://clinton.presidentiallibraries.us/files/original/a583efc92629c4b4c49c328f66efb044.pdf,"Source: William J. Clinton Presidential Library, Clinton Digital Library, Declassified Documents, Memcons - Memoranda of Conversation, Release 2015-0548-M, Item 118891. Confidential.",Verify Washington time and final chronological placement against the source image or PDF.
1997-05-27,,Memcon,"Meeting with President Boris Yeltsin of Russia, May 27, 1997, Paris, France",Bill Clinton; Boris Yeltsin,United States; Russia; France,NATO-Russia and Partnership,Context candidate,Released with minor excisions,"William J. Clinton Presidential Library, MDR Release 2015-0782-M-2; 2015-0782-M-2; 2015-0782-M-2; 143-150",Confidential; Confidential,143-150,https://www.clintonlibrary.gov/research/archives/finding-aids/declassified-documents-concerning-russian-president-boris-yeltsin-0,https://www.clintonlibrary.gov/sites/default/files/finding_aids_a_z/2026-01/2015-0782-M-2.pdf,"Source: William J. Clinton Presidential Library, Meetings and Telephone Calls with Foreign Leaders, master chronology, Release packet 2015-0782-M-2. Confidential.",Verify Washington time and final chronological placement against the source image or PDF.
1997-06-20,,Memcon,"Meeting with President Boris Yeltsin of Russia, June 20, 1997, Denver, Colorado",Bill Clinton; Boris Yeltsin,United States; Russia,NATO-Russia and Partnership,Context candidate,Released in full,"William J. Clinton Presidential Library, MDR Release 2015-0782-M-2; 2015-0782-M-2; 2015-0782-M-2; 165-172",Secret; Secret,165-172,https://www.clintonlibrary.gov/research/archives/finding-aids/declassified-documents-concerning-russian-president-boris-yeltsin-0,https://www.clintonlibrary.gov/sites/default/files/finding_aids_a_z/2026-01/2015-0782-M-2.pdf,"Source: William J. Clinton Presidential Library, Meetings and Telephone Calls with Foreign Leaders, master chronology, Release packet 2015-0782-M-2. Secret.",Verify Washington time and final chronological placement against the source image or PDF.
1997-07-03,,Context,Presidential Daily Diary reference: pre-Madrid conference call with Helmut Kohl,Bill Clinton; Helmut Kohl,United States; Germany; Spain,NATO Strategy and Enlargement,Context candidate,Released with excisions,"National Archives and Records Administration, National Archives Catalog; LPWJC 2013-0549-F; 147870887; page 8",Unclassified diary record,page 8,https://catalog.archives.gov/id/147870887,https://s3.amazonaws.com/NARAprodstorage/lz/presidential-libraries/clinton/foia/2013/2013-0549-F/42-t-101784486-20130549F-007-017-2018.pdf,"Source: National Archives and Records Administration, National Archives Catalog, Clinton Presidential Records, Presidential Daily Diary, Ellen McCathran Files, Release LPWJC 2013-0549-F, [07/01/1997-07/31/1997], NAID 147870887, Unclassified diary record.","Use as a chronology lead; chase the substantive memcon, telcon, briefing book, trip file, or summit file before selection."
1997-07-07,,Memcon,Memorandum of Conversation with NATO Secretary General Solana,Bill Clinton,United States; Russia; Bosnia and Herzegovina,Crisis Security Files,Include candidate,Pending review,William J. Clinton Presidential Library; 118890,Confidential; Confidential,,https://clinton.presidentiallibraries.us/items/show/118890,https://clinton.presidentiallibraries.us/files/original/4ccaa957fa70635fc079c9b10006dd17.pdf,"Source: William J. Clinton Presidential Library, Clinton Digital Library, Declassified Documents, Memcons - Memoranda of Conversation, Release 2015-0549-M, Item 118890. Confidential.",Verify Washington time and final chronological placement against the source image or PDF.
1997-07-09,,Memcon,Memorandum of Conversation - President Leonid Kuchma of Ukraine,Bill Clinton,United States; Russia; Ukraine,NATO-Russia and Partnership,Include candidate,Pending review,William J. Clinton Presidential Library; 101470,Confidential; Confidential,,https://clinton.presidentiallibraries.us/items/show/101470,https://clinton.presidentiallibraries.us/files/original/304ee46e4f0986bbcf617eb4aed17ad1.pdf,"Source: William J. Clinton Presidential Library, Clinton Digital Library, Declassified Documents, Memcons - Memoranda of Conversation, Item 101470. Confidential.",Verify Washington time and final chronological placement against the source image or PDF.
1997-10-21,,Telcon,Museum of Telephone Conversation - Chancellor Helmut Kohl of Germany,Bill Clinton; Helmut Kohl,United States; Germany,European Security Architecture,Include candidate,Pending review,William J. Clinton Presidential Library; 101477,Confidential; Confidential,,https://clinton.presidentiallibraries.us/items/show/101477,https://clinton.presidentiallibraries.us/files/original/3f30316ef54f66b11ea44aab7a663b3e.pdf,"Source: William J. Clinton Presidential Library, Clinton Digital Library, Declassified Documents, Telcons - Memoranda of Telephone Conversations, Release 2015-0776-M, Item 101477. Confidential.",Verify Washington time and final chronological placement against the source image or PDF.
1997-10-30,,Telcon,"Telephone call with President Boris Yeltsin of Russia, October 30, 1997, White House",Bill Clinton; Boris Yeltsin,United States; Russia,NATO-Russia and Partnership,Context candidate,Released in full,"William J. Clinton Presidential Library, MDR Release 2015-0782-M-2; 2015-0782-M-2; 2015-0782-M-2; 183-188",Confidential; Confidential,183-188,https://www.clintonlibrary.gov/research/archives/finding-aids/declassified-documents-concerning-russian-president-boris-yeltsin-0,https://www.clintonlibrary.gov/sites/default/files/finding_aids_a_z/2026-01/2015-0782-M-2.pdf,"Source: William J. Clinton Presidential Library, Meetings and Telephone Calls with Foreign Leaders, master chronology, Release packet 2015-0782-M-2. Confidential.",Verify Washington time and final chronological placement against the source image or PDF.
1997-11-16,,Telcon,"Telephone call with President Boris Yeltsin of Russia, November 16, 1997, Malibu, California",Bill Clinton; Boris Yeltsin,United States; Russia,NATO-Russia and Partnership,Context candidate,Released in full,"William J. Clinton Presidential Library, MDR Release 2015-0782-M-2; 2015-0782-M-2; 2015-0782-M-2; 206-208",Confidential; Confidential,206-208,https://www.clintonlibrary.gov/research/archives/finding-aids/declassified-documents-concerning-russian-president-boris-yeltsin-0,https://www.clintonlibrary.gov/sites/default/files/finding_aids_a_z/2026-01/2015-0782-M-2.pdf,"Source: William J. Clinton Presidential Library, Meetings and Telephone Calls with Foreign Leaders, master chronology, Release packet 2015-0782-M-2. Confidential.",Verify Washington time and final chronological placement against the source image or PDF.
1997-11-22,,Telcon,"Telephone call with President Boris Yeltsin of Russia, November 22, 1997, White House",Bill Clinton; Boris Yeltsin,United States; Russia,NATO-Russia and Partnership,Context candidate,Released in full,"William J. Clinton Presidential Library, MDR Release 2015-0782-M-2; 2015-0782-M-2; 2015-0782-M-2; 218-223",Confidential; Confidential,218-223,https://www.clintonlibrary.gov/research/archives/finding-aids/declassified-documents-concerning-russian-president-boris-yeltsin-0,https://www.clintonlibrary.gov/sites/default/files/finding_aids_a_z/2026-01/2015-0782-M-2.pdf,"Source: William J. Clinton Presidential Library, Meetings and Telephone Calls with Foreign Leaders, master chronology, Release packet 2015-0782-M-2. Confidential.",Verify Washington time and final chronological placement against the source image or PDF.
1998-01-16,,Memcon,"Memorandum of Conversation - President Guntis Ulmanis of Latvia, President Lennart Meri of Estonia, and President Algirdas Brazauskas of Lithuania",Bill Clinton,United States,NATO Strategy and Enlargement,Include candidate,Pending review,William J. Clinton Presidential Library; 118565,Secret; Secret,,https://clinton.presidentiallibraries.us/items/show/118565,https://clinton.presidentiallibraries.us/files/original/c9e50ea35d7e380c704747bc312cf21a.pdf,"Source: William J. Clinton Presidential Library, Clinton Digital Library, Declassified Documents, Memcons - Memoranda of Conversation, Release 2014-0656-M, Item 118565. Secret.",Verify Washington time and final chronological placement against the source image or PDF.
1998-02-02,,Telcon,"Telephone call with President Boris Yeltsin of Russia, February 2, 1998, White House",Bill Clinton; Boris Yeltsin,United States; Russia,NATO-Russia and Partnership,Context candidate,Released in full,"William J. Clinton Presidential Library, MDR Release 2015-0782-M-2; 2015-0782-M-2; 2015-0782-M-2; 236-239",Confidential; Confidential,236-239,https://www.clintonlibrary.gov/research/archives/finding-aids/declassified-documents-concerning-russian-president-boris-yeltsin-0,https://www.clintonlibrary.gov/sites/default/files/finding_aids_a_z/2026-01/2015-0782-M-2.pdf,"Source: William J. Clinton Presidential Library, Meetings and Telephone Calls with Foreign Leaders, master chronology, Release packet 2015-0782-M-2. Confidential.",Verify Washington time and final chronological placement against the source image or PDF.
1998-02-23,,Telcon,"Telephone call with President Boris Yeltsin of Russia, February 23, 1998, White House",Bill Clinton; Boris Yeltsin,United States; Russia,NATO-Russia and Partnership,Context candidate,Released in full,"William J. Clinton Presidential Library, MDR Release 2015-0782-M-2; 2015-0782-M-2; 2015-0782-M-2; 253-256",Confidential; Confidential,253-256,https://www.clintonlibrary.gov/research/archives/finding-aids/declassified-documents-concerning-russian-president-boris-yeltsin-0,https://www.clintonlibrary.gov/sites/default/files/finding_aids_a_z/2026-01/2015-0782-M-2.pdf,"Source: William J. Clinton Presidential Library, Meetings and Telephone Calls with Foreign Leaders, master chronology, Release packet 2015-0782-M-2. Confidential.",Verify Washington time and final chronological placement against the source image or PDF.
1998-03-25,,Context,Presidential Daily Diary reference: NATO enlargement ratification briefing and remarks,Bill Clinton; Madeleine Albright; Henry Shelton; Samuel Berger,United States; Poland; Czech Republic; Hungary,NATO Strategy and Enlargement,Context candidate,Released with excisions,"National Archives and Records Administration, National Archives Catalog; LPWJC 2013-0549-F; 147870909; pages 52-53",Unclassified diary record,pages 52-53,https://catalog.archives.gov/id/147870909,https://s3.amazonaws.com/NARAprodstorage/lz/presidential-libraries/clinton/foia/2013/2013-0549-F/42-t-101784486-20130549F-008-011-2018.pdf,"Source: National Archives and Records Administration, National Archives Catalog, Clinton Presidential Records, Presidential Daily Diary, Ellen McCathran Files, Release LPWJC 2013-0549-F, [03/15/1998-03/31/1998], NAID 147870909, Unclassified diary record.","Use as a chronology lead; chase the substantive memcon, telcon, briefing book, trip file, or summit file before selection."
1998-04-06,,Telcon,"Telephone call with President Boris Yeltsin of Russia, April 6, 1998, White House",Bill Clinton; Boris Yeltsin,United States; Russia,NATO-Russia and Partnership,Context candidate,Released in full,"William J. Clinton Presidential Library, MDR Release 2015-0782-M-2; 2015-0782-M-2; 2015-0782-M-2; 274-278",Secret; Secret,274-278,https://www.clintonlibrary.gov/research/archives/finding-aids/declassified-documents-concerning-russian-president-boris-yeltsin-0,https://www.clintonlibrary.gov/sites/default/files/finding_aids_a_z/2026-01/2015-0782-M-2.pdf,"Source: William J. Clinton Presidential Library, Meetings and Telephone Calls with Foreign Leaders, master chronology, Release packet 2015-0782-M-2. Secret.",Verify Washington time and final chronological placement against the source image or PDF.
1998-04-30,,Context,Presidential Daily Diary reference: bipartisan support meeting for NATO enlargement,Bill Clinton; Al Gore; Trent Lott; Thomas Daschle; Samuel Berger,United States; Poland; Czech Republic; Hungary,NATO Strategy and Enlargement,Context candidate,Released with excisions,"National Archives and Records Administration, National Archives Catalog; LPWJC 2013-0549-F; 147870913; page 81",Unclassified diary record,page 81,https://catalog.archives.gov/id/147870913,https://s3.amazonaws.com/NARAprodstorage/lz/presidential-libraries/clinton/foia/2013/2013-0549-F/42-t-101784486-20130549F-009-002-2018.pdf,"Source: National Archives and Records Administration, National Archives Catalog, Clinton Presidential Records, Presidential Daily Diary, Ellen McCathran Files, Release LPWJC 2013-0549-F, [04/15/1998-04/30/1998], NAID 147870913, Unclassified diary record.","Use as a chronology lead; chase the substantive memcon, telcon, briefing book, trip file, or summit file before selection."
1998-05-02,,Telcon,Memorandum of Telephone conversation with NATO Secretary General Solana,Bill Clinton,United States,European Security Architecture,Include candidate,Pending review,William J. Clinton Presidential Library; 118889,Confidential; Confidential,,https://clinton.presidentiallibraries.us/items/show/118889,https://clinton.presidentiallibraries.us/files/original/11d052c456f355d767263bf051e4efe7.pdf,"Source: William J. Clinton Presidential Library, Clinton Digital Library, Declassified Documents, Telcons - Memoranda of Telephone Conversations, Release 2015-0548-M, Item 118889. Confidential.",Verify Washington time and final chronological placement against the source image or PDF.
1998-05-04,,Telcon,Memorandum of Telephone Conversation - President Vaclav Havel of the Czech Republic,Bill Clinton; Vaclav Havel,United States; Russia; Czech Republic,NATO-Russia and Partnership,Include candidate,Pending review,William J. Clinton Presidential Library; 101537,No classification marking; No classification marking,,https://clinton.presidentiallibraries.us/items/show/101537,,"Source: William J. Clinton Presidential Library, Clinton Digital Library, Declassified Documents, Telcons - Memoranda of Telephone Conversations, Release 2015-0773-M, Item 101537. No classification marking.",Verify Washington time and final chronological placement against the source image or PDF.
1998-05-06,,Memcon,Memorandum of Conversation - Prime Minister Romano Prodi of Italy,Bill Clinton,United States; Russia; Germany; Kosovo; Italy,Crisis Security Files,Include candidate,Pending review,William J. Clinton Presidential Library; 101540,Confidential; Confidential,,https://clinton.presidentiallibraries.us/items/show/101540,https://clinton.presidentiallibraries.us/files/original/0558ee545f56589a7cbf670e78115cc4.pdf,"Source: William J. Clinton Presidential Library, Clinton Digital Library, Declassified Documents, Memcons - Memoranda of Conversation, Release 2015-0755-M, Item 101540. Confidential.",Verify Washington time and final chronological placement against the source image or PDF.
1998-05-08,,Context,Presidential Daily Diary reference: calls with Javier Solana and Vaclav Havel,Bill Clinton; Javier Solana; Vaclav Havel,United States; Czech Republic,NATO Strategy and Enlargement,Context candidate,Released with excisions,"National Archives and Records Administration, National Archives Catalog; LPWJC 2013-0549-F; 147870915; pages 11 and 13",Unclassified diary record,pages 11 and 13,https://catalog.archives.gov/id/147870915,https://s3.amazonaws.com/NARAprodstorage/lz/presidential-libraries/clinton/foia/2013/2013-0549-F/42-t-101784486-20130549F-009-003-2018.pdf,"Source: National Archives and Records Administration, National Archives Catalog, Clinton Presidential Records, Presidential Daily Diary, Ellen McCathran Files, Release LPWJC 2013-0549-F, [05/01/1998-05/15/1998], NAID 147870915, Unclassified diary record.","Use as a chronology lead; chase the substantive memcon, telcon, briefing book, trip file, or summit file before selection."
1998-05-12,,Context,Presidential Daily Diary reference: NATO accession ratification ceremony,Bill Clinton; Madeleine Albright; William Cohen; Joseph Ralston,United States; Poland; Czech Republic; Hungary,NATO Strategy and Enlargement,Context candidate,Released with excisions,"National Archives and Records Administration, National Archives Catalog; LPWJC 2010-0083-F; 17368188; pages 12-13",Unclassified diary record,pages 12-13,https://catalog.archives.gov/id/17368188,https://s3.amazonaws.com/NARAprodstorage/opastorage/live/88/3681/17368188/content/presidential-libraries/clinton/foia/2010-0083-F/2010-0083-F-PDF/Box_002/42-t-7262157-20100083F-002-006-2015.pdf,"Source: National Archives and Records Administration, National Archives Catalog, Clinton Presidential Records, Presidential Daily Diary, Ellen McCathran Files, Release LPWJC 2010-0083-F, [Ellen McCathran - Presidential Daily Diary - Hardcopy 5/3/98; 5/21/98; 5/22/98; 5/24/98; 6/3/98; 6/11/98; 6/21/98], NAID 17368188, Unclassified diary record.","Use as a chronology lead; chase the substantive memcon, telcon, briefing book, trip file, or summit file before selection."
1998-05-12,,Telcon,"Telephone call with President Boris Yeltsin of Russia, May 12, 1998, White House",Bill Clinton; Boris Yeltsin,United States; Russia,NATO-Russia and Partnership,Context candidate,Released in full,"William J. Clinton Presidential Library, MDR Release 2015-0782-M-2; 2015-0782-M-2; 2015-0782-M-2; 286-290",Secret; Secret,286-290,https://www.clintonlibrary.gov/research/archives/finding-aids/declassified-documents-concerning-russian-president-boris-yeltsin-0,https://www.clintonlibrary.gov/sites/default/files/finding_aids_a_z/2026-01/2015-0782-M-2.pdf,"Source: William J. Clinton Presidential Library, Meetings and Telephone Calls with Foreign Leaders, master chronology, Release packet 2015-0782-M-2. Secret.",Verify Washington time and final chronological placement against the source image or PDF.
1998-05-17,,Memcon,"Meeting with President Boris Yeltsin of Russia, May 17, 1998, Birmingham, England",Bill Clinton; Boris Yeltsin,United States; Russia,NATO-Russia and Partnership,Context candidate,Released in full,"William J. Clinton Presidential Library, MDR Release 2015-0782-M-2; 2015-0782-M-2; 2015-0782-M-2; 312-319",Confidential; Confidential,312-319,https://www.clintonlibrary.gov/research/archives/finding-aids/declassified-documents-concerning-russian-president-boris-yeltsin-0,https://www.clintonlibrary.gov/sites/default/files/finding_aids_a_z/2026-01/2015-0782-M-2.pdf,"Source: William J. Clinton Presidential Library, Meetings and Telephone Calls with Foreign Leaders, master chronology, Release packet 2015-0782-M-2. Confidential.",Verify Washington time and final chronological placement against the source image or PDF.
1998-05-17,,Memcon,Memorandum of Conversation - President Boris Yeltsin of Russia,Bill Clinton; Boris Yeltsin,United States; Russia; Kosovo,Crisis Security Files,Include candidate,Pending review,William J. Clinton Presidential Library; 101528,Confidential; Confidential,,https://clinton.presidentiallibraries.us/items/show/101528,https://clinton.presidentiallibraries.us/files/original/de36fdf16dd4aee1a6215050f89ba430.pdf,"Source: William J. Clinton Presidential Library, Clinton Digital Library, Declassified Documents, Memcons - Memoranda of Conversation, Release 2015-0782-M-2, Item 101528. Confidential.",Verify Washington time and final chronological placement against the source image or PDF.
1998-05-21,,Telcon,"Telephone call with President Boris Yeltsin of Russia, May 21, 1998, White House",Bill Clinton; Boris Yeltsin,United States; Russia,NATO-Russia and Partnership,Context candidate,Released in full,"William J. Clinton Presidential Library, MDR Release 2015-0782-M-2; 2015-0782-M-2; 2015-0782-M-2; 301-303",Confidential; Confidential,301-303,https://www.clintonlibrary.gov/research/archives/finding-aids/declassified-documents-concerning-russian-president-boris-yeltsin-0,https://www.clintonlibrary.gov/sites/default/files/finding_aids_a_z/2026-01/2015-0782-M-2.pdf,"Source: William J. Clinton Presidential Library, Meetings and Telephone Calls with Foreign Leaders, master chronology, Release packet 2015-0782-M-2. Confidential.",Verify Washington time and final chronological placement against the source image or PDF.
1998-05-28,,Telcon,"Telephone call with President Boris Yeltsin of Russia, May 28, 1998, White House",Bill Clinton; Boris Yeltsin,United States; Russia,NATO-Russia and Partnership,Context candidate,Released in full,"William J. Clinton Presidential Library, MDR Release 2015-0782-M-2; 2015-0782-M-2; 2015-0782-M-2; 329-332",Confidential; Confidential,329-332,https://www.clintonlibrary.gov/research/archives/finding-aids/declassified-documents-concerning-russian-president-boris-yeltsin-0,https://www.clintonlibrary.gov/sites/default/files/finding_aids_a_z/2026-01/2015-0782-M-2.pdf,"Source: William J. Clinton Presidential Library, Meetings and Telephone Calls with Foreign Leaders, master chronology, Release packet 2015-0782-M-2. Confidential.",Verify Washington time and final chronological placement against the source image or PDF.
1998-05-29,,Context,Presidential Daily Diary reference: Kosovo meeting with Ibrahim Rugova and Dayton implementation briefing,Bill Clinton; Ibrahim Rugova; Al Gore; Samuel Berger; Robert Gelbard,United States; Kosovo; Bosnia and Herzegovina,Crisis Security Files,Context candidate,Released with excisions,"National Archives and Records Administration, National Archives Catalog; LPWJC 2013-0549-F; 147870917; pages 54-55",Unclassified diary record,pages 54-55,https://catalog.archives.gov/id/147870917,https://s3.amazonaws.com/NARAprodstorage/lz/presidential-libraries/clinton/foia/2013/2013-0549-F/42-t-101784486-20130549F-009-004-2018.pdf,"Source: National Archives and Records Administration, National Archives Catalog, Clinton Presidential Records, Presidential Daily Diary, Ellen McCathran Files, Release LPWJC 2013-0549-F, [05/16/1998-05/31/1998], NAID 147870917, Unclassified diary record.","Use as a chronology lead; chase the substantive memcon, telcon, briefing book, trip file, or summit file before selection."
1998-06-15,,Context,Presidential Daily Diary reference: meeting and conference call with Boris Yeltsin,Bill Clinton; Boris Yeltsin; Strobe Talbott; Samuel Berger,United States; Russia,Crisis Security Files,Context candidate,Released with excisions,"National Archives and Records Administration, National Archives Catalog; LPWJC 2013-0549-F; 147870919; pages 101-103",Unclassified diary record,pages 101-103,https://catalog.archives.gov/id/147870919,https://s3.amazonaws.com/NARAprodstorage/lz/presidential-libraries/clinton/foia/2013/2013-0549-F/42-t-101784486-20130549F-009-005-2018.pdf,"Source: National Archives and Records Administration, National Archives Catalog, Clinton Presidential Records, Presidential Daily Diary, Ellen McCathran Files, Release LPWJC 2013-0549-F, [06/01/1998-06/15/1998], NAID 147870919, Unclassified diary record.","Use as a chronology lead; chase the substantive memcon, telcon, briefing book, trip file, or summit file before selection."
1998-06-15,,Telcon,"Telephone call with President Boris Yeltsin of Russia, June 15, 1998, White House",Bill Clinton; Boris Yeltsin,United States; Russia,NATO-Russia and Partnership,Context candidate,Released in full,"William J. Clinton Presidential Library, MDR Release 2015-0782-M-2; 2015-0782-M-2; 2015-0782-M-2; 342-346",Confidential; Confidential,342-346,https://www.clintonlibrary.gov/research/archives/finding-aids/declassified-documents-concerning-russian-president-boris-yeltsin-0,https://www.clintonlibrary.gov/sites/default/files/finding_aids_a_z/2026-01/2015-0782-M-2.pdf,"Source: William J. Clinton Presidential Library, Meetings and Telephone Calls with Foreign Leaders, master chronology, Release packet 2015-0782-M-2. Confidential.",Verify Washington time and final chronological placement against the source image or PDF.
1998-06-16,,Telcon,"Telephone call with President Boris Yeltsin of Russia, June 16, 1998, White House",Bill Clinton; Boris Yeltsin,United States; Russia,NATO-Russia and Partnership,Context candidate,Released in full,"William J. Clinton Presidential Library, MDR Release 2015-0782-M-2; 2015-0782-M-2; 2015-0782-M-2; 359-360",Confidential; Confidential,359-360,https://www.clintonlibrary.gov/research/archives/finding-aids/declassified-documents-concerning-russian-president-boris-yeltsin-0,https://www.clintonlibrary.gov/sites/default/files/finding_aids_a_z/2026-01/2015-0782-M-2.pdf,"Source: William J. Clinton Presidential Library, Meetings and Telephone Calls with Foreign Leaders, master chronology, Release packet 2015-0782-M-2. Confidential.",Verify Washington time and final chronological placement against the source image or PDF.
1998-07-10,,Telcon,"Telephone call with President Boris Yeltsin of Russia, July 10, 1998, White House",Bill Clinton; Boris Yeltsin,United States; Russia,NATO-Russia and Partnership,Context candidate,Released in full,"William J. Clinton Presidential Library, MDR Release 2015-0782-M-2; 2015-0782-M-2; 2015-0782-M-2; 371-374",Confidential; Confidential,371-374,https://www.clintonlibrary.gov/research/archives/finding-aids/declassified-documents-concerning-russian-president-boris-yeltsin-0,https://www.clintonlibrary.gov/sites/default/files/finding_aids_a_z/2026-01/2015-0782-M-2.pdf,"Source: William J. Clinton Presidential Library, Meetings and Telephone Calls with Foreign Leaders, master chronology, Release packet 2015-0782-M-2. Confidential.",Verify Washington time and final chronological placement against the source image or PDF.
1998-07-16,,Memcon,Memorandum of Conversation with NATO Secretary General Javier Solana,Bill Clinton; Javier Solana,United States; Russia; Bosnia and Herzegovina; Kosovo; Ukraine,Crisis Security Files,Include candidate,Pending review,William J. Clinton Presidential Library; 118883,Confidential; Confidential,,https://clinton.presidentiallibraries.us/items/show/118883,https://clinton.presidentiallibraries.us/files/original/3025a65e30e068505e4d32c1a6c0a539.pdf,"Source: William J. Clinton Presidential Library, Clinton Digital Library, Declassified Documents, Memcons - Memoranda of Conversation, Release 2015-0548-M, Item 118883. Confidential.",Verify Washington time and final chronological placement against the source image or PDF.
1998-08-14,,Telcon,"Telephone call with President Boris Yeltsin of Russia, August 14, 1998, White House",Bill Clinton; Boris Yeltsin,United States; Russia,NATO-Russia and Partnership,Context candidate,Released in full,"William J. Clinton Presidential Library, MDR Release 2015-0782-M-2; 2015-0782-M-2; 2015-0782-M-2; 384-389",Secret; Secret,384-389,https://www.clintonlibrary.gov/research/archives/finding-aids/declassified-documents-concerning-russian-president-boris-yeltsin-0,https://www.clintonlibrary.gov/sites/default/files/finding_aids_a_z/2026-01/2015-0782-M-2.pdf,"Source: William J. Clinton Presidential Library, Meetings and Telephone Calls with Foreign Leaders, master chronology, Release packet 2015-0782-M-2. Secret.",Verify Washington time and final chronological placement against the source image or PDF.
1998-08-25,,Telcon,"Telephone call with President Boris Yeltsin of Russia, August 25, 1998, Martha's Vineyard, Massachusetts",Bill Clinton; Boris Yeltsin,United States; Russia,NATO-Russia and Partnership,Context candidate,Released in full,"William J. Clinton Presidential Library, MDR Release 2015-0782-M-2; 2015-0782-M-2; 2015-0782-M-2; 405-408",Secret; Secret,405-408,https://www.clintonlibrary.gov/research/archives/finding-aids/declassified-documents-concerning-russian-president-boris-yeltsin-0,https://www.clintonlibrary.gov/sites/default/files/finding_aids_a_z/2026-01/2015-0782-M-2.pdf,"Source: William J. Clinton Presidential Library, Meetings and Telephone Calls with Foreign Leaders, master chronology, Release packet 2015-0782-M-2. Secret.",Verify Washington time and final chronological placement against the source image or PDF.
1998-09-01,,Memcon,"Meetings with President Boris Yeltsin of Russia, September 1-2, 1998, Moscow, Russia",Bill Clinton; Boris Yeltsin,United States; Russia,NATO-Russia and Partnership,Context candidate,Pending review,"William J. Clinton Presidential Library, MDR Release 2015-0782-M-2; 2015-0782-M-2; 2015-0782-M-2; No released September 1-2, 1998 Moscow memcon pages located in 2015-0782-M-2",,"No released September 1-2, 1998 Moscow memcon pages located in 2015-0782-M-2",https://www.clintonlibrary.gov/research/archives/finding-aids/declassified-documents-concerning-russian-president-boris-yeltsin-0,https://www.clintonlibrary.gov/sites/default/files/finding_aids_a_z/2026-01/2015-0782-M-2.pdf,"Source: William J. Clinton Presidential Library, Meetings and Telephone Calls with Foreign Leaders, master chronology, Release packet 2015-0782-M-2.",Verify Washington time and final chronological placement against the source image or PDF.
1998-09-02,,Context,Presidential Daily Diary reference: Moscow meeting with Yeltsin and common-security signing,Bill Clinton; Boris Yeltsin; Madeleine Albright; Strobe Talbott,United States; Russia,NATO-Russia and Partnership,Context candidate,Released with excisions,"National Archives and Records Administration, National Archives Catalog; LPWJC 2010-0083-F; 17368189; pages 57-58",Unclassified diary record,pages 57-58,https://catalog.archives.gov/id/17368189,https://s3.amazonaws.com/NARAprodstorage/opastorage/live/89/3681/17368189/content/presidential-libraries/clinton/foia/2010-0083-F/2010-0083-F-PDF/Box_002/42-t-7262157-20100083F-002-007-2015.pdf,"Source: National Archives and Records Administration, National Archives Catalog, Clinton Presidential Records, Presidential Daily Diary, Ellen McCathran Files, Release LPWJC 2010-0083-F, [Ellen McCathran - Presidential Daily Diary - Hardcopy 7/7/98; 7/17/98; 7/19/98; 7/29/98; 8/1/98; 8/3/98; 8/21/98; 8/30/98; 9/2/98; 9/15/98; 9/18/98; 9/26/98], NAID 17368189, Unclassified diary record.","Use as a chronology lead; chase the substantive memcon, telcon, briefing book, trip file, or summit file before selection."
1998-09-12,,Telcon,"Telephone call with President Boris Yeltsin of Russia, September 12, 1998, White House",Bill Clinton; Boris Yeltsin,United States; Russia,NATO-Russia and Partnership,Context candidate,Released in full,"William J. Clinton Presidential Library, MDR Release 2015-0782-M-2; 2015-0782-M-2; 2015-0782-M-2; 422-425",Confidential; Confidential,422-425,https://www.clintonlibrary.gov/research/archives/finding-aids/declassified-documents-concerning-russian-president-boris-yeltsin-0,https://www.clintonlibrary.gov/sites/default/files/finding_aids_a_z/2026-01/2015-0782-M-2.pdf,"Source: William J. Clinton Presidential Library, Meetings and Telephone Calls with Foreign Leaders, master chronology, Release packet 2015-0782-M-2. Confidential.",Verify Washington time and final chronological placement against the source image or PDF.
1998-09-16,,Memcon,Memorandum of Conversation - President Vaclav Havel of the Czech Republic,Bill Clinton; Vaclav Havel,United States; Russia; Czech Republic; Kosovo,Crisis Security Files,Include candidate,Pending review,William J. Clinton Presidential Library; 101539,Confidential; Confidential,,https://clinton.presidentiallibraries.us/items/show/101539,,"Source: William J. Clinton Presidential Library, Clinton Digital Library, Declassified Documents, Memcons - Memoranda of Conversation, Release 2015-0773-M, Item 101539. Confidential.",Verify Washington time and final chronological placement against the source image or PDF.
1998-09-18,,Context,Presidential Daily Diary reference: Kosovo meeting with Robert Dole,Bill Clinton; Robert Dole; Madeleine Albright; Samuel Berger,United States; Kosovo,Crisis Security Files,Context candidate,Released with excisions,"National Archives and Records Administration, National Archives Catalog; LPWJC 2010-0083-F; 17368189; page 80",Unclassified diary record,page 80,https://catalog.archives.gov/id/17368189,https://s3.amazonaws.com/NARAprodstorage/opastorage/live/89/3681/17368189/content/presidential-libraries/clinton/foia/2010-0083-F/2010-0083-F-PDF/Box_002/42-t-7262157-20100083F-002-007-2015.pdf,"Source: National Archives and Records Administration, National Archives Catalog, Clinton Presidential Records, Presidential Daily Diary, Ellen McCathran Files, Release LPWJC 2010-0083-F, [Ellen McCathran - Presidential Daily Diary - Hardcopy 7/7/98; 7/17/98; 7/19/98; 7/29/98; 8/1/98; 8/3/98; 8/21/98; 8/30/98; 9/2/98; 9/15/98; 9/18/98; 9/26/98], NAID 17368189, Unclassified diary record.","Use as a chronology lead; chase the substantive memcon, telcon, briefing book, trip file, or summit file before selection."
1998-10-05,,Telcon,"Telephone call with President Boris Yeltsin of Russia, October 5, 1998, White House",Bill Clinton; Boris Yeltsin,United States; Russia,NATO-Russia and Partnership,Context candidate,Released in full,"William J. Clinton Presidential Library, Clinton Digital Library, Item 100503, MDR release 2016-0620-M; 2016-0620-M; 2015-0782-M-2; 3-5",Secret; Secret,3-5,https://www.clintonlibrary.gov/research/archives/finding-aids/declassified-documents-concerning-russian-president-boris-yeltsin-0,https://clinton.presidentiallibraries.us/files/original/dac856cd6bbd10b93c2eb815862bce44.pdf,"Source: William J. Clinton Presidential Library, Meetings and Telephone Calls with Foreign Leaders, master chronology, Release packet 2015-0782-M-2. Counted from Clinton Digital Library item 100503, MDR release 2016-0620-M. Source PDF pages 1-2 are an August 24 briefing memorandum and page 6 is a separate Berger memorandum; only telcon pages 3-5 were counted. Secret.",Verify Washington time and final chronological placement against the source image or PDF.
1998-10-21,,Memcon,Memorandum of Conversation with President Adamkus of Lithuania,Bill Clinton,United States,NATO Strategy and Enlargement,Include candidate,Pending review,William J. Clinton Presidential Library; 118917,Confidential; Confidential,,https://clinton.presidentiallibraries.us/items/show/118917,https://clinton.presidentiallibraries.us/files/original/29c17fc63800df67688f1771d127a45e.pdf,"Source: William J. Clinton Presidential Library, Clinton Digital Library, Declassified Documents, Memcons - Memoranda of Conversation, Release 2016-0384-M, Item 118917. Confidential.",Verify Washington time and final chronological placement against the source image or PDF.
1998-12-30,,Telcon,"Telephone call with President Boris Yeltsin of Russia, December 30, 1998, White House",Bill Clinton; Boris Yeltsin,United States; Russia,NATO-Russia and Partnership,Context candidate,Released in full,"William J. Clinton Presidential Library, Clinton Digital Library, Item 119190, Telcons - Memoranda of Telephone Conversation; clinton-item-119190; 2015-0782-M-2; 1-5",Confidential; Confidential,1-5,https://www.clintonlibrary.gov/research/archives/finding-aids/declassified-documents-concerning-russian-president-boris-yeltsin-0,https://clinton.presidentiallibraries.us/files/original/1ec29c3214c0ccb6c6ed30fd7e5b06af.pdf,"Source: William J. Clinton Presidential Library, Meetings and Telephone Calls with Foreign Leaders, master chronology, Release packet 2015-0782-M-2. Counted from Clinton Digital Library item 119190. The source PDF appears to consist only of the December 30, 1998 Clinton-Yeltsin telcon. Confidential.",Verify Washington time and final chronological placement against the source image or PDF.
1999-03-15,,Memcon,Memorandum of Conversation with Secretary General Javier Solana of NATO,Bill Clinton; Javier Solana,United States; Russia; Kosovo,Crisis Security Files,Include candidate,Pending review,William J. Clinton Presidential Library; 118888,Confidential; Confidential,,https://clinton.presidentiallibraries.us/items/show/118888,https://clinton.presidentiallibraries.us/files/original/5453fc71dd35fc99315b6be63240e1be.pdf,"Source: William J. Clinton Presidential Library, Clinton Digital Library, Declassified Documents, Memcons - Memoranda of Conversation, Release 2015-0548-M, Item 118888. Confidential.",Verify Washington time and final chronological placement against the source image or PDF.
1999-03-21,,Telcon,Memorandum of Telephone Conversation with French President Jacques Chirac,Bill Clinton; Jacques Chirac,United States; Russia; France; Kosovo,Crisis Security Files,Include candidate,Pending review,William J. Clinton Presidential Library; 119246,Secret; Secret,,https://clinton.presidentiallibraries.us/items/show/119246,https://clinton.presidentiallibraries.us/files/original/6423ae532d85907c701765a8184ecd07.pdf,"Source: William J. Clinton Presidential Library, Clinton Digital Library, Declassified Documents, Telcons - Memoranda of Telephone Conversations, Release 2014-0558-M, Item 119246. Secret.",Verify Washington time and final chronological placement against the source image or PDF.
1999-03-21,,Telcon,Memorandum of Telephone Conversation with German Chancellor,Bill Clinton,United States; Germany; Kosovo,Crisis Security Files,Include candidate,Pending review,William J. Clinton Presidential Library; 119248,Secret; Secret,,https://clinton.presidentiallibraries.us/items/show/119248,https://clinton.presidentiallibraries.us/files/original/c5c2b6d34857e3aa7c7d5289d5471abd.pdf,"Source: William J. Clinton Presidential Library, Clinton Digital Library, Declassified Documents, Telcons - Memoranda of Telephone Conversations, Release 2014-0558-M, Item 119248. Secret.",Verify Washington time and final chronological placement against the source image or PDF.
1999-03-23,,Context,Presidential Daily Diary reference: Kosovo briefings and congressional meeting,Bill Clinton; Madeleine Albright; William Cohen; George Tenet; Henry Shelton,United States; Kosovo; Serbia,Crisis Security Files,Context candidate,Released with excisions,"National Archives and Records Administration, National Archives Catalog; LPWJC 2013-0549-F; 147870957; pages 26 and 33",Unclassified diary record,pages 26 and 33,https://catalog.archives.gov/id/147870957,https://s3.amazonaws.com/NARAprodstorage/lz/presidential-libraries/clinton/foia/2013/2013-0549-F/42-t-101784486-20130549F-011-002-2018.pdf,"Source: National Archives and Records Administration, National Archives Catalog, Clinton Presidential Records, Presidential Daily Diary, Ellen McCathran Files, Release LPWJC 2013-0549-F, [03/19/1999-03/31/1999], NAID 147870957, Unclassified diary record.","Use as a chronology lead; chase the substantive memcon, telcon, briefing book, trip file, or summit file before selection."
1999-03-24,,Context,Presidential Daily Diary reference: Kosovo air-strike briefing and statement,Bill Clinton; Jean Chretien; Samuel Berger; James Steinberg,United States; Canada; Serbia; Kosovo,Crisis Security Files,Context candidate,Released with excisions,"National Archives and Records Administration, National Archives Catalog; LPWJC 2013-0549-F; 147870957; pages 37-38",Unclassified diary record,pages 37-38,https://catalog.archives.gov/id/147870957,https://s3.amazonaws.com/NARAprodstorage/lz/presidential-libraries/clinton/foia/2013/2013-0549-F/42-t-101784486-20130549F-011-002-2018.pdf,"Source: National Archives and Records Administration, National Archives Catalog, Clinton Presidential Records, Presidential Daily Diary, Ellen McCathran Files, Release LPWJC 2013-0549-F, [03/19/1999-03/31/1999], NAID 147870957, Unclassified diary record.","Use as a chronology lead; chase the substantive memcon, telcon, briefing book, trip file, or summit file before selection."
1999-03-24,,Telcon,"Telephone call with President Boris Yeltsin of Russia, March 24, 1999, White House",Bill Clinton; Boris Yeltsin,United States; Russia; Kosovo,Crisis Security Files,Context candidate,Released in full,"William J. Clinton Presidential Library, MDR Release 2015-0782-M-2; 2015-0782-M-2; 2015-0782-M-2; 432-436",Secret; Secret,432-436,https://www.clintonlibrary.gov/research/archives/finding-aids/declassified-documents-concerning-russian-president-boris-yeltsin-0,https://www.clintonlibrary.gov/sites/default/files/finding_aids_a_z/2026-01/2015-0782-M-2.pdf,"Source: William J. Clinton Presidential Library, Meetings and Telephone Calls with Foreign Leaders, master chronology, Release packet 2015-0782-M-2; related packet(s): 2014-0546-M-Release-A. The packet header has a date typo, but the marker, document ID, and leader chronology identify this as March 24, 1999. Secret.",Verify Washington time and final chronological placement against the source image or PDF.
1999-03-25,,Telcon,Memorandum of Telephone Conversation with Secretary General Javier Solana,Bill Clinton; Javier Solana,United States; Russia; Kosovo,Crisis Security Files,Include candidate,Pending review,William J. Clinton Presidential Library; 118887,Secret; Secret,,https://clinton.presidentiallibraries.us/items/show/118887,https://clinton.presidentiallibraries.us/files/original/edf02c9df20fc3617fbf9f72312bcedb.pdf,"Source: William J. Clinton Presidential Library, Clinton Digital Library, Declassified Documents, Telcons - Memoranda of Telephone Conversations, Release 2015-0548-M, Item 118887. Secret.",Verify Washington time and final chronological placement against the source image or PDF.
1999-04-06,,Context,Presidential Daily Diary reference: Kosovo and Balkans briefing,Bill Clinton; William Cohen; John Podesta; Samuel Berger,United States; Kosovo; Serbia,Crisis Security Files,Context candidate,Released with excisions,"National Archives and Records Administration, National Archives Catalog; LPWJC 2010-0083-F; 17368193; page 4",Unclassified diary record,page 4,https://catalog.archives.gov/id/17368193,https://s3.amazonaws.com/NARAprodstorage/opastorage/live/93/3681/17368193/content/presidential-libraries/clinton/foia/2010-0083-F/2010-0083-F-PDF/Box_002/42-t-7262157-20100083F-002-010-2015.pdf,"Source: National Archives and Records Administration, National Archives Catalog, Clinton Presidential Records, Presidential Daily Diary, Ellen McCathran Files, Release LPWJC 2010-0083-F, [Ellen McCathran - Presidential Daily Diary - Hardcopy 4/9/99; 4/14/99; 4/27/99; 4/30/99; 5/2/99; 5/20/99; 5/24/99; 5/28/99; 6/2/99; 6/10/99; 6/20/99], NAID 17368193, Unclassified diary record.","Use as a chronology lead; chase the substantive memcon, telcon, briefing book, trip file, or summit file before selection."
1999-04-19,,Telcon,"Telephone call with President Boris Yeltsin of Russia, April 19, 1999, White House",Bill Clinton; Boris Yeltsin,United States; Russia; Kosovo,Crisis Security Files,Context candidate,Released in full,"William J. Clinton Presidential Library, MDR Release 2015-0782-M-2; 2015-0782-M-2; 2015-0782-M-2; 438-443",Secret; Secret,438-443,https://www.clintonlibrary.gov/research/archives/finding-aids/declassified-documents-concerning-russian-president-boris-yeltsin-0,https://www.clintonlibrary.gov/sites/default/files/finding_aids_a_z/2026-01/2015-0782-M-2.pdf,"Source: William J. Clinton Presidential Library, Meetings and Telephone Calls with Foreign Leaders, master chronology, Release packet 2015-0782-M-2; related packet(s): 2014-0546-M-Release-A. Secret.",Verify Washington time and final chronological placement against the source image or PDF.
1999-04-22,,Memcon,Memorandum of Conversation with NATO Secretary General Javier Solana,Bill Clinton; Javier Solana,United States; France; United Kingdom; Kosovo,Crisis Security Files,Include candidate,Pending review,William J. Clinton Presidential Library; 118886,Secret; Secret,,https://clinton.presidentiallibraries.us/items/show/118886,https://clinton.presidentiallibraries.us/files/original/76744b37fd4e81e9fd84dfca07ee5cd3.pdf,"Source: William J. Clinton Presidential Library, Clinton Digital Library, Declassified Documents, Memcons - Memoranda of Conversation, Release 2015-0548-M, Item 118886. Secret.",Verify Washington time and final chronological placement against the source image or PDF.
1999-04-22,,Context,Presidential Daily Diary reference: meeting with NATO Secretary General Javier Solana,Bill Clinton; Javier Solana; Samuel Berger,United States,Crisis Security Files,Context candidate,Released with excisions,"National Archives and Records Administration, National Archives Catalog; LPWJC 2013-0549-F; 147870961; pages 35-36",Unclassified diary record,pages 35-36,https://catalog.archives.gov/id/147870961,https://s3.amazonaws.com/NARAprodstorage/lz/presidential-libraries/clinton/foia/2013/2013-0549-F/42-t-101784486-20130549F-011-004-2018.pdf,"Source: National Archives and Records Administration, National Archives Catalog, Clinton Presidential Records, Presidential Daily Diary, Ellen McCathran Files, Release LPWJC 2013-0549-F, [04/18/1999-04/30/1999], NAID 147870961, Unclassified diary record.","Use as a chronology lead; chase the substantive memcon, telcon, briefing book, trip file, or summit file before selection."
1999-04-23,,Context,Presidential Daily Diary reference: NATO 50th Anniversary Summit weekend,Bill Clinton; Jacques Chirac; Javier Solana; Boris Yeltsin; Strobe Talbott,United States; France; Russia; Ukraine,Crisis Security Files,Context candidate,Released with excisions,"National Archives and Records Administration, National Archives Catalog; LPWJC 2013-0549-F; 147870961; pages 40-49",Unclassified diary record,pages 40-49,https://catalog.archives.gov/id/147870961,https://s3.amazonaws.com/NARAprodstorage/lz/presidential-libraries/clinton/foia/2013/2013-0549-F/42-t-101784486-20130549F-011-004-2018.pdf,"Source: National Archives and Records Administration, National Archives Catalog, Clinton Presidential Records, Presidential Daily Diary, Ellen McCathran Files, Release LPWJC 2013-0549-F, [04/18/1999-04/30/1999], NAID 147870961, Unclassified diary record.","Use as a chronology lead; chase the substantive memcon, telcon, briefing book, trip file, or summit file before selection."
1999-04-25,,Telcon,"Telephone call with President Boris Yeltsin of Russia, April 25, 1999, Washington, D.C.",Bill Clinton; Boris Yeltsin,United States; Russia; Kosovo,Crisis Security Files,Context candidate,Released in full,"William J. Clinton Presidential Library, MDR Release 2015-0782-M-2; 2015-0782-M-2; 2015-0782-M-2; 445-456",Secret; Secret,445-456,https://www.clintonlibrary.gov/research/archives/finding-aids/declassified-documents-concerning-russian-president-boris-yeltsin-0,https://www.clintonlibrary.gov/sites/default/files/finding_aids_a_z/2026-01/2015-0782-M-2.pdf,"Source: William J. Clinton Presidential Library, Meetings and Telephone Calls with Foreign Leaders, master chronology, Release packet 2015-0782-M-2; related packet(s): 2014-0546-M-Release-A. Secret.",Verify Washington time and final chronological placement against the source image or PDF.
1999-04-26,,Telcon,Memorandum of Telephone Conversation with NATO Secretary General Solana,Bill Clinton,United States,Crisis Security Files,Include candidate,Pending review,William J. Clinton Presidential Library; 118884,Confidential; Confidential,,https://clinton.presidentiallibraries.us/items/show/118884,https://clinton.presidentiallibraries.us/files/original/182b57f9a5b3d92c408be78e034d1de8.pdf,"Source: William J. Clinton Presidential Library, Clinton Digital Library, Declassified Documents, Telcons - Memoranda of Telephone Conversations, Release 2015-0548-M, Item 118884. Confidential.",Verify Washington time and final chronological placement against the source image or PDF.
1999-05-02,,Telcon,"Telephone call with President Boris Yeltsin of Russia, May 2, 1999, White House",Bill Clinton; Boris Yeltsin,United States; Russia; Kosovo,Crisis Security Files,Context candidate,Released in full,"William J. Clinton Presidential Library, MDR Release 2015-0782-M-2; 2015-0782-M-2; 2015-0782-M-2; 470-473",Secret; Secret,470-473,https://www.clintonlibrary.gov/research/archives/finding-aids/declassified-documents-concerning-russian-president-boris-yeltsin-0,https://www.clintonlibrary.gov/sites/default/files/finding_aids_a_z/2026-01/2015-0782-M-2.pdf,"Source: William J. Clinton Presidential Library, Meetings and Telephone Calls with Foreign Leaders, master chronology, Release packet 2015-0782-M-2; related packet(s): 2014-0546-M-Release-A. Secret.",Verify Washington time and final chronological placement against the source image or PDF.
1999-05-05,,Memcon,Memorandum of Conversation with Secretary General Solana of NATO,Bill Clinton,United States; Kosovo,Crisis Security Files,Include candidate,Pending review,William J. Clinton Presidential Library; 118885,Confidential; Confidential,,https://clinton.presidentiallibraries.us/items/show/118885,https://clinton.presidentiallibraries.us/files/original/211af0c28d36dacd5ca394e846147219.pdf,"Source: William J. Clinton Presidential Library, Clinton Digital Library, Declassified Documents, Memcons - Memoranda of Conversation, Release 2015-0548-M, Item 118885. Confidential.",Verify Washington time and final chronological placement against the source image or PDF.
1999-05-05,,Context,Presidential Daily Diary reference: NATO Headquarters visit and allied forces briefing,Bill Clinton; Javier Solana; Sandy Vershbow; Antony Blinken; Madeleine Albright; William Cohen,United States; Belgium,Crisis Security Files,Context candidate,Released with excisions,"National Archives and Records Administration, National Archives Catalog; LPWJC 2013-0549-F; 147870963; pages 19-24",Unclassified diary record,pages 19-24,https://catalog.archives.gov/id/147870963,https://s3.amazonaws.com/NARAprodstorage/lz/presidential-libraries/clinton/foia/2013/2013-0549-F/42-t-101784486-20130549F-011-005-2018.pdf,"Source: National Archives and Records Administration, National Archives Catalog, Clinton Presidential Records, Presidential Daily Diary, Ellen McCathran Files, Release LPWJC 2013-0549-F, [05/01/1999-05/14/1999], NAID 147870963, Unclassified diary record.","Use as a chronology lead; chase the substantive memcon, telcon, briefing book, trip file, or summit file before selection."
1999-05-27,,Telcon,Memorandum of Telephone Conversation - President Vaclav Havel of the Czech Republic,Bill Clinton; Vaclav Havel,United States; Czech Republic; Kosovo,Crisis Security Files,Include candidate,Pending review,William J. Clinton Presidential Library; 101612,Confidential; Confidential,,https://clinton.presidentiallibraries.us/items/show/101612,,"Source: William J. Clinton Presidential Library, Clinton Digital Library, Declassified Documents, Telcons - Memoranda of Telephone Conversations, Release 2015-0773-M, Item 101612. Confidential.",Verify Washington time and final chronological placement against the source image or PDF.
1999-06-07,,Telcon,"Telephone call with President Boris Yeltsin of Russia, June 7, 1999, White House",Bill Clinton; Boris Yeltsin,United States; Russia; Kosovo,Crisis Security Files,Context candidate,Released in full,"William J. Clinton Presidential Library, MDR Release 2015-0782-M-2; 2015-0782-M-2; 2015-0782-M-2; 479-480",Confidential; Confidential,479-480,https://www.clintonlibrary.gov/research/archives/finding-aids/declassified-documents-concerning-russian-president-boris-yeltsin-0,https://www.clintonlibrary.gov/sites/default/files/finding_aids_a_z/2026-01/2015-0782-M-2.pdf,"Source: William J. Clinton Presidential Library, Meetings and Telephone Calls with Foreign Leaders, master chronology, Release packet 2015-0782-M-2; related packet(s): 2014-0546-M-Release-A. Confidential.",Verify Washington time and final chronological placement against the source image or PDF.
1999-06-08,,Memcon,Memorandum of Conversation - President Arpad Goncz of Hungary,Bill Clinton,United States; Hungary,NATO Strategy and Enlargement,Include candidate,Pending review,William J. Clinton Presidential Library; 101598,Confidential; Confidential,,https://clinton.presidentiallibraries.us/items/show/101598,https://clinton.presidentiallibraries.us/files/original/bba4979c2e685ab534478f898bf75c30.pdf,"Source: William J. Clinton Presidential Library, Clinton Digital Library, Declassified Documents, Memcons - Memoranda of Conversation, Release 2015-0133-M, Item 101598. Confidential.",Verify Washington time and final chronological placement against the source image or PDF.
1999-06-08,,Telcon,"Telephone call with President Boris Yeltsin of Russia, June 8, 1999, White House",Bill Clinton; Boris Yeltsin,United States; Russia; Kosovo,Crisis Security Files,Context candidate,Released in full,"William J. Clinton Presidential Library, MDR Release 2015-0782-M-2; 2015-0782-M-2; 2015-0782-M-2; 482-484",Secret; Secret,482-484,https://www.clintonlibrary.gov/research/archives/finding-aids/declassified-documents-concerning-russian-president-boris-yeltsin-0,https://www.clintonlibrary.gov/sites/default/files/finding_aids_a_z/2026-01/2015-0782-M-2.pdf,"Source: William J. Clinton Presidential Library, Meetings and Telephone Calls with Foreign Leaders, master chronology, Release packet 2015-0782-M-2; related packet(s): 2014-0546-M-Release-A. Secret.",Verify Washington time and final chronological placement against the source image or PDF.
1999-06-10,,Context,Presidential Daily Diary reference: Kosovo Military Technical Agreement calls,Bill Clinton; Wesley Clark; Javier Solana; Boris Yeltsin; Jacques Chirac; Massimo D'Alema; Jose Maria Aznar; Jean Chretien,United States; Russia; France; Italy; Spain; Canada; Kosovo; Serbia,Crisis Security Files,Context candidate,Released with excisions,"National Archives and Records Administration, National Archives Catalog; LPWJC 2010-0083-F; 17368193; pages 59-61",Unclassified diary record,pages 59-61,https://catalog.archives.gov/id/17368193,https://s3.amazonaws.com/NARAprodstorage/opastorage/live/93/3681/17368193/content/presidential-libraries/clinton/foia/2010-0083-F/2010-0083-F-PDF/Box_002/42-t-7262157-20100083F-002-010-2015.pdf,"Source: National Archives and Records Administration, National Archives Catalog, Clinton Presidential Records, Presidential Daily Diary, Ellen McCathran Files, Release LPWJC 2010-0083-F, [Ellen McCathran - Presidential Daily Diary - Hardcopy 4/9/99; 4/14/99; 4/27/99; 4/30/99; 5/2/99; 5/20/99; 5/24/99; 5/28/99; 6/2/99; 6/10/99; 6/20/99], NAID 17368193, Unclassified diary record.","Use as a chronology lead; chase the substantive memcon, telcon, briefing book, trip file, or summit file before selection."
1999-06-10,,Telcon,"Telephone call with President Boris Yeltsin of Russia, June 10, 1999, White House",Bill Clinton; Boris Yeltsin,United States; Russia; Kosovo,Crisis Security Files,Context candidate,Released in full,"William J. Clinton Presidential Library, MDR Release 2015-0782-M-2; 2015-0782-M-2; 2015-0782-M-2; 488-489",Confidential; Confidential,488-489,https://www.clintonlibrary.gov/research/archives/finding-aids/declassified-documents-concerning-russian-president-boris-yeltsin-0,https://www.clintonlibrary.gov/sites/default/files/finding_aids_a_z/2026-01/2015-0782-M-2.pdf,"Source: William J. Clinton Presidential Library, Meetings and Telephone Calls with Foreign Leaders, master chronology, Release packet 2015-0782-M-2; related packet(s): 2014-0546-M-Release-A. Confidential.",Verify Washington time and final chronological placement against the source image or PDF.
1999-06-13,,Telcon,"Telephone call with President Boris Yeltsin of Russia, June 13, 1999, White House",Bill Clinton; Boris Yeltsin,United States; Russia; Kosovo,Crisis Security Files,Context candidate,Released in full,"William J. Clinton Presidential Library, MDR Release 2015-0782-M-2; 2015-0782-M-2; 2015-0782-M-2; 531-537",Secret; Secret,531-537,https://www.clintonlibrary.gov/research/archives/finding-aids/declassified-documents-concerning-russian-president-boris-yeltsin-0,https://www.clintonlibrary.gov/sites/default/files/finding_aids_a_z/2026-01/2015-0782-M-2.pdf,"Source: William J. Clinton Presidential Library, Meetings and Telephone Calls with Foreign Leaders, master chronology, Release packet 2015-0782-M-2; related packet(s): 2014-0546-M-Release-A. Secret.",Verify Washington time and final chronological placement against the source image or PDF.
1999-06-14,,Telcon,"Telephone call with President Boris Yeltsin of Russia, June 14, 1999, White House",Bill Clinton; Boris Yeltsin,United States; Russia; Kosovo,Crisis Security Files,Context candidate,Released in full,"William J. Clinton Presidential Library, MDR Release 2015-0782-M-2; 2015-0782-M-2; 2015-0782-M-2; 521-524",Secret; Secret,521-524,https://www.clintonlibrary.gov/research/archives/finding-aids/declassified-documents-concerning-russian-president-boris-yeltsin-0,https://www.clintonlibrary.gov/sites/default/files/finding_aids_a_z/2026-01/2015-0782-M-2.pdf,"Source: William J. Clinton Presidential Library, Meetings and Telephone Calls with Foreign Leaders, master chronology, Release packet 2015-0782-M-2; related packet(s): 2014-0546-M-Release-A. Secret.",Verify Washington time and final chronological placement against the source image or PDF.
1999-06-20,,Memcon,"Meeting with President Boris Yeltsin of Russia, June 20, 1999, Cologne, Germany",Bill Clinton; Boris Yeltsin,United States; Russia; Germany; Kosovo,Crisis Security Files,Context candidate,Released in full,"William J. Clinton Presidential Library, MDR Release 2015-0782-M-2; 2015-0782-M-2; 2015-0782-M-2; 497-505",Confidential; Confidential,497-505,https://www.clintonlibrary.gov/research/archives/finding-aids/declassified-documents-concerning-russian-president-boris-yeltsin-0,https://www.clintonlibrary.gov/sites/default/files/finding_aids_a_z/2026-01/2015-0782-M-2.pdf,"Source: William J. Clinton Presidential Library, Meetings and Telephone Calls with Foreign Leaders, master chronology, Release packet 2015-0782-M-2; related packet(s): 2014-0546-M-Release-A. Confidential.",Verify Washington time and final chronological placement against the source image or PDF.
1999-06-20,,Memcon,Memorandum of Conversation - President Boris Yeltsin of Russia,Bill Clinton; Boris Yeltsin,United States; Russia; Kosovo,Crisis Security Files,Include candidate,Pending review,William J. Clinton Presidential Library; 101606,Confidential; Confidential,,https://clinton.presidentiallibraries.us/items/show/101606,https://clinton.presidentiallibraries.us/files/original/3a9dfaf27b801d9fcfa3cefddca78be5.pdf,"Source: William J. Clinton Presidential Library, Clinton Digital Library, Declassified Documents, Memcons - Memoranda of Conversation, Release 2015-0782-M-2, Item 101606. Confidential.",Verify Washington time and final chronological placement against the source image or PDF.
1999-11-18,,Context,Presidential Daily Diary reference: OSCE Istanbul Summit and bilateral meeting with Yeltsin,Bill Clinton; Boris Yeltsin; Madeleine Albright; James Steinberg; Antony Blinken,United States; Russia; Turkey,NATO-Russia and Partnership,Context candidate,Released with excisions,"National Archives and Records Administration, National Archives Catalog; LPWJC 2010-0083-F; 17368195; pages 51-59",Unclassified diary record,pages 51-59,https://catalog.archives.gov/id/17368195,https://s3.amazonaws.com/NARAprodstorage/opastorage/live/95/3681/17368195/content/presidential-libraries/clinton/foia/2010-0083-F/2010-0083-F-PDF/Box_002/42-t-7262157-20100083F-002-012-2015.pdf,"Source: National Archives and Records Administration, National Archives Catalog, Clinton Presidential Records, Presidential Daily Diary, Ellen McCathran Files, Release LPWJC 2010-0083-F, [Ellen McCathran - Presidential Daily Diary - Hardcopy 10/6/99; 10/11/99; 10/18/99; 10/28/99; 11/6/99; 10/11/99; 10/18/99; 10/28/99; 11/6/99; 11/17/99; 11/18/99; 11/30/99], NAID 17368195, Unclassified diary record.","Use as a chronology lead; chase the substantive memcon, telcon, briefing book, trip file, or summit file before selection."
1999-11-19,,Memcon,Memorandum of Conversation - President Boris Yeltsin of Russia,Bill Clinton; Boris Yeltsin,United States; Russia,NATO-Russia and Partnership,Include candidate,Pending review,William J. Clinton Presidential Library; 101582,Secret; Secret,,https://clinton.presidentiallibraries.us/items/show/101582,https://clinton.presidentiallibraries.us/files/original/3ea5b8a29cbf7b1fc12b3d62aa2c6285.pdf,"Source: William J. Clinton Presidential Library, Clinton Digital Library, Declassified Documents, Memcons - Memoranda of Conversation, Release 2015-0777-M, Item 101582. Secret.",Verify Washington time and final chronological placement against the source image or PDF.
1999-11-19,,Context,Presidential Daily Diary reference: CFE Treaty signing at Istanbul,Bill Clinton; Madeleine Albright,United States; Turkey,European Security Architecture,Context candidate,Released with excisions,"National Archives and Records Administration, National Archives Catalog; LPWJC 2013-0549-F; 147870987; pages 72 and 79",Unclassified diary record,pages 72 and 79,https://catalog.archives.gov/id/147870987,https://s3.amazonaws.com/NARAprodstorage/lz/presidential-libraries/clinton/foia/2013/2013-0549-F/42-t-101784486-20130549F-012-005-2018.pdf,"Source: National Archives and Records Administration, National Archives Catalog, Clinton Presidential Records, Presidential Daily Diary, Ellen McCathran Files, Release LPWJC 2013-0549-F, [11/10/1999-11/19/1999], NAID 147870987, Unclassified diary record.","Use as a chronology lead; chase the substantive memcon, telcon, briefing book, trip file, or summit file before selection."
1999-11-23,,Context,"Presidential Daily Diary reference: Kosovo visit, NATO officials, and Kosovar leaders",Bill Clinton; Madeleine Albright; Bernard Kouchner; Klaus Reinhardt; Wesley Clark,United States; Kosovo,Crisis Security Files,Context candidate,Released with excisions,"National Archives and Records Administration, National Archives Catalog; LPWJC 2013-0549-F; 147870989; pages 37-43",Unclassified diary record,pages 37-43,https://catalog.archives.gov/id/147870989,https://s3.amazonaws.com/NARAprodstorage/lz/presidential-libraries/clinton/foia/2013/2013-0549-F/42-t-101784486-20130549F-012-006-2018.pdf,"Source: National Archives and Records Administration, National Archives Catalog, Clinton Presidential Records, Presidential Daily Diary, Ellen McCathran Files, Release LPWJC 2013-0549-F, [11/20/1999-11/30/1999], NAID 147870989, Unclassified diary record.","Use as a chronology lead; chase the substantive memcon, telcon, briefing book, trip file, or summit file before selection."
2000-06-03,,Context,Presidential Daily Diary reference: Moscow meetings and dinner with Vladimir Putin,Bill Clinton; Vladimir Putin; Strobe Talbott; Madeleine Albright; Samuel Berger; Igor Ivanov; Georgy Mamedov,United States; Russia,NATO-Russia and Partnership,Context candidate,Released with excisions,"National Archives and Records Administration, National Archives Catalog; LPWJC 2013-0549-F; 147871021; pages 22-35",Unclassified diary record,pages 22-35,https://catalog.archives.gov/id/147871021,https://s3.amazonaws.com/NARAprodstorage/lz/presidential-libraries/clinton/foia/2013/2013-0549-F/42-t-101784486-20130549F-013-011-2018.pdf,"Source: National Archives and Records Administration, National Archives Catalog, Clinton Presidential Records, Presidential Daily Diary, Ellen McCathran Files, Release LPWJC 2013-0549-F, [06/01/2000-06/11/2000], NAID 147871021, Unclassified diary record.","Use as a chronology lead; chase the substantive memcon, telcon, briefing book, trip file, or summit file before selection."
2000-06-05,,Memcon,Memorandum of Conversation - President Leonid Kuchma of Ukraine,Bill Clinton,United States; Russia; Kosovo; Ukraine,Crisis Security Files,Include candidate,Pending review,William J. Clinton Presidential Library; 101663,Secret; Secret,,https://clinton.presidentiallibraries.us/items/show/101663,https://clinton.presidentiallibraries.us/files/original/7c287496e2d0bdef255b7be9be743cf8.pdf,"Source: William J. Clinton Presidential Library, Clinton Digital Library, Declassified Documents, Memcons - Memoranda of Conversation, Release 2016-0123-M, Item 101663. Secret.",Verify Washington time and final chronological placement against the source image or PDF.
2000-07-21,,Context,Presidential Daily Diary reference: Okinawa G-8 meeting with Vladimir Putin,Bill Clinton; Vladimir Putin; Strobe Talbott; James Steinberg; Mark Medish,United States; Russia; Japan,NATO-Russia and Partnership,Context candidate,Released with excisions,"National Archives and Records Administration, National Archives Catalog; LPWJC 2010-0083-F; 17368201; pages 12 and 16",Unclassified diary record,pages 12 and 16,https://catalog.archives.gov/id/17368201,https://s3.amazonaws.com/NARAprodstorage/opastorage/live/1/3682/17368201/content/presidential-libraries/clinton/foia/2010-0083-F/2010-0083-F-PDF/Box_003/42-t-7262157-20100083F-003-003-2015.pdf,"Source: National Archives and Records Administration, National Archives Catalog, Clinton Presidential Records, Presidential Daily Diary, Ellen McCathran Files, Release LPWJC 2010-0083-F, [Ellen McCathran - Presidential Daily Diary - Hardcopy 4/4/00; 4/1200; 4/25/00; 5/7/00; 5/18/00; 5/22/00; 5/26/00; 6/7/00; 6/8/00; 6/18/00], NAID 17368201, Unclassified diary record.","Use as a chronology lead; chase the substantive memcon, telcon, briefing book, trip file, or summit file before selection."
2000-09-06,,Context,Presidential Daily Diary reference: United Nations meeting with Putin and strategic stability signing,Bill Clinton; Vladimir Putin; Strobe Talbott,United States; Russia,NATO-Russia and Partnership,Context candidate,Released with excisions,"National Archives and Records Administration, National Archives Catalog; LPWJC 2010-0083-F; 17368201; pages 31-32",Unclassified diary record,pages 31-32,https://catalog.archives.gov/id/17368201,https://s3.amazonaws.com/NARAprodstorage/opastorage/live/1/3682/17368201/content/presidential-libraries/clinton/foia/2010-0083-F/2010-0083-F-PDF/Box_003/42-t-7262157-20100083F-003-003-2015.pdf,"Source: National Archives and Records Administration, National Archives Catalog, Clinton Presidential Records, Presidential Daily Diary, Ellen McCathran Files, Release LPWJC 2010-0083-F, [Ellen McCathran - Presidential Daily Diary - Hardcopy 4/4/00; 4/1200; 4/25/00; 5/7/00; 5/18/00; 5/22/00; 5/26/00; 6/7/00; 6/8/00; 6/18/00], NAID 17368201, Unclassified diary record.","Use as a chronology lead; chase the substantive memcon, telcon, briefing book, trip file, or summit file before selection."
