rank,citation_group,priority_score,status,date,type,title,chapter,next_action,source_note_draft,catalog_url,pdf_url
1,Verify Time and Placement,45,chronology,1993-02-15,Telcon,Memorandum of Telephone Conversation - President Francois Mitterrand of France,Crisis Security Files,Verify Washington time/date line before copying citation into document sequence.,"Source: William J. Clinton Presidential Library, Clinton Digital Library, Clinton Presidential Records, Telcons - Memoranda of Telephone Conversation, Release 2015-0774-M, Item 101348. Confidential. Source pages: 3 pages counted.",https://clinton.presidentiallibraries.us/items/show/101348,https://clinton.presidentiallibraries.us/files/original/b229ce8c14cc2ebdcee0053d85f5b044.pdf
2,Verify Time and Placement,45,chronology,1993-02-23,Memcon,Memorandum of Conversation - Secretary General Boutros Boutros-Ghali of the United Nations,Crisis Security Files,Verify Washington time/date line before copying citation into document sequence.,"Source: William J. Clinton Presidential Library, Clinton Digital Library, Declassified Documents, Memcons - Memoranda of Conversation, Release 2016-0933-M, Item 118497. Confidential.",https://clinton.presidentiallibraries.us/items/show/118497,https://clinton.presidentiallibraries.us/files/original/0e72cac1e38b09a246280ca0629b188f.pdf
3,Verify Time and Placement,45,chronology,1993-03-17,Telcon,Memorandum of Telephone Conversation - President Francois Mitterrand of France,Crisis Security Files,Verify Washington time/date line before copying citation into document sequence.,"Source: William J. Clinton Presidential Library, Clinton Digital Library, Declassified Documents, Telcons - Memoranda of Telephone Conversations, Release 2015-0774-M, Item 101349. Confidential.",https://clinton.presidentiallibraries.us/items/show/101349,https://clinton.presidentiallibraries.us/files/original/334e9c83f263373d7d46131c52da4f6e.pdf
4,Verify Time and Placement,45,chronology,1993-04-14,Memcon,Memorandum of Conversation - Vice President Gore and President Alija Izetbegovic,Crisis Security Files,Verify Washington time/date line before copying citation into document sequence.,"Source: William J. Clinton Presidential Library, Clinton Digital Library, Clinton Presidential Records, Declassified Documents concerning Bosnia, Release 2011-0964-M, Item 36589. Secret. Extracted from source packet PDF pages 3-7; 5 document pages counted. Review PDF includes a packet annotation sheet.",https://clinton.presidentiallibraries.us/items/show/36589,https://clinton.presidentiallibraries.us/files/original/1e07f85597e7a0a171bbd0b1ad67cdf1.pdf
5,Verify Time and Placement,45,chronology,1993-04-20,Memcon,Memorandum of Conversation - Meeting with President Vaclav Havel of the Czech Republic,Crisis Security Files,Verify Washington time/date line before copying citation into document sequence.,"Source: William J. Clinton Presidential Library, Clinton Digital Library, Declassified Documents, Memcons - Memoranda of Conversation, Release Declassified Documents Concerning President Vaclav Havel of the Czech Republic and President Lech Walesa of Poland, Item 119030. Confidential.",https://clinton.presidentiallibraries.us/items/show/119030,
6,Verify Time and Placement,45,chronology,1993-04-20,Telcon,Memorandum of Telephone Conversation - President Francois Mitterrand of France,Crisis Security Files,Verify Washington time/date line before copying citation into document sequence.,"Source: William J. Clinton Presidential Library, Clinton Digital Library, Clinton Presidential Records, Telcons - Memoranda of Telephone Conversation, Release 2015-0774-M, Item 101350. Confidential. Source pages: 4 pages counted.",https://clinton.presidentiallibraries.us/items/show/101350,https://clinton.presidentiallibraries.us/files/original/5d531ef1274105f9657199a8a2a3c2ef.pdf
7,Verify Time and Placement,45,chronology,1993-04-21,Memcon,Memorandum of Conversation - Meeting with President Lech Walesa of Poland,NATO Strategy and Enlargement,Verify Washington time/date line before copying citation into document sequence.,"Source: William J. Clinton Presidential Library, Clinton Digital Library, Declassified Documents, Memcons - Memoranda of Conversation, Release Declassified Documents Concerning President Vaclav Havel of the Czech Republic and President Lech Walesa of Poland, Item 119044. Confidential.",https://clinton.presidentiallibraries.us/items/show/119044,
8,Verify Time and Placement,45,chronology,1993-04-21,Memcon,Memorandum of Conversation - President Arpad Goncz of Hungary,NATO Strategy and Enlargement,Verify Washington time/date line before copying citation into document sequence.,"Source: William J. Clinton Presidential Library, Clinton Digital Library, Declassified Documents, Memcons - Memoranda of Conversation, Release 2015-0133-M, Item 101329. Confidential.",https://clinton.presidentiallibraries.us/items/show/101329,https://clinton.presidentiallibraries.us/files/original/cf38634dd5644dda387d6312d6065d67.pdf
9,Verify Time and Placement,45,chronology,1993-05-06,Telcon,Memorandum of Telephone Conversation - President Francois Mitterrand of France,Crisis Security Files,Verify Washington time/date line before copying citation into document sequence.,"Source: William J. Clinton Presidential Library, Clinton Digital Library, Declassified Documents, Telcons - Memoranda of Telephone Conversations, Release 2015-0774-M, Item 101351. Secret.",https://clinton.presidentiallibraries.us/items/show/101351,https://clinton.presidentiallibraries.us/files/original/3dcddfba1080842a98d3c7af6e455ee8.pdf
10,Verify Time and Placement,45,chronology,1993-09-08,Memcon,Memorandum of Conversation - President Clinton and President Alija Izetbegovic,Crisis Security Files,Verify Washington time/date line before copying citation into document sequence.,"Source: William J. Clinton Presidential Library, Clinton Digital Library, Clinton Presidential Records, Declassified Documents concerning Bosnia, Release 2011-0964-M, Item 36589. Secret. Extracted from source packet PDF pages 10-15; 6 document pages counted. Review PDF includes a packet annotation sheet.",https://clinton.presidentiallibraries.us/items/show/36589,https://clinton.presidentiallibraries.us/files/original/1e07f85597e7a0a171bbd0b1ad67cdf1.pdf
11,Verify Time and Placement,45,chronology,1993-09-17,Memcon,Memorandum of Conversation - Prime Minister Carlo Ciampi of Italy,NATO-Russia and Partnership,Verify Washington time/date line before copying citation into document sequence.,"Source: William J. Clinton Presidential Library, Clinton Digital Library, Declassified Documents, Memcons - Memoranda of Conversation, Release 2015-0755-M, Item 101346. Confidential.",https://clinton.presidentiallibraries.us/items/show/101346,https://clinton.presidentiallibraries.us/files/original/df7541d4f739658b122360c51d75e84f.pdf
12,Verify Time and Placement,45,chronology,1994-01-11,Memcon,Memorandum of Conversation - President Vaclav Havel of the Czech Republic and Czech Leaders,NATO-Russia and Partnership,Verify Washington time/date line before copying citation into document sequence.,"Source: William J. Clinton Presidential Library, Clinton Digital Library, Declassified Documents, Memcons - Memoranda of Conversation, Release LP-WJC/DOS-16-1, Item 101393. Confidential.",https://clinton.presidentiallibraries.us/items/show/101393,
13,Verify Time and Placement,45,chronology,1994-01-12,Memcon,"Memorandum of Conversation -President Lech Walesa of Poland, President Arpad Goencz of Hungary, President Michal Kovac of Slovakia, and President Vaclav Havel of the Czech Republic",Crisis Security Files,Verify Washington time/date line before copying citation into document sequence.,"Source: William J. Clinton Presidential Library, Clinton Digital Library, Declassified Documents, Memcons - Memoranda of Conversation, Release LP-WJC/DOS-16-1, Item 101395. Confidential.",https://clinton.presidentiallibraries.us/items/show/101395,
14,Verify Time and Placement,45,chronology,1994-01-15,Memcon,Memorandum of Conversation - President Otto Stich of Switzerland,Crisis Security Files,Verify Washington time/date line before copying citation into document sequence.,"Source: William J. Clinton Presidential Library, Clinton Digital Library, Declassified Documents, Memcons - Memoranda of Conversation, Release LP-WJC/DOS-16-1, Item 101396. Confidential.",https://clinton.presidentiallibraries.us/items/show/101396,https://clinton.presidentiallibraries.us/files/original/63f659888b616c4810b985d57888aed3.pdf
15,Verify Time and Placement,45,chronology,1994-01-20,Telcon,Memorandum of Telephone Conversation with President Ulmanis of Latvia,NATO Strategy and Enlargement,Verify Washington time/date line before copying citation into document sequence.,"Source: William J. Clinton Presidential Library, Clinton Digital Library, Declassified Documents, Telcons - Memoranda of Telephone Conversations, Release 2016-0314-M-2, Item 118919. Confidential.",https://clinton.presidentiallibraries.us/items/show/118919,https://clinton.presidentiallibraries.us/files/original/26cb14efd84422e9b5ca25b66f4a978e.pdf
16,Verify Time and Placement,45,chronology,1994-03-04,Memcon,Memorandum of Conversation - President Leonid Kravchuk of Ukraine,NATO-Russia and Partnership,Verify Washington time/date line before copying citation into document sequence.,"Source: William J. Clinton Presidential Library, Clinton Digital Library, Declassified Documents, Memcons - Memoranda of Conversation, Release 2016-0122-M, Item 101354. Confidential.",https://clinton.presidentiallibraries.us/items/show/101354,https://clinton.presidentiallibraries.us/files/original/e75539e8d49947e78cd0c87e88844e51.pdf
17,Verify Time and Placement,45,chronology,1994-04-20,Telcon,Memorandum of Telephone Conversation - Prime Minister Jean Chretien of Canada,Crisis Security Files,Verify Washington time/date line before copying citation into document sequence.,"Source: William J. Clinton Presidential Library, Clinton Digital Library, Declassified Documents, Telcons - Memoranda of Telephone Conversations, Release 2015-0782-M-1, Item 101384. Secret.",https://clinton.presidentiallibraries.us/items/show/101384,https://clinton.presidentiallibraries.us/files/original/ea81be8195fb6b0d235c200226a74834.pdf
18,Verify Time and Placement,45,chronology,1994-06-21,Memcon,Memorandum of Conversation - President Arpad Goncz of Hungary and President Michal Kovac of Slovakia,NATO Strategy and Enlargement,Verify Washington time/date line before copying citation into document sequence.,"Source: William J. Clinton Presidential Library, Clinton Digital Library, Declassified Documents, Memcons - Memoranda of Conversation, Release 2015-0133-M, Item 101379. Confidential.",https://clinton.presidentiallibraries.us/items/show/101379,https://clinton.presidentiallibraries.us/files/original/7929c40c3476895912cb064cb38d65c5.pdf
19,Verify Time and Placement,45,chronology,1994-07-04,Telcon,Memorandum of Telephone Conversation - President Vaclav Havel of the Czech Republic,NATO Strategy and Enlargement,Verify Washington time/date line before copying citation into document sequence.,"Source: William J. Clinton Presidential Library, Clinton Digital Library, Declassified Documents, Telcons - Memoranda of Telephone Conversations, Release 2015-0773-M, Item 101391. Confidential.",https://clinton.presidentiallibraries.us/items/show/101391,
20,Verify Time and Placement,45,chronology,1994-07-08,Memcon,Memorandum of Conversation between President Clinton and Italian Prime Minister Berlusconi,NATO-Russia and Partnership,Verify Washington time/date line before copying citation into document sequence.,"Source: William J. Clinton Presidential Library, Clinton Digital Library, Declassified Documents, Memcons - Memoranda of Conversation, Release Declassified documents concerning Rwanda, Item 118984. Confidential.",https://clinton.presidentiallibraries.us/items/show/118984,https://clinton.presidentiallibraries.us/files/original/2d21f03fcf80b2ec322098163e628654.pdf
21,Verify Time and Placement,45,chronology,1994-09-21,Memcon,Memorandum of Conversation - Paris Mayor Jacques Chirac,Crisis Security Files,Verify Washington time/date line before copying citation into document sequence.,"Source: William J. Clinton Presidential Library, Clinton Digital Library, Declassified Documents, Memcons - Memoranda of Conversation, Release 2018-0554-M, Item 118498. Confidential.",https://clinton.presidentiallibraries.us/items/show/118498,https://clinton.presidentiallibraries.us/files/original/fea3568c2394a8193554764b958f908f.pdf
22,Verify Time and Placement,45,chronology,1994-09-25,Memcon,Memorandum of Conversation - President Clinton and President Alija Izetbegovic,Crisis Security Files,Verify Washington time/date line before copying citation into document sequence.,"Source: William J. Clinton Presidential Library, Clinton Digital Library, Clinton Presidential Records, Declassified Documents concerning Bosnia, Release 2011-0964-M, Item 36589. Extracted from source packet PDF pages 18-25; 8 document pages counted. Review PDF includes a packet annotation sheet. Confidential.",https://clinton.presidentiallibraries.us/items/show/36589,https://clinton.presidentiallibraries.us/files/original/1e07f85597e7a0a171bbd0b1ad67cdf1.pdf
23,Verify Time and Placement,45,chronology,1994-09-27,Telcon,Memorandum of Telephone Conversation - President Francois Mitterrand of France,Crisis Security Files,Verify Washington time/date line before copying citation into document sequence.,"Source: William J. Clinton Presidential Library, Clinton Digital Library, Declassified Documents, Telcons - Memoranda of Telephone Conversations, Release 2015-0774-M, Item 101399. Confidential.",https://clinton.presidentiallibraries.us/items/show/101399,https://clinton.presidentiallibraries.us/files/original/d6c55e81db18d4034c9cee4ce7efbdee.pdf
24,Verify Time and Placement,45,chronology,1994-10-22,Memcon,Memorandum of Conversation - President Lech Walesa of Poland,NATO Strategy and Enlargement,Verify Washington time/date line before copying citation into document sequence.,"Source: William J. Clinton Presidential Library, Clinton Digital Library, Declassified Documents, Memcons - Memoranda of Conversation, Release LP-WJC/DOS-16-1, Item 101397. Confidential.",https://clinton.presidentiallibraries.us/items/show/101397,https://clinton.presidentiallibraries.us/files/original/711e8eeee0ec391e78261641286a753b.pdf
25,Verify Time and Placement,45,chronology,1994-10-22,Memcon,Memorandum of Conversation - Prime Minister Waldemar Pawlak of Poland,NATO Strategy and Enlargement,Verify Washington time/date line before copying citation into document sequence.,"Source: William J. Clinton Presidential Library, Clinton Digital Library, Declassified Documents, Memcons - Memoranda of Conversation, Release LP-WJC/DOS-16-1, Item 101398. Confidential.",https://clinton.presidentiallibraries.us/items/show/101398,https://clinton.presidentiallibraries.us/files/original/ea89febed2cedbffdbdd847cd14dcb2b.pdf
26,Verify Time and Placement,45,chronology,1994-11-23,Telcon,Memorandum of Telephone Conversation - President Francois Mitterrand of France,Crisis Security Files,Verify Washington time/date line before copying citation into document sequence.,"Source: William J. Clinton Presidential Library, Clinton Digital Library, Declassified Documents, Telcons - Memoranda of Telephone Conversations, Release 2015-0774-M, Item 101400. Confidential.",https://clinton.presidentiallibraries.us/items/show/101400,https://clinton.presidentiallibraries.us/files/original/f73c20558bec1e770064d699603c9048.pdf
27,Verify Time and Placement,45,chronology,1994-11-24,Telcon,Memorandum of Telephone Conversation - President Francois Mitterrand of France,Crisis Security Files,Verify Washington time/date line before copying citation into document sequence.,"Source: William J. Clinton Presidential Library, Clinton Digital Library, Declassified Documents, Telcons - Memoranda of Telephone Conversations, Release 2015-0774-M, Item 101401. Confidential.",https://clinton.presidentiallibraries.us/items/show/101401,https://clinton.presidentiallibraries.us/files/original/99c05f9dea9e28dbf4866809790da0f2.pdf
28,Verify Time and Placement,45,chronology,1994-12-05,Memcon,Memorandum of Conversation - President Arpad Goncz of Hungary and President Michal Kovac of Slovakia,NATO Strategy and Enlargement,Verify Washington time/date line before copying citation into document sequence.,"Source: William J. Clinton Presidential Library, Clinton Digital Library, Declassified Documents, Memcons - Memoranda of Conversation, Release 2015-0133-M, Item 101380. Confidential.",https://clinton.presidentiallibraries.us/items/show/101380,https://clinton.presidentiallibraries.us/files/original/3d7fbd346acab3f002b7fd77406f7e2a.pdf
29,Verify Time and Placement,45,chronology,1994-12-05,Memcon,Memorandum of Conversation - Presidents Izetbegovic and Tudjman,Crisis Security Files,Verify Washington time/date line before copying citation into document sequence.,"Source: William J. Clinton Presidential Library, Clinton Digital Library, Clinton Presidential Records, Declassified Documents concerning Bosnia, Release 2011-0964-M, Item 36589. Confidential. Extracted from source packet PDF pages 27-29; 3 document pages counted. Review PDF includes a packet annotation sheet.",https://clinton.presidentiallibraries.us/items/show/36589,https://clinton.presidentiallibraries.us/files/original/1e07f85597e7a0a171bbd0b1ad67cdf1.pdf
30,Verify Time and Placement,45,chronology,1995-03-07,Memcon,Memorandum of Conversation - NATO Secretary General Willy Claes,Crisis Security Files,Verify Washington time/date line before copying citation into document sequence.,"Source: William J. Clinton Presidential Library, Clinton Digital Library, Clinton Presidential Records, Memcons - Memoranda of Conversation, Release 2015-0755-M, Item 101431. Secret. Source pages: 6 pages counted.",https://clinton.presidentiallibraries.us/items/show/101431,https://clinton.presidentiallibraries.us/files/original/d0ded4f90ac23c43251c708836610931.pdf
31,Verify Time and Placement,45,chronology,1995-04-04,Memcon,Memorandum of Conversation - Prime Minister John Major of the United Kingdom,Crisis Security Files,Verify Washington time/date line before copying citation into document sequence.,"Source: William J. Clinton Presidential Library, Clinton Digital Library, Clinton Presidential Records, Memcons - Memoranda of Conversation, Release 2012-0801-M, Item 101436. Confidential. Source pages: 15 pages counted.",https://clinton.presidentiallibraries.us/items/show/101436,https://clinton.presidentiallibraries.us/files/original/1a435ca8beac29930ce93b4f4c697757.pdf
32,Verify Time and Placement,45,chronology,1995-05-27,Telcon,Memorandum of Telephone Conversation - President Jacques Chirac of France,Crisis Security Files,Verify Washington time/date line before copying citation into document sequence.,"Source: William J. Clinton Presidential Library, Clinton Digital Library, Clinton Presidential Records, Telcons - Memoranda of Telephone Conversation, Release 2017-0775-M, Item 118528. Confidential. Source pages: 4 pages counted.",https://clinton.presidentiallibraries.us/items/show/118528,https://clinton.presidentiallibraries.us/files/original/81dee7e4a731a49f1609b7bde7c782b8.pdf
33,Verify Time and Placement,45,chronology,1995-06-06,Memcon,Memorandum of Conversation - Prime Minister Gyula Horn of Hungary,NATO Strategy and Enlargement,Verify Washington time/date line before copying citation into document sequence.,"Source: William J. Clinton Presidential Library, Clinton Digital Library, Declassified Documents, Memcons - Memoranda of Conversation, Release 2015-0779-M, Item 101418. Confidential.",https://clinton.presidentiallibraries.us/items/show/101418,https://clinton.presidentiallibraries.us/files/original/a33276808a3f81e7a2fbf61a6b1cf017.pdf
34,Verify Time and Placement,45,chronology,1995-06-14,Memcon,Memorandum of Conversation - President Jacques Chirac of France,Crisis Security Files,Verify Washington time/date line before copying citation into document sequence.,"Source: William J. Clinton Presidential Library, Clinton Digital Library, Clinton Presidential Records, Memcons - Memoranda of Conversation, Release 2013-0517-M, Item 101402. Confidential. Source pages: 10 pages counted.",https://clinton.presidentiallibraries.us/items/show/101402,https://clinton.presidentiallibraries.us/files/original/9554ae2a65c3b9422bbbb0b3c8d0db66.pdf
35,Verify Time and Placement,45,chronology,1995-06-16,Memcon,Memorandum of Conversation - Prime Minister John Major of the United Kingdom,Crisis Security Files,Verify Washington time/date line before copying citation into document sequence.,"Source: William J. Clinton Presidential Library, Clinton Digital Library, Clinton Presidential Records, Memcons - Memoranda of Conversation, Release 2012-0801-M, Item 101439. Confidential. Source pages: 3 pages counted.",https://clinton.presidentiallibraries.us/items/show/101439,https://clinton.presidentiallibraries.us/files/original/b50fb932aee0c34e21229c106451da34.pdf
36,Verify Time and Placement,45,chronology,1995-07-13,Telcon,Memorandum of Telephone Conversation - Chancellor Helmut Kohl of Germany,Crisis Security Files,Verify Washington time/date line before copying citation into document sequence.,"Source: William J. Clinton Presidential Library, Clinton Digital Library, Clinton Presidential Records, Declassified documents concerning Bosnia, Release 2013-0517-M, Item 101088. Extracted from source packet PDF pages 35-37; 3 document pages counted. Review PDF includes a packet annotation sheet. Confidential.",https://clinton.presidentiallibraries.us/items/show/101088,https://clinton.presidentiallibraries.us/files/original/9a9ec5fd06f06d2069a286cf7c02fc03.pdf
37,Verify Time and Placement,45,chronology,1995-07-13,Telcon,Memorandum of Telephone Conversation - President Jacques Chirac of France,Crisis Security Files,Verify Washington time/date line before copying citation into document sequence.,"Source: William J. Clinton Presidential Library, Clinton Digital Library, Clinton Presidential Records, Declassified documents concerning Bosnia, Release 2013-0517-M, Item 101088. Confidential. Extracted from source packet PDF pages 51-55; 5 document pages counted. Review PDF includes a packet annotation sheet.",https://clinton.presidentiallibraries.us/items/show/101088,https://clinton.presidentiallibraries.us/files/original/9a9ec5fd06f06d2069a286cf7c02fc03.pdf
38,Verify Time and Placement,45,chronology,1995-07-19,Telcon,Memorandum of Telephone Conversation - President Jacques Chirac of France,Crisis Security Files,Verify Washington time/date line before copying citation into document sequence.,"Source: William J. Clinton Presidential Library, Clinton Digital Library, Clinton Presidential Records, Declassified documents concerning Bosnia, Release 2013-0517-M, Item 101088. Confidential. Extracted from source packet PDF pages 66-71; 6 document pages counted. Review PDF includes a packet annotation sheet.",https://clinton.presidentiallibraries.us/items/show/101088,https://clinton.presidentiallibraries.us/files/original/9a9ec5fd06f06d2069a286cf7c02fc03.pdf
39,Verify Time and Placement,45,chronology,1995-07-19,Telcon,Memorandum of Telephone Conversation - Prime Minister John Major of the United Kingdom,Crisis Security Files,Verify Washington time/date line before copying citation into document sequence.,"Source: William J. Clinton Presidential Library, Clinton Digital Library, Clinton Presidential Records, Declassified documents concerning Bosnia, Release 2013-0517-M, Item 101088. Secret. Extracted from source packet PDF pages 76-83; 8 document pages counted. Review PDF includes a packet annotation sheet.",https://clinton.presidentiallibraries.us/items/show/101088,https://clinton.presidentiallibraries.us/files/original/9a9ec5fd06f06d2069a286cf7c02fc03.pdf
40,Verify Time and Placement,45,chronology,1995-07-19,Telcon,Memorandum of Telephone Conversation - Secretary Christopher and Foreign Minister de Charette,Crisis Security Files,Verify Washington time/date line before copying citation into document sequence.,"Source: William J. Clinton Presidential Library, Clinton Digital Library, Clinton Presidential Records, Declassified documents concerning Bosnia, Release 2013-0517-M, Item 101088. Secret. Extracted from source packet PDF pages 2-4; 3 document pages counted. Review PDF includes a packet annotation sheet.",https://clinton.presidentiallibraries.us/items/show/101088,https://clinton.presidentiallibraries.us/files/original/9a9ec5fd06f06d2069a286cf7c02fc03.pdf
41,Verify Time and Placement,45,chronology,1995-07-20,Telcon,Memorandum of Telephone Conversation - President Clinton and President Alija Izetbegovic,Crisis Security Files,Verify Washington time/date line before copying citation into document sequence.,"Source: William J. Clinton Presidential Library, Clinton Digital Library, Clinton Presidential Records, Declassified Documents concerning Bosnia, Release 2011-0964-M, Item 36589. Extracted from source packet PDF pages 32-34; 3 document pages counted. Review PDF includes a packet annotation sheet. Confidential.",https://clinton.presidentiallibraries.us/items/show/36589,https://clinton.presidentiallibraries.us/files/original/1e07f85597e7a0a171bbd0b1ad67cdf1.pdf
42,Verify Time and Placement,45,chronology,1995-07-20,Telcon,Memorandum of Telephone Conversation - President Jacques Chirac of France,Crisis Security Files,Verify Washington time/date line before copying citation into document sequence.,"Source: William J. Clinton Presidential Library, Clinton Digital Library, Clinton Presidential Records, Declassified documents concerning Bosnia, Release 2013-0517-M, Item 101088. Confidential. Extracted from source packet PDF pages 93-95; 3 document pages counted. Review PDF includes a packet annotation sheet.",https://clinton.presidentiallibraries.us/items/show/101088,https://clinton.presidentiallibraries.us/files/original/9a9ec5fd06f06d2069a286cf7c02fc03.pdf
43,Verify Time and Placement,45,chronology,1995-07-24,Telcon,Memorandum of Telephone Conversation - President Jacques Chirac of France,Crisis Security Files,Verify Washington time/date line before copying citation into document sequence.,"Source: William J. Clinton Presidential Library, Clinton Digital Library, Declassified Documents, Telcons - Memoranda of Telephone Conversations, Release 2017-0775-M, Item 118529. Confidential.",https://clinton.presidentiallibraries.us/items/show/118529,https://clinton.presidentiallibraries.us/files/original/8c1594df3181403f8ae652dad9856ddf.pdf
44,Verify Time and Placement,45,chronology,1995-08-07,Telcon,Memorandum of Telephone Conversation - President Jacques Chirac of France,Crisis Security Files,Verify Washington time/date line before copying citation into document sequence.,"Source: William J. Clinton Presidential Library, Clinton Digital Library, Clinton Presidential Records, Telcons - Memoranda of Telephone Conversation, Release 2017-0775-M, Item 118530. Confidential. Source pages: 3 pages counted.",https://clinton.presidentiallibraries.us/items/show/118530,https://clinton.presidentiallibraries.us/files/original/cc683224fd33203efd308e802bcaa400.pdf
45,Verify Time and Placement,45,chronology,1995-10-21,Memcon,Memorandum of Conversation - President Vaclav Havel of the Czech Republic,Crisis Security Files,Verify Washington time/date line before copying citation into document sequence.,"Source: William J. Clinton Presidential Library, Clinton Digital Library, Declassified Documents, Memcons - Memoranda of Conversation, Release 2015-0773-M, Item 101427. Confidential.",https://clinton.presidentiallibraries.us/items/show/101427,
46,Verify Time and Placement,45,chronology,1995-10-23,Memcon,Memorandum of Conversation - Clinton-Yeltsin One-on-One at Hyde Park,Crisis Security Files,Verify Washington time/date line before copying citation into document sequence.,"Source: National Archives and Records Administration, National Archives Catalog, Clinton Presidential Records, Clinton NSC Records Management Office, 2014-0948-M, NAID 163545436. Extracted from source packet PDF pages 5-16; 12 document pages counted. Review PDF includes a packet annotation sheet. Secret; Nodis.",https://catalog.archives.gov/id/163545436,https://s3.amazonaws.com/NARAprodstorage/lz/presidential-libraries/clinton/wjc-nscrm/7585721/7-YeltsinHydePark.pdf
47,Verify Time and Placement,45,chronology,1995-10-23,Memcon,Memorandum of Conversation - Lunch with President Boris Yeltsin,Crisis Security Files,Verify Washington time/date line before copying citation into document sequence.,"Source: National Archives and Records Administration, National Archives Catalog, Clinton Presidential Records, Clinton NSC Records Management Office, 2014-0948-M, NAID 163545436. Secret. Extracted from source packet PDF pages 31-35; 5 document pages counted. Review PDF includes a packet annotation sheet.",https://catalog.archives.gov/id/163545436,https://s3.amazonaws.com/NARAprodstorage/lz/presidential-libraries/clinton/wjc-nscrm/7585721/7-YeltsinHydePark.pdf
48,Verify Time and Placement,45,chronology,1995-10-24,Memcon,Memorandum of Conversation - Presidents Izetbegovic and Tudjman,Crisis Security Files,Verify Washington time/date line before copying citation into document sequence.,"Source: William J. Clinton Presidential Library, Clinton Digital Library, Clinton Presidential Records, Declassified Documents concerning Bosnia, Release 2011-0964-M, Item 36589. Secret. Extracted from source packet PDF pages 37-43; 7 document pages counted. Review PDF includes a packet annotation sheet.",https://clinton.presidentiallibraries.us/items/show/36589,https://clinton.presidentiallibraries.us/files/original/1e07f85597e7a0a171bbd0b1ad67cdf1.pdf
49,Verify Time and Placement,45,chronology,1995-11-21,Telcon,Memorandum of Telephone Conversation - President Lech Walesa of Poland,NATO Strategy and Enlargement,Verify Washington time/date line before copying citation into document sequence.,"Source: William J. Clinton Presidential Library, Clinton Digital Library, Declassified Documents, Telcons - Memoranda of Telephone Conversations, Release 2015-0769-M, Item 101446. Confidential.",https://clinton.presidentiallibraries.us/items/show/101446,https://clinton.presidentiallibraries.us/files/original/4cd21c7557486b30f58af921b469a5b4.pdf
50,Verify Time and Placement,45,chronology,1995-12-03,Memcon,Memorandum of Conversation with Spanish Prime Minister Felipe Gonzalez,Crisis Security Files,Verify Washington time/date line before copying citation into document sequence.,"Source: William J. Clinton Presidential Library, Clinton Digital Library, Clinton Presidential Records, Memcons - Memoranda of Conversation, Release 2015-0548-M, Item 118881. Confidential. Source pages: 10 pages counted.",https://clinton.presidentiallibraries.us/items/show/118881,https://clinton.presidentiallibraries.us/files/original/af632a0ca106bdddd19d802cd3a5ba6e.pdf
51,Verify Time and Placement,45,chronology,1995-12-14,Memcon,Memorandum of Conversation - President Jacques Chirac of France,Crisis Security Files,Verify Washington time/date line before copying citation into document sequence.,"Source: William J. Clinton Presidential Library, Clinton Digital Library, Clinton Presidential Records, Memcons - Memoranda of Conversation, Release 2017-0775-M, Item 118556. No classification marking. Source pages: 6 pages counted.",https://clinton.presidentiallibraries.us/items/show/118556,https://clinton.presidentiallibraries.us/files/original/28b500a860ad0aecee40dd23978f6a85.pdf
52,Verify Time and Placement,45,chronology,1995-12-14,Memcon,Memorandum of Conversation - Pull-Aside with President Alija Izetbegovic,Crisis Security Files,Verify Washington time/date line before copying citation into document sequence.,"Source: William J. Clinton Presidential Library, Clinton Digital Library, Clinton Presidential Records, Declassified Documents concerning Bosnia, Release 2011-0964-M, Item 36589. Confidential. Extracted from source packet PDF pages 55-57; 3 document pages counted. Review PDF includes a packet annotation sheet.",https://clinton.presidentiallibraries.us/items/show/36589,https://clinton.presidentiallibraries.us/files/original/1e07f85597e7a0a171bbd0b1ad67cdf1.pdf
53,Verify Time and Placement,45,chronology,1995-12-14,Memcon,Memorandum of Conversation - Pull-Aside with President Franjo Tudjman,Crisis Security Files,Verify Washington time/date line before copying citation into document sequence.,"Source: William J. Clinton Presidential Library, Clinton Digital Library, Clinton Presidential Records, Declassified Documents concerning Bosnia, Release 2011-0964-M, Item 36589. Confidential. Extracted from source packet PDF pages 52-53; 2 document pages counted. Review PDF includes a packet annotation sheet.",https://clinton.presidentiallibraries.us/items/show/36589,https://clinton.presidentiallibraries.us/files/original/1e07f85597e7a0a171bbd0b1ad67cdf1.pdf
54,Verify Time and Placement,45,chronology,1995-12-14,Memcon,Memorandum of Conversation - Pull-Aside with President Slobodan Milosevic,Crisis Security Files,Verify Washington time/date line before copying citation into document sequence.,"Source: William J. Clinton Presidential Library, Clinton Digital Library, Clinton Presidential Records, Declassified Documents concerning Bosnia, Release 2011-0964-M, Item 36589. Confidential. Extracted from source packet PDF pages 59-61; 3 document pages counted. Review PDF includes a packet annotation sheet.",https://clinton.presidentiallibraries.us/items/show/36589,https://clinton.presidentiallibraries.us/files/original/1e07f85597e7a0a171bbd0b1ad67cdf1.pdf
55,Verify Time and Placement,45,chronology,1995-12-14,Memcon,"Memorandum of Conversation - Quadrilateral Meeting with Tudjman, Izetbegovic, and Milosevic",Crisis Security Files,Verify Washington time/date line before copying citation into document sequence.,"Source: William J. Clinton Presidential Library, Clinton Digital Library, Clinton Presidential Records, Declassified Documents concerning Bosnia, Release 2011-0964-M, Item 36589. Confidential. Extracted from source packet PDF pages 47-50; 4 document pages counted. Review PDF includes a packet annotation sheet.",https://clinton.presidentiallibraries.us/items/show/36589,https://clinton.presidentiallibraries.us/files/original/1e07f85597e7a0a171bbd0b1ad67cdf1.pdf
56,Verify Time and Placement,45,chronology,1995-12-29,Telcon,Memorandum of Telephone Conversation with Prime Minister Gonzalez of Spain,Crisis Security Files,Verify Washington time/date line before copying citation into document sequence.,"Source: William J. Clinton Presidential Library, Clinton Digital Library, Declassified Documents, Telcons - Memoranda of Telephone Conversations, Release 2015-0548-M, Item 118882. Confidential.",https://clinton.presidentiallibraries.us/items/show/118882,https://clinton.presidentiallibraries.us/files/original/ae9e3a0518a1b5a26c056728119ef124.pdf
57,Verify Time and Placement,45,chronology,1996-01-12,Telcon,Memorandum of Telephone Conversation with NATO Secretary General Javier Solana,Crisis Security Files,Verify Washington time/date line before copying citation into document sequence.,"Source: William J. Clinton Presidential Library, Clinton Digital Library, Declassified Documents, Telcons - Memoranda of Telephone Conversations, Release 2015-0548-M, Item 118893. Confidential.",https://clinton.presidentiallibraries.us/items/show/118893,https://clinton.presidentiallibraries.us/files/original/f8b6890c6d7dfef3a11f9ca3a7c5cbe8.pdf
58,Verify Time and Placement,45,chronology,1996-01-13,Memcon,Memorandum of Conversation - President Arpad Goncz of Hungary and President Michal Kovac of Slovakia,NATO Strategy and Enlargement,Verify Washington time/date line before copying citation into document sequence.,"Source: William J. Clinton Presidential Library, Clinton Digital Library, Declassified Documents, Memcons - Memoranda of Conversation, Item 101453. Confidential.",https://clinton.presidentiallibraries.us/items/show/101453,https://clinton.presidentiallibraries.us/files/original/37bfb089f2eb05cc971a5706efdfad91.pdf
59,Verify Time and Placement,45,chronology,1996-02-01,Memcon,Memorandum of Conversation - President Jacques Chirac of France,Crisis Security Files,Verify Washington time/date line before copying citation into document sequence.,"Source: William J. Clinton Presidential Library, Clinton Digital Library, Declassified Documents, Memcons - Memoranda of Conversation, Release 2017-0775-M, Item 118557. Confidential.",https://clinton.presidentiallibraries.us/items/show/118557,https://clinton.presidentiallibraries.us/files/original/68af641d3dc8eaa3c5cc901c5e408010.pdf
60,Verify Time and Placement,45,chronology,1996-02-20,Memcon,Memorandum of Conversation with NATO Secretary General Javier Solana,Crisis Security Files,Verify Washington time/date line before copying citation into document sequence.,"Source: William J. Clinton Presidential Library, Clinton Digital Library, Declassified Documents, Memcons - Memoranda of Conversation, Release 2015-0548-M, Item 118892. Confidential.",https://clinton.presidentiallibraries.us/items/show/118892,https://clinton.presidentiallibraries.us/files/original/117489cc862f24878cd36e7bb915cb76.pdf
61,Verify Time and Placement,45,chronology,1996-06-03,Memcon,Memorandum of Conversation - Former President Lech Walesa of Poland,NATO Strategy and Enlargement,Verify Washington time/date line before copying citation into document sequence.,"Source: William J. Clinton Presidential Library, Clinton Digital Library, Declassified Documents, Memcons - Memoranda of Conversation, Release 2015-0780-M, Item 118499. Confidential.",https://clinton.presidentiallibraries.us/items/show/118499,https://clinton.presidentiallibraries.us/files/original/d38254e42b9f25ea4c5737c005187a37.pdf
62,Verify Time and Placement,45,chronology,1996-06-25,Memcon,"Memorandum of Conversation - President Guntis Ulmanis of Latvia, President Algirdas Brazauskas of Lithuania, and President Lennart Meri of Estonia",NATO Strategy and Enlargement,Verify Washington time/date line before copying citation into document sequence.,"Source: William J. Clinton Presidential Library, Clinton Digital Library, Declassified Documents, Memcons - Memoranda of Conversation, Release 2014-0656-M, Item 101467. Secret.",https://clinton.presidentiallibraries.us/items/show/101467,https://clinton.presidentiallibraries.us/files/original/6fef6ada21b09fbd2afda36dbf939461.pdf
63,Verify Time and Placement,45,chronology,1996-07-27,Memcon,Memorandum of Conversation - President Jacques Chirac of France,Crisis Security Files,Verify Washington time/date line before copying citation into document sequence.,"Source: William J. Clinton Presidential Library, Clinton Digital Library, Declassified Documents, Memcons - Memoranda of Conversation, Release 2017-0775-M, Item 118559. Confidential.",https://clinton.presidentiallibraries.us/items/show/118559,https://clinton.presidentiallibraries.us/files/original/7f7c0abad83939010beb7d34b1acaba1.pdf
64,Verify Time and Placement,45,chronology,1997-03-05,Telcon,Museum of Telephone Conversation - Chancellor Helmut Kohl of Germany,European Security Architecture,Verify Washington time/date line before copying citation into document sequence.,"Source: William J. Clinton Presidential Library, Clinton Digital Library, Declassified Documents, Telcons - Memoranda of Telephone Conversations, Release 2015-0776-M, Item 101474. Secret.",https://clinton.presidentiallibraries.us/items/show/101474,https://clinton.presidentiallibraries.us/files/original/5324211d8de2a99a37b628367fdee5d1.pdf
65,Verify Time and Placement,45,chronology,1997-05-19,Memcon,Memorandum of Conversation with NATO Secretary General Solana,Crisis Security Files,Verify Washington time/date line before copying citation into document sequence.,"Source: William J. Clinton Presidential Library, Clinton Digital Library, Declassified Documents, Memcons - Memoranda of Conversation, Release 2015-0548-M, Item 118891. Confidential.",https://clinton.presidentiallibraries.us/items/show/118891,https://clinton.presidentiallibraries.us/files/original/a583efc92629c4b4c49c328f66efb044.pdf
66,Verify Time and Placement,45,chronology,1997-07-07,Memcon,Memorandum of Conversation with NATO Secretary General Solana,Crisis Security Files,Verify Washington time/date line before copying citation into document sequence.,"Source: William J. Clinton Presidential Library, Clinton Digital Library, Declassified Documents, Memcons - Memoranda of Conversation, Release 2015-0549-M, Item 118890. Confidential.",https://clinton.presidentiallibraries.us/items/show/118890,https://clinton.presidentiallibraries.us/files/original/4ccaa957fa70635fc079c9b10006dd17.pdf
67,Verify Time and Placement,45,chronology,1997-07-09,Memcon,Memorandum of Conversation - President Leonid Kuchma of Ukraine,NATO-Russia and Partnership,Verify Washington time/date line before copying citation into document sequence.,"Source: William J. Clinton Presidential Library, Clinton Digital Library, Declassified Documents, Memcons - Memoranda of Conversation, Item 101470. Confidential.",https://clinton.presidentiallibraries.us/items/show/101470,https://clinton.presidentiallibraries.us/files/original/304ee46e4f0986bbcf617eb4aed17ad1.pdf
68,Verify Time and Placement,45,chronology,1997-10-21,Telcon,Museum of Telephone Conversation - Chancellor Helmut Kohl of Germany,European Security Architecture,Verify Washington time/date line before copying citation into document sequence.,"Source: William J. Clinton Presidential Library, Clinton Digital Library, Declassified Documents, Telcons - Memoranda of Telephone Conversations, Release 2015-0776-M, Item 101477. Confidential.",https://clinton.presidentiallibraries.us/items/show/101477,https://clinton.presidentiallibraries.us/files/original/3f30316ef54f66b11ea44aab7a663b3e.pdf
69,Verify Time and Placement,45,chronology,1998-01-16,Memcon,"Memorandum of Conversation - President Guntis Ulmanis of Latvia, President Lennart Meri of Estonia, and President Algirdas Brazauskas of Lithuania",NATO Strategy and Enlargement,Verify Washington time/date line before copying citation into document sequence.,"Source: William J. Clinton Presidential Library, Clinton Digital Library, Declassified Documents, Memcons - Memoranda of Conversation, Release 2014-0656-M, Item 118565. Secret.",https://clinton.presidentiallibraries.us/items/show/118565,https://clinton.presidentiallibraries.us/files/original/c9e50ea35d7e380c704747bc312cf21a.pdf
70,Verify Time and Placement,45,chronology,1998-05-02,Telcon,Memorandum of Telephone conversation with NATO Secretary General Solana,European Security Architecture,Verify Washington time/date line before copying citation into document sequence.,"Source: William J. Clinton Presidential Library, Clinton Digital Library, Declassified Documents, Telcons - Memoranda of Telephone Conversations, Release 2015-0548-M, Item 118889. Confidential.",https://clinton.presidentiallibraries.us/items/show/118889,https://clinton.presidentiallibraries.us/files/original/11d052c456f355d767263bf051e4efe7.pdf
71,Verify Time and Placement,45,chronology,1998-05-04,Telcon,Memorandum of Telephone Conversation - President Vaclav Havel of the Czech Republic,NATO-Russia and Partnership,Verify Washington time/date line before copying citation into document sequence.,"Source: William J. Clinton Presidential Library, Clinton Digital Library, Declassified Documents, Telcons - Memoranda of Telephone Conversations, Release 2015-0773-M, Item 101537. No classification marking.",https://clinton.presidentiallibraries.us/items/show/101537,
72,Verify Time and Placement,45,chronology,1998-05-06,Memcon,Memorandum of Conversation - Prime Minister Romano Prodi of Italy,Crisis Security Files,Verify Washington time/date line before copying citation into document sequence.,"Source: William J. Clinton Presidential Library, Clinton Digital Library, Declassified Documents, Memcons - Memoranda of Conversation, Release 2015-0755-M, Item 101540. Confidential.",https://clinton.presidentiallibraries.us/items/show/101540,https://clinton.presidentiallibraries.us/files/original/0558ee545f56589a7cbf670e78115cc4.pdf
73,Verify Time and Placement,45,chronology,1998-05-17,Memcon,Memorandum of Conversation - President Boris Yeltsin of Russia,Crisis Security Files,Verify Washington time/date line before copying citation into document sequence.,"Source: William J. Clinton Presidential Library, Clinton Digital Library, Declassified Documents, Memcons - Memoranda of Conversation, Release 2015-0782-M-2, Item 101528. Confidential.",https://clinton.presidentiallibraries.us/items/show/101528,https://clinton.presidentiallibraries.us/files/original/de36fdf16dd4aee1a6215050f89ba430.pdf
74,Verify Time and Placement,45,chronology,1998-07-16,Memcon,Memorandum of Conversation with NATO Secretary General Javier Solana,Crisis Security Files,Verify Washington time/date line before copying citation into document sequence.,"Source: William J. Clinton Presidential Library, Clinton Digital Library, Declassified Documents, Memcons - Memoranda of Conversation, Release 2015-0548-M, Item 118883. Confidential.",https://clinton.presidentiallibraries.us/items/show/118883,https://clinton.presidentiallibraries.us/files/original/3025a65e30e068505e4d32c1a6c0a539.pdf
75,Verify Time and Placement,45,chronology,1998-09-16,Memcon,Memorandum of Conversation - President Vaclav Havel of the Czech Republic,Crisis Security Files,Verify Washington time/date line before copying citation into document sequence.,"Source: William J. Clinton Presidential Library, Clinton Digital Library, Declassified Documents, Memcons - Memoranda of Conversation, Release 2015-0773-M, Item 101539. Confidential.",https://clinton.presidentiallibraries.us/items/show/101539,
76,Verify Time and Placement,45,chronology,1998-10-21,Memcon,Memorandum of Conversation with President Adamkus of Lithuania,NATO Strategy and Enlargement,Verify Washington time/date line before copying citation into document sequence.,"Source: William J. Clinton Presidential Library, Clinton Digital Library, Declassified Documents, Memcons - Memoranda of Conversation, Release 2016-0384-M, Item 118917. Confidential.",https://clinton.presidentiallibraries.us/items/show/118917,https://clinton.presidentiallibraries.us/files/original/29c17fc63800df67688f1771d127a45e.pdf
77,Verify Time and Placement,45,chronology,1999-03-15,Memcon,Memorandum of Conversation with Secretary General Javier Solana of NATO,Crisis Security Files,Verify Washington time/date line before copying citation into document sequence.,"Source: William J. Clinton Presidential Library, Clinton Digital Library, Declassified Documents, Memcons - Memoranda of Conversation, Release 2015-0548-M, Item 118888. Confidential.",https://clinton.presidentiallibraries.us/items/show/118888,https://clinton.presidentiallibraries.us/files/original/5453fc71dd35fc99315b6be63240e1be.pdf
78,Verify Time and Placement,45,chronology,1999-03-21,Telcon,Memorandum of Telephone Conversation with French President Jacques Chirac,Crisis Security Files,Verify Washington time/date line before copying citation into document sequence.,"Source: William J. Clinton Presidential Library, Clinton Digital Library, Declassified Documents, Telcons - Memoranda of Telephone Conversations, Release 2014-0558-M, Item 119246. Secret.",https://clinton.presidentiallibraries.us/items/show/119246,https://clinton.presidentiallibraries.us/files/original/6423ae532d85907c701765a8184ecd07.pdf
79,Verify Time and Placement,45,chronology,1999-03-21,Telcon,Memorandum of Telephone Conversation with German Chancellor,Crisis Security Files,Verify Washington time/date line before copying citation into document sequence.,"Source: William J. Clinton Presidential Library, Clinton Digital Library, Declassified Documents, Telcons - Memoranda of Telephone Conversations, Release 2014-0558-M, Item 119248. Secret.",https://clinton.presidentiallibraries.us/items/show/119248,https://clinton.presidentiallibraries.us/files/original/c5c2b6d34857e3aa7c7d5289d5471abd.pdf
80,Verify Time and Placement,45,chronology,1999-03-25,Telcon,Memorandum of Telephone Conversation with Secretary General Javier Solana,Crisis Security Files,Verify Washington time/date line before copying citation into document sequence.,"Source: William J. Clinton Presidential Library, Clinton Digital Library, Declassified Documents, Telcons - Memoranda of Telephone Conversations, Release 2015-0548-M, Item 118887. Secret.",https://clinton.presidentiallibraries.us/items/show/118887,https://clinton.presidentiallibraries.us/files/original/edf02c9df20fc3617fbf9f72312bcedb.pdf
81,Verify Time and Placement,45,chronology,1999-04-22,Memcon,Memorandum of Conversation with NATO Secretary General Javier Solana,Crisis Security Files,Verify Washington time/date line before copying citation into document sequence.,"Source: William J. Clinton Presidential Library, Clinton Digital Library, Declassified Documents, Memcons - Memoranda of Conversation, Release 2015-0548-M, Item 118886. Secret.",https://clinton.presidentiallibraries.us/items/show/118886,https://clinton.presidentiallibraries.us/files/original/76744b37fd4e81e9fd84dfca07ee5cd3.pdf
82,Verify Time and Placement,45,chronology,1999-04-26,Telcon,Memorandum of Telephone Conversation with NATO Secretary General Solana,Crisis Security Files,Verify Washington time/date line before copying citation into document sequence.,"Source: William J. Clinton Presidential Library, Clinton Digital Library, Declassified Documents, Telcons - Memoranda of Telephone Conversations, Release 2015-0548-M, Item 118884. Confidential.",https://clinton.presidentiallibraries.us/items/show/118884,https://clinton.presidentiallibraries.us/files/original/182b57f9a5b3d92c408be78e034d1de8.pdf
83,Verify Time and Placement,45,chronology,1999-05-05,Memcon,Memorandum of Conversation with Secretary General Solana of NATO,Crisis Security Files,Verify Washington time/date line before copying citation into document sequence.,"Source: William J. Clinton Presidential Library, Clinton Digital Library, Declassified Documents, Memcons - Memoranda of Conversation, Release 2015-0548-M, Item 118885. Confidential.",https://clinton.presidentiallibraries.us/items/show/118885,https://clinton.presidentiallibraries.us/files/original/211af0c28d36dacd5ca394e846147219.pdf
84,Verify Time and Placement,45,chronology,1999-05-27,Telcon,Memorandum of Telephone Conversation - President Vaclav Havel of the Czech Republic,Crisis Security Files,Verify Washington time/date line before copying citation into document sequence.,"Source: William J. Clinton Presidential Library, Clinton Digital Library, Declassified Documents, Telcons - Memoranda of Telephone Conversations, Release 2015-0773-M, Item 101612. Confidential.",https://clinton.presidentiallibraries.us/items/show/101612,
85,Verify Time and Placement,45,chronology,1999-06-08,Memcon,Memorandum of Conversation - President Arpad Goncz of Hungary,NATO Strategy and Enlargement,Verify Washington time/date line before copying citation into document sequence.,"Source: William J. Clinton Presidential Library, Clinton Digital Library, Declassified Documents, Memcons - Memoranda of Conversation, Release 2015-0133-M, Item 101598. Confidential.",https://clinton.presidentiallibraries.us/items/show/101598,https://clinton.presidentiallibraries.us/files/original/bba4979c2e685ab534478f898bf75c30.pdf
86,Verify Time and Placement,45,chronology,1999-06-20,Memcon,Memorandum of Conversation - President Boris Yeltsin of Russia,Crisis Security Files,Verify Washington time/date line before copying citation into document sequence.,"Source: William J. Clinton Presidential Library, Clinton Digital Library, Declassified Documents, Memcons - Memoranda of Conversation, Release 2015-0782-M-2, Item 101606. Confidential.",https://clinton.presidentiallibraries.us/items/show/101606,https://clinton.presidentiallibraries.us/files/original/3a9dfaf27b801d9fcfa3cefddca78be5.pdf
87,Verify Time and Placement,45,chronology,1999-11-19,Memcon,Memorandum of Conversation - President Boris Yeltsin of Russia,NATO-Russia and Partnership,Verify Washington time/date line before copying citation into document sequence.,"Source: William J. Clinton Presidential Library, Clinton Digital Library, Declassified Documents, Memcons - Memoranda of Conversation, Release 2015-0777-M, Item 101582. Secret.",https://clinton.presidentiallibraries.us/items/show/101582,https://clinton.presidentiallibraries.us/files/original/3ea5b8a29cbf7b1fc12b3d62aa2c6285.pdf
88,Verify Time and Placement,45,chronology,2000-06-05,Memcon,Memorandum of Conversation - President Leonid Kuchma of Ukraine,Crisis Security Files,Verify Washington time/date line before copying citation into document sequence.,"Source: William J. Clinton Presidential Library, Clinton Digital Library, Declassified Documents, Memcons - Memoranda of Conversation, Release 2016-0123-M, Item 101663. Secret.",https://clinton.presidentiallibraries.us/items/show/101663,https://clinton.presidentiallibraries.us/files/original/7c287496e2d0bdef255b7be9be743cf8.pdf
89,Verify Time and Placement,33,chronology,1993-04-03,Memcon,Working Dinner with President Boris Yeltsin,Crisis Security Files,Verify Washington time/date line before copying citation into document sequence.,"Source: National Archives Catalog item 163545404, Clinton Library case 2014-0901-M, NSC Records Management PRS Files, Document ID 9302226. Derivative PDF extracts source pages 9-17 and appends source marker page 2 as provenance sheet. Secret.",https://catalog.archives.gov/id/163545404,https://s3.amazonaws.com/NARAprodstorage/lz/presidential-libraries/clinton/wjc-nscrm/7585721/6-YeltsinVancouver.pdf
90,Verify Time and Placement,33,chronology,1993-04-04,Memcon,Meeting with Russian President Boris Yeltsin on Security Issues,Crisis Security Files,Verify Washington time/date line before copying citation into document sequence.,"Source: National Archives Catalog item 163545404, Clinton Library case 2014-0901-M, NSC Records Management PRS Files, Document ID 9302226. Derivative PDF extracts source pages 19-30 and appends source marker page 2 as provenance sheet. Secret.",https://catalog.archives.gov/id/163545404,https://s3.amazonaws.com/NARAprodstorage/lz/presidential-libraries/clinton/wjc-nscrm/7585721/6-YeltsinVancouver.pdf
91,Verify Time and Placement,33,chronology,1994-01-13,Memcon,"President's dinner with President Yeltsin, January 13/14, 1994",Crisis Security Files,Verify Washington time/date line before copying citation into document sequence.,"Source: William J. Clinton Presidential Library, Clinton Digital Library item 101370, ""Memorandum of Conversation - President Boris Yeltsin of Russia,"" January 13, 1994, part of 2016-0117-M, Memcons - Memoranda of Conversation. Item description: ""This Memcon was received as a NSC Cable."" Source PDF label: ""69 Memcon Cable President Boris Yeltsin of Russia (not really a memcon) Jan 13 1994.pdf."". Secret.",https://clinton.presidentiallibraries.us/items/show/101370,https://clinton.presidentiallibraries.us/files/original/c016beef71be071cd9c96fcf0972fd57.pdf
92,Verify Time and Placement,33,chronology,1994-04-10,Telcon,"Telephone call with President Boris Yeltsin of Russia, April 10, 1994, White House",Crisis Security Files,Verify Washington time/date line before copying citation into document sequence.,"Source: Clinton Library, Meetings and Telephone Calls with Foreign Leaders, master chronology, Release packet 2015-0782-M-1; related packet(s): NARA NAID 40482516. Confidential. Source pages: pages 164-166; 3 conversation pages.",https://www.clintonlibrary.gov/research/archives/finding-aids/declassified-documents-concerning-russian-president-boris-yeltsin,https://www.clintonlibrary.gov/sites/default/files/finding_aids_a_z/2026-05/2015-0782-M-1.pdf
93,Verify Time and Placement,33,chronology,1994-07-10,Memcon,"Meeting with President Boris Yeltsin of Russia, July 10, 1994, Naples Italy",NATO-Russia and Partnership,Verify Washington time/date line before copying citation into document sequence.,"Source: Clinton Library, Meetings and Telephone Calls with Foreign Leaders, master chronology, Release packet 2015-0782-M-1.",https://www.clintonlibrary.gov/research/archives/finding-aids/declassified-documents-concerning-russian-president-boris-yeltsin,https://www.clintonlibrary.gov/sites/default/files/finding_aids_a_z/2026-05/2015-0782-M-1.pdf
94,Verify Time and Placement,33,chronology,1994-09-28,Memcon,Second Clinton/Yeltsin One-on-One,NATO-Russia and Partnership,Verify Washington time/date line before copying citation into document sequence.,"Source: William J. Clinton Presidential Library, Clinton Digital Library item 101758, ""Declassified documents concerning telcon between the President and Boris Yeltsin on September 28, 1994,"" identifier 2018-1215-M; creators National Security Council, NSC European Affairs Office, and Alexander Vershbow; part of National Archives Catalog Description, NAID 7585499; Clinton Presidential Records: White House Staff and Office Files; Declassified Documents collection. Direct review shows the extracted pages are the complete ""Second Clinton/Yeltsin One-on-One"" meeting text. Confidential.",https://clinton.presidentiallibraries.us/items/show/101758,https://clinton.presidentiallibraries.us/files/original/2509827ca57f98e07eec584b3d69250f.pdf
95,Verify Time and Placement,33,chronology,1997-02-27,Telcon,"Telephone call with President Boris Yeltsin of Russia, February 27, 1997, White House",NATO-Russia and Partnership,Verify Washington time/date line before copying citation into document sequence.,"Source: Clinton Library, Meetings and Telephone Calls with Foreign Leaders, master chronology, Release packet 2015-0782-M-2. Confidential. Source pages: pages 87-89; 3 conversation pages.",https://www.clintonlibrary.gov/research/archives/finding-aids/declassified-documents-concerning-russian-president-boris-yeltsin-0,https://www.clintonlibrary.gov/sites/default/files/finding_aids_a_z/2026-01/2015-0782-M-2.pdf
96,Verify Time and Placement,33,chronology,1997-03-21,Memcon,Helsinki Afternoon Meeting with President Boris Yeltsin,NATO-Russia and Partnership,Verify Washington time/date line before copying citation into document sequence.,"Source: Clinton Library, Meetings and Telephone Calls with Foreign Leaders, master chronology, Release packet 2015-0782-M-2. Secret. Source pages: pages 124-127; 4 conversation pages.",https://www.clintonlibrary.gov/research/archives/finding-aids/declassified-documents-concerning-russian-president-boris-yeltsin-0,https://www.clintonlibrary.gov/sites/default/files/finding_aids_a_z/2026-01/2015-0782-M-2.pdf
97,Verify Time and Placement,33,chronology,1997-03-21,Memcon,Helsinki Morning Meeting with President Boris Yeltsin,NATO-Russia and Partnership,Verify Washington time/date line before copying citation into document sequence.,"Source: Clinton Library, Meetings and Telephone Calls with Foreign Leaders, master chronology, Release packet 2015-0782-M-2. Secret. Source pages: pages 105-115; 11 conversation pages.",https://www.clintonlibrary.gov/research/archives/finding-aids/declassified-documents-concerning-russian-president-boris-yeltsin-0,https://www.clintonlibrary.gov/sites/default/files/finding_aids_a_z/2026-01/2015-0782-M-2.pdf
98,Verify Time and Placement,33,chronology,1997-03-21,Memcon,Helsinki Private Dinner with President Boris Yeltsin,NATO-Russia and Partnership,Verify Washington time/date line before copying citation into document sequence.,"Source: Clinton Library, Meetings and Telephone Calls with Foreign Leaders, master chronology, Release packet 2015-0782-M-2. Confidential. Source pages: pages 128-133; 6 conversation pages.",https://www.clintonlibrary.gov/research/archives/finding-aids/declassified-documents-concerning-russian-president-boris-yeltsin-0,https://www.clintonlibrary.gov/sites/default/files/finding_aids_a_z/2026-01/2015-0782-M-2.pdf
99,Verify Time and Placement,33,chronology,1997-03-21,Memcon,Helsinki Working Lunch with President Boris Yeltsin,NATO-Russia and Partnership,Verify Washington time/date line before copying citation into document sequence.,"Source: Clinton Library, Meetings and Telephone Calls with Foreign Leaders, master chronology, Release packet 2015-0782-M-2. Secret. Source pages: pages 116-123; 8 conversation pages.",https://www.clintonlibrary.gov/research/archives/finding-aids/declassified-documents-concerning-russian-president-boris-yeltsin-0,https://www.clintonlibrary.gov/sites/default/files/finding_aids_a_z/2026-01/2015-0782-M-2.pdf
100,Verify Time and Placement,33,chronology,1997-05-27,Memcon,"Meeting with President Boris Yeltsin of Russia, May 27, 1997, Paris, France",NATO-Russia and Partnership,Verify Washington time/date line before copying citation into document sequence.,"Source: Clinton Library, Meetings and Telephone Calls with Foreign Leaders, master chronology, Release packet 2015-0782-M-2. Confidential. Source pages: pages 143-150; 8 conversation pages.",https://www.clintonlibrary.gov/research/archives/finding-aids/declassified-documents-concerning-russian-president-boris-yeltsin-0,https://www.clintonlibrary.gov/sites/default/files/finding_aids_a_z/2026-01/2015-0782-M-2.pdf
101,Verify Time and Placement,33,chronology,1997-06-20,Memcon,"Meeting with President Boris Yeltsin of Russia, June 20, 1997, Denver, Colorado",NATO-Russia and Partnership,Verify Washington time/date line before copying citation into document sequence.,"Source: Clinton Library, Meetings and Telephone Calls with Foreign Leaders, master chronology, Release packet 2015-0782-M-2. Secret. Source pages: pages 165-172; 8 conversation pages.",https://www.clintonlibrary.gov/research/archives/finding-aids/declassified-documents-concerning-russian-president-boris-yeltsin-0,https://www.clintonlibrary.gov/sites/default/files/finding_aids_a_z/2026-01/2015-0782-M-2.pdf
102,Verify Time and Placement,33,chronology,1997-10-30,Telcon,"Telephone call with President Boris Yeltsin of Russia, October 30, 1997, White House",NATO-Russia and Partnership,Verify Washington time/date line before copying citation into document sequence.,"Source: Clinton Library, Meetings and Telephone Calls with Foreign Leaders, master chronology, Release packet 2015-0782-M-2. Confidential. Source pages: pages 183-188; 6 conversation pages.",https://www.clintonlibrary.gov/research/archives/finding-aids/declassified-documents-concerning-russian-president-boris-yeltsin-0,https://www.clintonlibrary.gov/sites/default/files/finding_aids_a_z/2026-01/2015-0782-M-2.pdf
103,Verify Time and Placement,33,chronology,1997-11-16,Telcon,"Telephone call with President Boris Yeltsin of Russia, November 16, 1997, Malibu, California",NATO-Russia and Partnership,Verify Washington time/date line before copying citation into document sequence.,"Source: Clinton Library, Meetings and Telephone Calls with Foreign Leaders, master chronology, Release packet 2015-0782-M-2. Confidential. Source pages: pages 206-208; 3 conversation pages.",https://www.clintonlibrary.gov/research/archives/finding-aids/declassified-documents-concerning-russian-president-boris-yeltsin-0,https://www.clintonlibrary.gov/sites/default/files/finding_aids_a_z/2026-01/2015-0782-M-2.pdf
104,Verify Time and Placement,33,chronology,1997-11-22,Telcon,"Telephone call with President Boris Yeltsin of Russia, November 22, 1997, White House",NATO-Russia and Partnership,Verify Washington time/date line before copying citation into document sequence.,"Source: Clinton Library, Meetings and Telephone Calls with Foreign Leaders, master chronology, Release packet 2015-0782-M-2. Confidential. Source pages: pages 218-223; 6 conversation pages.",https://www.clintonlibrary.gov/research/archives/finding-aids/declassified-documents-concerning-russian-president-boris-yeltsin-0,https://www.clintonlibrary.gov/sites/default/files/finding_aids_a_z/2026-01/2015-0782-M-2.pdf
105,Verify Time and Placement,33,chronology,1998-02-02,Telcon,"Telephone call with President Boris Yeltsin of Russia, February 2, 1998, White House",NATO-Russia and Partnership,Verify Washington time/date line before copying citation into document sequence.,"Source: Clinton Library, Meetings and Telephone Calls with Foreign Leaders, master chronology, Release packet 2015-0782-M-2. Confidential. Source pages: pages 236-239; 4 conversation pages.",https://www.clintonlibrary.gov/research/archives/finding-aids/declassified-documents-concerning-russian-president-boris-yeltsin-0,https://www.clintonlibrary.gov/sites/default/files/finding_aids_a_z/2026-01/2015-0782-M-2.pdf
106,Verify Time and Placement,33,chronology,1998-02-23,Telcon,"Telephone call with President Boris Yeltsin of Russia, February 23, 1998, White House",NATO-Russia and Partnership,Verify Washington time/date line before copying citation into document sequence.,"Source: Clinton Library, Meetings and Telephone Calls with Foreign Leaders, master chronology, Release packet 2015-0782-M-2. Confidential. Source pages: pages 253-256; 4 conversation pages.",https://www.clintonlibrary.gov/research/archives/finding-aids/declassified-documents-concerning-russian-president-boris-yeltsin-0,https://www.clintonlibrary.gov/sites/default/files/finding_aids_a_z/2026-01/2015-0782-M-2.pdf
107,Verify Time and Placement,33,chronology,1998-04-06,Telcon,"Telephone call with President Boris Yeltsin of Russia, April 6, 1998, White House",NATO-Russia and Partnership,Verify Washington time/date line before copying citation into document sequence.,"Source: Clinton Library, Meetings and Telephone Calls with Foreign Leaders, master chronology, Release packet 2015-0782-M-2. Secret. Source pages: pages 274-278; 5 conversation pages.",https://www.clintonlibrary.gov/research/archives/finding-aids/declassified-documents-concerning-russian-president-boris-yeltsin-0,https://www.clintonlibrary.gov/sites/default/files/finding_aids_a_z/2026-01/2015-0782-M-2.pdf
108,Verify Time and Placement,33,chronology,1998-05-12,Telcon,"Telephone call with President Boris Yeltsin of Russia, May 12, 1998, White House",NATO-Russia and Partnership,Verify Washington time/date line before copying citation into document sequence.,"Source: Clinton Library, Meetings and Telephone Calls with Foreign Leaders, master chronology, Release packet 2015-0782-M-2. Secret. Source pages: pages 286-290; 5 conversation pages.",https://www.clintonlibrary.gov/research/archives/finding-aids/declassified-documents-concerning-russian-president-boris-yeltsin-0,https://www.clintonlibrary.gov/sites/default/files/finding_aids_a_z/2026-01/2015-0782-M-2.pdf
109,Verify Time and Placement,33,chronology,1998-05-17,Memcon,"Meeting with President Boris Yeltsin of Russia, May 17, 1998, Birmingham, England",NATO-Russia and Partnership,Verify Washington time/date line before copying citation into document sequence.,"Source: Clinton Library, Meetings and Telephone Calls with Foreign Leaders, master chronology, Release packet 2015-0782-M-2. Confidential. Source pages: pages 312-319; 8 conversation pages.",https://www.clintonlibrary.gov/research/archives/finding-aids/declassified-documents-concerning-russian-president-boris-yeltsin-0,https://www.clintonlibrary.gov/sites/default/files/finding_aids_a_z/2026-01/2015-0782-M-2.pdf
110,Verify Time and Placement,33,chronology,1998-05-21,Telcon,"Telephone call with President Boris Yeltsin of Russia, May 21, 1998, White House",NATO-Russia and Partnership,Verify Washington time/date line before copying citation into document sequence.,"Source: Clinton Library, Meetings and Telephone Calls with Foreign Leaders, master chronology, Release packet 2015-0782-M-2. Confidential. Source pages: pages 301-303; 3 conversation pages.",https://www.clintonlibrary.gov/research/archives/finding-aids/declassified-documents-concerning-russian-president-boris-yeltsin-0,https://www.clintonlibrary.gov/sites/default/files/finding_aids_a_z/2026-01/2015-0782-M-2.pdf
111,Verify Time and Placement,33,chronology,1998-05-28,Telcon,"Telephone call with President Boris Yeltsin of Russia, May 28, 1998, White House",NATO-Russia and Partnership,Verify Washington time/date line before copying citation into document sequence.,"Source: Clinton Library, Meetings and Telephone Calls with Foreign Leaders, master chronology, Release packet 2015-0782-M-2. Confidential. Source pages: pages 329-332; 4 conversation pages.",https://www.clintonlibrary.gov/research/archives/finding-aids/declassified-documents-concerning-russian-president-boris-yeltsin-0,https://www.clintonlibrary.gov/sites/default/files/finding_aids_a_z/2026-01/2015-0782-M-2.pdf
112,Verify Time and Placement,33,chronology,1998-06-15,Telcon,"Telephone call with President Boris Yeltsin of Russia, June 15, 1998, White House",NATO-Russia and Partnership,Verify Washington time/date line before copying citation into document sequence.,"Source: Clinton Library, Meetings and Telephone Calls with Foreign Leaders, master chronology, Release packet 2015-0782-M-2. Confidential. Source pages: pages 342-346; 5 conversation pages.",https://www.clintonlibrary.gov/research/archives/finding-aids/declassified-documents-concerning-russian-president-boris-yeltsin-0,https://www.clintonlibrary.gov/sites/default/files/finding_aids_a_z/2026-01/2015-0782-M-2.pdf
113,Verify Time and Placement,33,chronology,1998-06-16,Telcon,"Telephone call with President Boris Yeltsin of Russia, June 16, 1998, White House",NATO-Russia and Partnership,Verify Washington time/date line before copying citation into document sequence.,"Source: Clinton Library, Meetings and Telephone Calls with Foreign Leaders, master chronology, Release packet 2015-0782-M-2. Confidential. Source pages: pages 359-360; 2 conversation pages.",https://www.clintonlibrary.gov/research/archives/finding-aids/declassified-documents-concerning-russian-president-boris-yeltsin-0,https://www.clintonlibrary.gov/sites/default/files/finding_aids_a_z/2026-01/2015-0782-M-2.pdf
114,Verify Time and Placement,33,chronology,1998-07-10,Telcon,"Telephone call with President Boris Yeltsin of Russia, July 10, 1998, White House",NATO-Russia and Partnership,Verify Washington time/date line before copying citation into document sequence.,"Source: Clinton Library, Meetings and Telephone Calls with Foreign Leaders, master chronology, Release packet 2015-0782-M-2. Confidential. Source pages: pages 371-374; 4 conversation pages.",https://www.clintonlibrary.gov/research/archives/finding-aids/declassified-documents-concerning-russian-president-boris-yeltsin-0,https://www.clintonlibrary.gov/sites/default/files/finding_aids_a_z/2026-01/2015-0782-M-2.pdf
115,Verify Time and Placement,33,chronology,1998-08-14,Telcon,"Telephone call with President Boris Yeltsin of Russia, August 14, 1998, White House",NATO-Russia and Partnership,Verify Washington time/date line before copying citation into document sequence.,"Source: Clinton Library, Meetings and Telephone Calls with Foreign Leaders, master chronology, Release packet 2015-0782-M-2. Secret. Source pages: pages 384-389; 6 conversation pages.",https://www.clintonlibrary.gov/research/archives/finding-aids/declassified-documents-concerning-russian-president-boris-yeltsin-0,https://www.clintonlibrary.gov/sites/default/files/finding_aids_a_z/2026-01/2015-0782-M-2.pdf
116,Verify Time and Placement,33,chronology,1998-08-25,Telcon,"Telephone call with President Boris Yeltsin of Russia, August 25, 1998, Martha's Vineyard, Massachusetts",NATO-Russia and Partnership,Verify Washington time/date line before copying citation into document sequence.,"Source: Clinton Library, Meetings and Telephone Calls with Foreign Leaders, master chronology, Release packet 2015-0782-M-2. Secret. Source pages: pages 405-408; 4 conversation pages.",https://www.clintonlibrary.gov/research/archives/finding-aids/declassified-documents-concerning-russian-president-boris-yeltsin-0,https://www.clintonlibrary.gov/sites/default/files/finding_aids_a_z/2026-01/2015-0782-M-2.pdf
117,Verify Time and Placement,33,chronology,1998-09-01,Memcon,"Meetings with President Boris Yeltsin of Russia, September 1-2, 1998, Moscow, Russia",NATO-Russia and Partnership,Verify Washington time/date line before copying citation into document sequence.,"Source: Clinton Library, Meetings and Telephone Calls with Foreign Leaders, master chronology, Release packet 2015-0782-M-2.",https://www.clintonlibrary.gov/research/archives/finding-aids/declassified-documents-concerning-russian-president-boris-yeltsin-0,https://www.clintonlibrary.gov/sites/default/files/finding_aids_a_z/2026-01/2015-0782-M-2.pdf
118,Verify Time and Placement,33,chronology,1998-09-12,Telcon,"Telephone call with President Boris Yeltsin of Russia, September 12, 1998, White House",NATO-Russia and Partnership,Verify Washington time/date line before copying citation into document sequence.,"Source: Clinton Library, Meetings and Telephone Calls with Foreign Leaders, master chronology, Release packet 2015-0782-M-2. Confidential. Source pages: pages 422-425; 4 conversation pages.",https://www.clintonlibrary.gov/research/archives/finding-aids/declassified-documents-concerning-russian-president-boris-yeltsin-0,https://www.clintonlibrary.gov/sites/default/files/finding_aids_a_z/2026-01/2015-0782-M-2.pdf
119,Verify Time and Placement,33,chronology,1998-10-05,Telcon,"Telephone call with President Boris Yeltsin of Russia, October 5, 1998, White House",NATO-Russia and Partnership,Verify Washington time/date line before copying citation into document sequence.,"Source: Clinton Library, Meetings and Telephone Calls with Foreign Leaders, master chronology, Release packet 2015-0782-M-2. Counted from Clinton Digital Library item 100503, MDR release 2016-0620-M. Source PDF pages 1-2 are an August 24 briefing memorandum and page 6 is a separate Berger memorandum; only telcon pages 3-5 were counted. Secret.",https://www.clintonlibrary.gov/research/archives/finding-aids/declassified-documents-concerning-russian-president-boris-yeltsin-0,https://clinton.presidentiallibraries.us/files/original/dac856cd6bbd10b93c2eb815862bce44.pdf
120,Verify Time and Placement,33,chronology,1998-12-30,Telcon,"Telephone call with President Boris Yeltsin of Russia, December 30, 1998, White House",NATO-Russia and Partnership,Verify Washington time/date line before copying citation into document sequence.,"Source: Clinton Library, Meetings and Telephone Calls with Foreign Leaders, master chronology, Release packet 2015-0782-M-2. Counted from Clinton Digital Library item 119190. The source PDF appears to consist only of the December 30, 1998 Clinton-Yeltsin telcon. Confidential.",https://www.clintonlibrary.gov/research/archives/finding-aids/declassified-documents-concerning-russian-president-boris-yeltsin-0,https://clinton.presidentiallibraries.us/files/original/1ec29c3214c0ccb6c6ed30fd7e5b06af.pdf
121,Verify Time and Placement,33,chronology,1999-03-24,Telcon,"Telephone call with President Boris Yeltsin of Russia, March 24, 1999, White House",Crisis Security Files,Verify Washington time/date line before copying citation into document sequence.,"Source: Clinton Library, Meetings and Telephone Calls with Foreign Leaders, master chronology, Release packet 2015-0782-M-2; related packet(s): 2014-0546-M-Release-A. The packet header has a date typo, but the marker, document ID, and leader chronology identify this as March 24, 1999. Secret.",https://www.clintonlibrary.gov/research/archives/finding-aids/declassified-documents-concerning-russian-president-boris-yeltsin-0,https://www.clintonlibrary.gov/sites/default/files/finding_aids_a_z/2026-01/2015-0782-M-2.pdf
122,Verify Time and Placement,33,chronology,1999-04-19,Telcon,"Telephone call with President Boris Yeltsin of Russia, April 19, 1999, White House",Crisis Security Files,Verify Washington time/date line before copying citation into document sequence.,"Source: Clinton Library, Meetings and Telephone Calls with Foreign Leaders, master chronology, Release packet 2015-0782-M-2; related packet(s): 2014-0546-M-Release-A. Secret. Source pages: pages 438-443; 6 conversation pages.",https://www.clintonlibrary.gov/research/archives/finding-aids/declassified-documents-concerning-russian-president-boris-yeltsin-0,https://www.clintonlibrary.gov/sites/default/files/finding_aids_a_z/2026-01/2015-0782-M-2.pdf
123,Verify Time and Placement,33,chronology,1999-04-25,Telcon,"Telephone call with President Boris Yeltsin of Russia, April 25, 1999, Washington, D.C.",Crisis Security Files,Verify Washington time/date line before copying citation into document sequence.,"Source: Clinton Library, Meetings and Telephone Calls with Foreign Leaders, master chronology, Release packet 2015-0782-M-2; related packet(s): 2014-0546-M-Release-A. Secret. Source pages: pages 445-456; 12 conversation pages.",https://www.clintonlibrary.gov/research/archives/finding-aids/declassified-documents-concerning-russian-president-boris-yeltsin-0,https://www.clintonlibrary.gov/sites/default/files/finding_aids_a_z/2026-01/2015-0782-M-2.pdf
124,Verify Time and Placement,33,chronology,1999-05-02,Telcon,"Telephone call with President Boris Yeltsin of Russia, May 2, 1999, White House",Crisis Security Files,Verify Washington time/date line before copying citation into document sequence.,"Source: Clinton Library, Meetings and Telephone Calls with Foreign Leaders, master chronology, Release packet 2015-0782-M-2; related packet(s): 2014-0546-M-Release-A. Secret. Source pages: pages 470-473; 4 conversation pages.",https://www.clintonlibrary.gov/research/archives/finding-aids/declassified-documents-concerning-russian-president-boris-yeltsin-0,https://www.clintonlibrary.gov/sites/default/files/finding_aids_a_z/2026-01/2015-0782-M-2.pdf
125,Verify Time and Placement,33,chronology,1999-06-07,Telcon,"Telephone call with President Boris Yeltsin of Russia, June 7, 1999, White House",Crisis Security Files,Verify Washington time/date line before copying citation into document sequence.,"Source: Clinton Library, Meetings and Telephone Calls with Foreign Leaders, master chronology, Release packet 2015-0782-M-2; related packet(s): 2014-0546-M-Release-A. Confidential. Source pages: pages 479-480; 2 conversation pages.",https://www.clintonlibrary.gov/research/archives/finding-aids/declassified-documents-concerning-russian-president-boris-yeltsin-0,https://www.clintonlibrary.gov/sites/default/files/finding_aids_a_z/2026-01/2015-0782-M-2.pdf
126,Verify Time and Placement,33,chronology,1999-06-08,Telcon,"Telephone call with President Boris Yeltsin of Russia, June 8, 1999, White House",Crisis Security Files,Verify Washington time/date line before copying citation into document sequence.,"Source: Clinton Library, Meetings and Telephone Calls with Foreign Leaders, master chronology, Release packet 2015-0782-M-2; related packet(s): 2014-0546-M-Release-A. Secret. Source pages: pages 482-484; 3 conversation pages.",https://www.clintonlibrary.gov/research/archives/finding-aids/declassified-documents-concerning-russian-president-boris-yeltsin-0,https://www.clintonlibrary.gov/sites/default/files/finding_aids_a_z/2026-01/2015-0782-M-2.pdf
127,Verify Time and Placement,33,chronology,1999-06-10,Telcon,"Telephone call with President Boris Yeltsin of Russia, June 10, 1999, White House",Crisis Security Files,Verify Washington time/date line before copying citation into document sequence.,"Source: Clinton Library, Meetings and Telephone Calls with Foreign Leaders, master chronology, Release packet 2015-0782-M-2; related packet(s): 2014-0546-M-Release-A. Confidential. Source pages: pages 488-489; 2 conversation pages.",https://www.clintonlibrary.gov/research/archives/finding-aids/declassified-documents-concerning-russian-president-boris-yeltsin-0,https://www.clintonlibrary.gov/sites/default/files/finding_aids_a_z/2026-01/2015-0782-M-2.pdf
128,Verify Time and Placement,33,chronology,1999-06-13,Telcon,"Telephone call with President Boris Yeltsin of Russia, June 13, 1999, White House",Crisis Security Files,Verify Washington time/date line before copying citation into document sequence.,"Source: Clinton Library, Meetings and Telephone Calls with Foreign Leaders, master chronology, Release packet 2015-0782-M-2; related packet(s): 2014-0546-M-Release-A. Secret. Source pages: pages 531-537; 7 conversation pages.",https://www.clintonlibrary.gov/research/archives/finding-aids/declassified-documents-concerning-russian-president-boris-yeltsin-0,https://www.clintonlibrary.gov/sites/default/files/finding_aids_a_z/2026-01/2015-0782-M-2.pdf
129,Verify Time and Placement,33,chronology,1999-06-14,Telcon,"Telephone call with President Boris Yeltsin of Russia, June 14, 1999, White House",Crisis Security Files,Verify Washington time/date line before copying citation into document sequence.,"Source: Clinton Library, Meetings and Telephone Calls with Foreign Leaders, master chronology, Release packet 2015-0782-M-2; related packet(s): 2014-0546-M-Release-A. Secret. Source pages: pages 521-524; 4 conversation pages.",https://www.clintonlibrary.gov/research/archives/finding-aids/declassified-documents-concerning-russian-president-boris-yeltsin-0,https://www.clintonlibrary.gov/sites/default/files/finding_aids_a_z/2026-01/2015-0782-M-2.pdf
130,Verify Time and Placement,33,chronology,1999-06-20,Memcon,"Meeting with President Boris Yeltsin of Russia, June 20, 1999, Cologne, Germany",Crisis Security Files,Verify Washington time/date line before copying citation into document sequence.,"Source: Clinton Library, Meetings and Telephone Calls with Foreign Leaders, master chronology, Release packet 2015-0782-M-2; related packet(s): 2014-0546-M-Release-A. Confidential. Source pages: pages 497-505; 9 conversation pages.",https://www.clintonlibrary.gov/research/archives/finding-aids/declassified-documents-concerning-russian-president-boris-yeltsin-0,https://www.clintonlibrary.gov/sites/default/files/finding_aids_a_z/2026-01/2015-0782-M-2.pdf
131,Copy-Ready Drafts,20,working draft ready,1996-06-10,Source Lead,BILATERAL PRESIDENTIAL MEETING AT LYON SUMMIT,NATO-Russia and Partnership,"Copy working source note, then verify markings, attachments, marginalia, and final placement.","Source: Department of State, FOIA Virtual Reading Room, Strobe Talbott FOIA release, Document C09000036. Unclassified.",https://foia.state.gov/DOCUMENTS/FOIA_L_Oct2024/FL-2017-13804/DOC_0C09000036/C09000036.pdf,https://foia.state.gov/DOCUMENTS/FOIA_L_Oct2024/FL-2017-13804/DOC_0C09000036/C09000036.pdf
132,Copy-Ready Drafts,20,working draft ready,1996-06-10,Source Lead,"SECRETARY CHRISTOPHER'S MEETING WITH RUSSIAN FOREIGN MINISTER PRIMAKOV; JUNE 4, 1996, BERLIN w/Attached Cover Sheet",NATO-Russia and Partnership,"Copy working source note, then verify markings, attachments, marginalia, and final placement.","Source: Department of State, FOIA Virtual Reading Room, Strobe Talbott FOIA release, Document C09000034. Confidential; Nodis.",https://foia.state.gov/DOCUMENTS/FOIA_L_Oct2024/FL-2017-13804/DOC_0C09000034/C09000034.pdf,https://foia.state.gov/DOCUMENTS/FOIA_L_Oct2024/FL-2017-13804/DOC_0C09000034/C09000034.pdf
133,Copy-Ready Drafts,20,working draft ready,1996-09-06,Source Lead,ACTING SECRETARY TALBOTT'S CONVERSATION WITH RUSSIAN DEPUTY FOREIGN MINISTER MAMEDOV,NATO-Russia and Partnership,"Copy working source note, then verify markings, attachments, marginalia, and final placement.","Source: Department of State, FOIA Virtual Reading Room, Strobe Talbott FOIA release, Document C09000058. Secret; Nodis; Eyes Only.",https://foia.state.gov/DOCUMENTS/FOIA_L_Mar2025/FL-2017-13804/DOC_0C09000058/C09000058.pdf,https://foia.state.gov/DOCUMENTS/FOIA_L_Mar2025/FL-2017-13804/DOC_0C09000058/C09000058.pdf
134,Copy-Ready Drafts,20,working draft ready,1997-05-19,Source Lead,"May 19, 1997 Letter From Boris Yeltsin To William J. Clinton",NATO-Russia and Partnership,"Copy working source note, then verify markings, attachments, marginalia, and final placement.","Source: Department of State, FOIA Virtual Reading Room, Strobe Talbott FOIA release, Document C09000076. Unclassified.",https://foia.state.gov/DOCUMENTS/FOIA_L_Feb2024/FL-2017-13804/DOC_0C09000076/C09000076.pdf,https://foia.state.gov/DOCUMENTS/FOIA_L_Feb2024/FL-2017-13804/DOC_0C09000076/C09000076.pdf
135,Copy-Ready Drafts,20,working draft ready,1997-07-01,Source Lead,"July 1, 1997 Letter From Strobe Talbott To Livia Sylva w/Attachment(s)",European Security Architecture,"Copy working source note, then verify markings, attachments, marginalia, and final placement.","Source: Department of State, FOIA Virtual Reading Room, Strobe Talbott FOIA release, Document C09000041. Unclassified.",https://foia.state.gov/DOCUMENTS/FOIA_L_Jan2024/FL-2017-13804/DOC_0C09000041/C09000041.pdf,https://foia.state.gov/DOCUMENTS/FOIA_L_Jan2024/FL-2017-13804/DOC_0C09000041/C09000041.pdf
136,Copy-Ready Drafts,20,working draft ready,1997-07-12,Source Lead,"MEMORANDUM OF CONVERSATION BETWEEN SECRETARY OF STATE ALBRIGHT AND RUSSIAN FOREIGN MINISTER PRIMAKOV RUSSIA: ST. PETERSBURG JULY 12, 1997 AT DINNER IN ""NOBLES' NEST"" RESTAURANT (DVORYANSKOYE GNEZDO) BOSNIA w/Attachment(s)",Crisis Security Files,"Copy working source note, then verify markings, attachments, marginalia, and final placement.","Source: Department of State, FOIA Virtual Reading Room, Strobe Talbott FOIA release, Document C09000045. Unclassified.",https://foia.state.gov/DOCUMENTS/FOIA_L_Oct2024/FL-2017-13804/DOC_0C09000045/C09000045.pdf,https://foia.state.gov/DOCUMENTS/FOIA_L_Oct2024/FL-2017-13804/DOC_0C09000045/C09000045.pdf
137,Copy-Ready Drafts,20,working draft ready,1997-07-22,Source Lead,"July 22, 1997 Letter From Strobe Talbott To H.E. Anatoly Chubais",NATO-Russia and Partnership,"Copy working source note, then verify markings, attachments, marginalia, and final placement.","Source: Department of State, FOIA Virtual Reading Room, Strobe Talbott FOIA release, Document C09000060. Unclassified.",https://foia.state.gov/DOCUMENTS/FOIA_L_Apr2024/FL-2017-13804/DOC_0C09000060/C09000060.pdf,https://foia.state.gov/DOCUMENTS/FOIA_L_Apr2024/FL-2017-13804/DOC_0C09000060/C09000060.pdf
138,Copy-Ready Drafts,20,working draft ready,1997-07-22,Source Lead,"July 22, 1997 Letter From Strobe Talbott To H.E. G. E. Mamedov",NATO-Russia and Partnership,"Copy working source note, then verify markings, attachments, marginalia, and final placement.","Source: Department of State, FOIA Virtual Reading Room, Strobe Talbott FOIA release, Document C09000061. Secret.",https://foia.state.gov/DOCUMENTS/FOIA_L_Apr2024/FL-2017-13804/DOC_0C09000061/C09000061.pdf,https://foia.state.gov/DOCUMENTS/FOIA_L_Apr2024/FL-2017-13804/DOC_0C09000061/C09000061.pdf
139,Copy-Ready Drafts,20,working draft ready,1997-07-27,Source Lead,"Your Meeting with Russian Foreign Minister Primakov, July 27, 1997, Kuala Lumpur w/Attachment(s)",NATO-Russia and Partnership,"Copy working source note, then verify markings, attachments, marginalia, and final placement.","Source: Department of State, FOIA Virtual Reading Room, Strobe Talbott FOIA release, Document C09000039. Secret; Nodis.",https://foia.state.gov/DOCUMENTS/FOIA_L_Oct2024/FL-2017-13804/DOC_0C09000039/C09000039.pdf,https://foia.state.gov/DOCUMENTS/FOIA_L_Oct2024/FL-2017-13804/DOC_0C09000039/C09000039.pdf
140,Copy-Ready Drafts,20,working draft ready,1997-11-18,Source Lead,Non-Iraq Contingency Points for Possible Bilateral Meeting with Russian Foreign Minister Yevgeniy Primakov w/Attachment(s),NATO-Russia and Partnership,"Copy working source note, then verify markings, attachments, marginalia, and final placement.","Source: Department of State, FOIA Virtual Reading Room, Strobe Talbott FOIA release, Document C09000012. Unclassified; Nodis.",https://foia.state.gov/DOCUMENTS/FOIA_L_Oct2024/FL-2017-13804/DOC_0C09000012/C09000012.pdf,https://foia.state.gov/DOCUMENTS/FOIA_L_Oct2024/FL-2017-13804/DOC_0C09000012/C09000012.pdf
141,Copy-Ready Drafts,20,working draft ready,1997-12-02,Source Lead,"CHANCELLOR KOHL'S MEETING WITH PRESIDENT YELTSIN, NOVEMBER 30",NATO-Russia and Partnership,"Copy working source note, then verify markings, attachments, marginalia, and final placement.","Source: Department of State, FOIA Virtual Reading Room, Strobe Talbott FOIA release, Document C09000005. Unclassified.",https://foia.state.gov/DOCUMENTS/FOIA_L_Oct2024/FL-2017-13804/DOC_0C09000005/C09000005.pdf,https://foia.state.gov/DOCUMENTS/FOIA_L_Oct2024/FL-2017-13804/DOC_0C09000005/C09000005.pdf
142,Copy-Ready Drafts,20,working draft ready,1998-02-15,Source Lead,"February 15, 1998 Note From Strobe Talbott To Amb. Grossman",European Security Architecture,"Copy working source note, then verify markings, attachments, marginalia, and final placement.","Source: Department of State, FOIA Virtual Reading Room, Strobe Talbott FOIA release, Document C09000090. Unclassified.",https://foia.state.gov/DOCUMENTS/FOIA_L_Oct2023/FL-2017-13804/DOC_0C09000090/C09000090.pdf,https://foia.state.gov/DOCUMENTS/FOIA_L_Oct2023/FL-2017-13804/DOC_0C09000090/C09000090.pdf
143,Copy-Ready Drafts,20,working draft ready,1998-03-26,Source Lead,Weekly Report from the Department of State,NATO-Russia and Partnership,"Copy working source note, then verify markings, attachments, marginalia, and final placement.","Source: Department of State, FOIA Virtual Reading Room, Strobe Talbott FOIA release, Document C09000004. Confidential; Nodis.",https://foia.state.gov/DOCUMENTS/FOIA_L_Apr2023/FL-2017-13804/DOC_0C09000004/C09000004.pdf,https://foia.state.gov/DOCUMENTS/FOIA_L_Apr2023/FL-2017-13804/DOC_0C09000004/C09000004.pdf
144,Copy-Ready Drafts,20,working draft ready,1998-06-02,Source Lead,Transmittal Memorandum of Telephone Conversation with Russian President Boris Yeltsin w/Attachment(s),NATO-Russia and Partnership,"Copy working source note, then verify markings, attachments, marginalia, and final placement.","Source: Department of State, FOIA Virtual Reading Room, Strobe Talbott FOIA release, Document C09000028. Confidential; Nodis.",https://foia.state.gov/DOCUMENTS/FOIA_L_Mar2025/FL-2017-13804/DOC_0C09000028/C09000028.pdf,https://foia.state.gov/DOCUMENTS/FOIA_L_Mar2025/FL-2017-13804/DOC_0C09000028/C09000028.pdf
145,Copy-Ready Drafts,20,working draft ready,1999-04-13,Source Lead,"Under Secretary Pickering's Meeting with Russian Deputy Foreign Minister Georgiy Mamedov, April 9, 1999, Dresden, Germany w/Attachment(s)",Crisis Security Files,"Copy working source note, then verify markings, attachments, marginalia, and final placement.","Source: Department of State, FOIA Virtual Reading Room, Strobe Talbott FOIA release, Document C09000042. Secret.",https://foia.state.gov/DOCUMENTS/FOIA_L_June2024/FL-2017-13804/DOC_0C09000042/C09000042.pdf,https://foia.state.gov/DOCUMENTS/FOIA_L_June2024/FL-2017-13804/DOC_0C09000042/C09000042.pdf
146,Copy-Ready Drafts,20,working draft ready,1999-05-15,Source Lead,"Memorandum of Conversation: Meeting with President Ahtisaari, May 15, 1999",NATO-Russia and Partnership,"Copy working source note, then verify markings, attachments, marginalia, and final placement.","Source: Department of State, FOIA Virtual Reading Room, Strobe Talbott FOIA release, Document C09000038. Secret.",https://foia.state.gov/DOCUMENTS/FOIA_L_June2024/FL-2017-13804/DOC_0C09000038/C09000038.pdf,https://foia.state.gov/DOCUMENTS/FOIA_L_June2024/FL-2017-13804/DOC_0C09000038/C09000038.pdf
147,Copy-Ready Drafts,20,working draft ready,2000-07-31,Source Lead,"July 31, 2000 Note From Strobe Talbott To the Secretary",NATO Strategy and Enlargement,"Copy working source note, then verify markings, attachments, marginalia, and final placement.","Source: Department of State, FOIA Virtual Reading Room, Strobe Talbott FOIA release, Document C09000010. Confidential.",https://foia.state.gov/DOCUMENTS/FOIA_L_Apr2024/FL-2017-13804/DOC_0C09000010/C09000010.pdf,https://foia.state.gov/DOCUMENTS/FOIA_L_Apr2024/FL-2017-13804/DOC_0C09000010/C09000010.pdf
148,Copy-Ready Drafts,8,selection,1993-01-01,Scout Lead,Lithuania - Meeting with Deputy Foreign Minister Vygaudas Usackas,NATO Strategy and Enlargement,"Copy working source note, then verify markings, attachments, marginalia, and final placement.","Source: National Archives and Records Administration, National Archives Catalog, Records of the National Security Council European Affairs Office (Clinton Administration), Antony Blinken's Files, Lithuania - Meeting with Deputy Foreign Minister Vygaudas Usackas, NAID 23902171.",https://catalog.archives.gov/id/23902171,https://s3.us-east-1.amazonaws.com/NARAprodstorage/lz/presidential-libraries/clinton/wjc-nscea/7585471/42-t-7585471-20111038F-002-020-2015.pdf
149,Copy-Ready Drafts,8,selection,1993-01-01,Scout Lead,Latvia [2],NATO-Russia and Partnership,"Copy working source note, then verify markings, attachments, marginalia, and final placement.","Source: National Archives and Records Administration, National Archives Catalog, Records of the National Security Council European Affairs Office (Clinton Administration), Richard Norland's Files, Latvia [2], NAID 23901917.",https://catalog.archives.gov/id/23901917,https://s3.us-east-1.amazonaws.com/NARAprodstorage/lz/presidential-libraries/clinton/wjc-nscea/7585493/42-t-7585493-20111037F-007-018-2015.pdf
150,Copy-Ready Drafts,8,working draft ready,1993-01-01,Scout Lead,Latvia: Russia-Latvia [1],NATO-Russia and Partnership,"Copy working source note, then verify markings, attachments, marginalia, and final placement.","Source: National Archives and Records Administration, National Archives Catalog, Records of the National Security Council European Affairs Office (Clinton Administration), Richard Norland's Files, Latvia: Russia-Latvia [1], NAID 23901923.",https://catalog.archives.gov/id/23901923,https://s3.us-east-1.amazonaws.com/NARAprodstorage/lz/presidential-libraries/clinton/wjc-nscea/7585493/42-t-7585493-20111037F-008-006-2015.pdf
151,Copy-Ready Drafts,8,selection,1993-01-01,Scout Lead,Lithuania [1],NATO-Russia and Partnership,"Copy working source note, then verify markings, attachments, marginalia, and final placement.","Source: National Archives and Records Administration, National Archives Catalog, Records of the National Security Council European Affairs Office (Clinton Administration), Antony Blinken's Files, Lithuania [1], NAID 23902173.",https://catalog.archives.gov/id/23902173,https://s3.us-east-1.amazonaws.com/NARAprodstorage/lz/presidential-libraries/clinton/wjc-nscea/7585471/42-t-7585471-20111038F-002-022-2015.pdf
152,Copy-Ready Drafts,8,selection,1993-01-01,Scout Lead,Lithuania [8],NATO-Russia and Partnership,"Copy working source note, then verify markings, attachments, marginalia, and final placement.","Source: National Archives and Records Administration, National Archives Catalog, Records of the National Security Council European Affairs Office (Clinton Administration), Richard Norland's Files, Lithuania [8], NAID 23902180.",https://catalog.archives.gov/id/23902180,https://s3.us-east-1.amazonaws.com/NARAprodstorage/lz/presidential-libraries/clinton/wjc-nscea/7585493/42-t-7585493-20111038F-003-004-2015.pdf
153,Copy-Ready Drafts,8,selection,1993-01-01,Scout Lead,"DC 0145 DC Meeting Regarding Conference on Security and Cooperation in Europe/CSCE/Summit in Budapest, 5 December 199",European Security Architecture,"Copy working source note, then verify markings, attachments, marginalia, and final placement.","Source: National Archives and Records Administration, National Archives Catalog, DC 0145 DC Meeting Regarding Conference on Security and Cooperation in Europe/CSCE/Summit in Budapest, 5 December 199, NAID 147873393.",https://catalog.archives.gov/id/147873393,https://s3.amazonaws.com/NARAprodstorage/lz/presidential-libraries/clinton/foia/2014/2014-0846-F/42-t-7585724-20140846F-003-001-2019.pdf
154,Copy-Ready Drafts,8,selection,1993-01-01,Scout Lead,[Balkans: Bosnia] [1],Crisis Security Files,"Copy working source note, then verify markings, attachments, marginalia, and final placement.","Source: National Archives and Records Administration, National Archives Catalog, Records of the National Security Council European Affairs Office (Clinton Administration), Jane Holl's Files, [Balkans: Bosnia] [1], NAID 40482281.",https://catalog.archives.gov/id/40482281,https://s3.amazonaws.com/NARAprodstorage/opastorage/live/81/4822/40482281/content/presidential-libraries/clinton/foia/2008/2008-0994-F/2008-0994-F-Bosnia-JPG/Box_002/42-t-7585484-20080994F-002-004-2016/42_t_7585484_20080994F_002_004_2016_Page_001.JPG
155,Copy-Ready Drafts,8,working draft ready,1993-01-01,Scout Lead,[Balkans: Bosnia] [3],Crisis Security Files,"Copy working source note, then verify markings, attachments, marginalia, and final placement.","Source: National Archives and Records Administration, National Archives Catalog, Records of the National Security Council European Affairs Office (Clinton Administration), Jane Holl's Files, [Balkans: Bosnia] [3], NAID 40482283.",https://catalog.archives.gov/id/40482283,https://s3.amazonaws.com/NARAprodstorage/opastorage/live/83/4822/40482283/content/presidential-libraries/clinton/foia/2008/2008-0994-F/2008-0994-F-Bosnia-JPG/Box_002/42-t-7585484-20080994F-002-006-2016/42_t_7585484_20080994F_002_006_2016_Page_001.JPG
156,Copy-Ready Drafts,8,selection,1993-01-01,Scout Lead,"[Bosnia - Hercegovina, December 1993] [2]",Crisis Security Files,"Copy working source note, then verify markings, attachments, marginalia, and final placement.","Source: National Archives and Records Administration, National Archives Catalog, Records of the National Security Council European Affairs Office (Clinton Administration), Jane Holl's Files, [Bosnia - Hercegovina, December 1993] [2], NAID 40482379.",https://catalog.archives.gov/id/40482379,https://s3.amazonaws.com/NARAprodstorage/opastorage/live/79/4823/40482379/content/presidential-libraries/clinton/foia/2008/2008-0994-F/2008-0994-F-Bosnia-JPG/Box_012/42-t-7585484-20080994F-012-006-2016/42_t_7585484_20080994F_012_006_2016_Page_001.JPG
157,Copy-Ready Drafts,8,selection,1993-01-01,Scout Lead,"[Bosnia - Hercegovina, February - March 1993] [1]",Crisis Security Files,"Copy working source note, then verify markings, attachments, marginalia, and final placement.","Source: National Archives and Records Administration, National Archives Catalog, Records of the National Security Council European Affairs Office (Clinton Administration), Jane Holl's Files, [Bosnia - Hercegovina, February - March 1993] [1], NAID 40482325.",https://catalog.archives.gov/id/40482325,https://s3.amazonaws.com/NARAprodstorage/opastorage/live/25/4823/40482325/content/presidential-libraries/clinton/foia/2008/2008-0994-F/2008-0994-F-Bosnia-JPG/Box_006/42-t-7585484-20080994F-006-006-2016/42_t_7585484_20080994F_006_006_2016_Page_001.JPG
158,Copy-Ready Drafts,8,working draft ready,1993-01-01,Scout Lead,"[Bosnia - Hercegovina, February - March 1993] [3]",Crisis Security Files,"Copy working source note, then verify markings, attachments, marginalia, and final placement.","Source: National Archives and Records Administration, National Archives Catalog, Records of the National Security Council European Affairs Office (Clinton Administration), Jane Holl's Files, [Bosnia - Hercegovina, February - March 1993] [3], NAID 40482327.",https://catalog.archives.gov/id/40482327,https://s3.amazonaws.com/NARAprodstorage/opastorage/live/27/4823/40482327/content/presidential-libraries/clinton/foia/2008/2008-0994-F/2008-0994-F-Bosnia-JPG/Box_006/42-t-7585484-20080994F-006-008-2016/42_t_7585484_20080994F_006_008_2016_Page_001.JPG
159,Copy-Ready Drafts,8,selection,1993-01-01,Scout Lead,"[Bosnia - Hercegovina, July - August 1992] [1]",Crisis Security Files,"Copy working source note, then verify markings, attachments, marginalia, and final placement.","Source: National Archives and Records Administration, National Archives Catalog, Records of the National Security Council European Affairs Office (Clinton Administration), Jane Holl's Files, [Bosnia - Hercegovina, July - August 1992] [1], NAID 40482315.",https://catalog.archives.gov/id/40482315,https://s3.amazonaws.com/NARAprodstorage/opastorage/live/15/4823/40482315/content/presidential-libraries/clinton/foia/2008/2008-0994-F/2008-0994-F-Bosnia-JPG/Box_005/42-t-7585484-20080994F-005-008-2016/42_t_7585484_20080994F_005_008_2016_Page_001.JPG
160,Copy-Ready Drafts,8,selection,1993-01-01,Scout Lead,"[Bosnia - Hercegovina, October 1993] [2]",Crisis Security Files,"Copy working source note, then verify markings, attachments, marginalia, and final placement.","Source: National Archives and Records Administration, National Archives Catalog, Records of the National Security Council European Affairs Office (Clinton Administration), Jane Holl's Files, [Bosnia - Hercegovina, October 1993] [2], NAID 40482373.",https://catalog.archives.gov/id/40482373,https://s3.amazonaws.com/NARAprodstorage/opastorage/live/73/4823/40482373/content/presidential-libraries/clinton/foia/2008/2008-0994-F/2008-0994-F-Bosnia-JPG/Box_011/42-t-7585484-20080994F-011-009-2016/42_t_7585484_20080994F_011_009_2016_Page_001.JPG
161,Copy-Ready Drafts,8,selection,1993-01-01,Scout Lead,[Bosnia] [1],Crisis Security Files,"Copy working source note, then verify markings, attachments, marginalia, and final placement.","Source: National Archives and Records Administration, National Archives Catalog, Records of the National Security Council European Affairs Office (Clinton Administration), Donald Kerrick's Files, [Bosnia] [1], NAID 40482449.",https://catalog.archives.gov/id/40482449,https://s3.amazonaws.com/NARAprodstorage/opastorage/live/49/4824/40482449/content/presidential-libraries/clinton/foia/2008/2008-0994-F/2008-0994-F-Bosnia-JPG/Box_019/42-t-7585486-20080994F-019-005-2016/42_t_7585486_20080994F_019_005_2016_Page_001.JPG
162,Copy-Ready Drafts,8,selection,1993-01-01,Scout Lead,[Bosnia] [2],Crisis Security Files,"Copy working source note, then verify markings, attachments, marginalia, and final placement.","Source: National Archives and Records Administration, National Archives Catalog, Records of the National Security Council European Affairs Office (Clinton Administration), Jane Holl's Files, [Bosnia] [2], NAID 40482290.",https://catalog.archives.gov/id/40482290,https://s3.amazonaws.com/NARAprodstorage/opastorage/live/90/4822/40482290/content/presidential-libraries/clinton/foia/2008/2008-0994-F/2008-0994-F-Bosnia-JPG/Box_003/42-t-7585484-20080994F-003-003-2016/42_t_7585484_20080994F_003_003_2016_Page_001.JPG
163,Copy-Ready Drafts,8,selection,1993-01-01,Scout Lead,[Bosnia] [2],Crisis Security Files,"Copy working source note, then verify markings, attachments, marginalia, and final placement.","Source: National Archives and Records Administration, National Archives Catalog, Records of the National Security Council European Affairs Office (Clinton Administration), Donald Kerrick's Files, [Bosnia] [2], NAID 40482450.",https://catalog.archives.gov/id/40482450,https://s3.amazonaws.com/NARAprodstorage/opastorage/live/50/4824/40482450/content/presidential-libraries/clinton/foia/2008/2008-0994-F/2008-0994-F-Bosnia-JPG/Box_019/42-t-7585486-20080994F-019-006-2016/42_t_7585486_20080994F_019_006_2016_Page_001.JPG
164,Copy-Ready Drafts,8,selection,1993-01-01,Scout Lead,[Bosnia] [4],Crisis Security Files,"Copy working source note, then verify markings, attachments, marginalia, and final placement.","Source: National Archives and Records Administration, National Archives Catalog, Records of the National Security Council European Affairs Office (Clinton Administration), Jane Holl's Files, [Bosnia] [4], NAID 40482292.",https://catalog.archives.gov/id/40482292,https://s3.amazonaws.com/NARAprodstorage/opastorage/live/92/4822/40482292/content/presidential-libraries/clinton/foia/2008/2008-0994-F/2008-0994-F-Bosnia-JPG/Box_003/42-t-7585484-20080994F-003-005-2016/42_t_7585484_20080994F_003_005_2016_Page_001.JPG
165,Copy-Ready Drafts,8,selection,1993-01-01,Scout Lead,[Bosnia] [5],Crisis Security Files,"Copy working source note, then verify markings, attachments, marginalia, and final placement.","Source: National Archives and Records Administration, National Archives Catalog, Records of the National Security Council European Affairs Office (Clinton Administration), Jane Holl's Files, [Bosnia] [5], NAID 40482293.",https://catalog.archives.gov/id/40482293,https://s3.amazonaws.com/NARAprodstorage/opastorage/live/93/4822/40482293/content/presidential-libraries/clinton/foia/2008/2008-0994-F/2008-0994-F-Bosnia-JPG/Box_003/42-t-7585484-20080994F-003-006-2016/42_t_7585484_20080994F_003_006_2016_Page_001.JPG
166,Copy-Ready Drafts,8,selection,1993-01-01,Scout Lead,[Bosnia] [6],Crisis Security Files,"Copy working source note, then verify markings, attachments, marginalia, and final placement.","Source: National Archives and Records Administration, National Archives Catalog, Records of the National Security Council European Affairs Office (Clinton Administration), Jane Holl's Files, [Bosnia] [6], NAID 40482294.",https://catalog.archives.gov/id/40482294,https://s3.amazonaws.com/NARAprodstorage/opastorage/live/94/4822/40482294/content/presidential-libraries/clinton/foia/2008/2008-0994-F/2008-0994-F-Bosnia-JPG/Box_003/42-t-7585484-20080994F-003-007-2016/42_t_7585484_20080994F_003_007_2016_Page_001.JPG
167,Copy-Ready Drafts,8,selection,1993-01-01,Scout Lead,[Bosnia] [7],Crisis Security Files,"Copy working source note, then verify markings, attachments, marginalia, and final placement.","Source: National Archives and Records Administration, National Archives Catalog, Records of the National Security Council European Affairs Office (Clinton Administration), Jane Holl's Files, [Bosnia] [7], NAID 40482295.",https://catalog.archives.gov/id/40482295,https://s3.amazonaws.com/NARAprodstorage/opastorage/live/95/4822/40482295/content/presidential-libraries/clinton/foia/2008/2008-0994-F/2008-0994-F-Bosnia-JPG/Box_003/42-t-7585484-20080994F-003-008-2016/42_t_7585484_20080994F_003_008_2016_Page_001.JPG
168,Copy-Ready Drafts,8,working draft ready,1993-01-01,Scout Lead,[Bosnia] [8],Crisis Security Files,"Copy working source note, then verify markings, attachments, marginalia, and final placement.","Source: National Archives and Records Administration, National Archives Catalog, Records of the National Security Council European Affairs Office (Clinton Administration), Jane Holl's Files, [Bosnia] [8], NAID 40482296.",https://catalog.archives.gov/id/40482296,https://s3.amazonaws.com/NARAprodstorage/opastorage/live/96/4822/40482296/content/presidential-libraries/clinton/foia/2008/2008-0994-F/2008-0994-F-Bosnia-JPG/Box_003/42-t-7585484-20080994F-003-009-2016/42_t_7585484_20080994F_003_009_2016_Page_001.JPG
169,Copy-Ready Drafts,8,selection,1993-01-01,Scout Lead,Bob Dole to President Clinton re: Crisis in Kosovo,Crisis Security Files,"Copy working source note, then verify markings, attachments, marginalia, and final placement.","Source: National Archives and Records Administration, National Archives Catalog, Bob Dole to President Clinton re: Crisis in Kosovo, NAID 646483003.",https://catalog.archives.gov/id/646483003,https://s3.amazonaws.com/NARAprodstorage/lz/presidential-libraries/clinton/wjc-nscrm/7585717/a250-batch002/Dole-02025-001.pdf
170,Copy-Ready Drafts,8,selection,1993-01-01,Scout Lead,Bosnia,Crisis Security Files,"Copy working source note, then verify markings, attachments, marginalia, and final placement.","Source: National Archives and Records Administration, National Archives Catalog, Records of the National Security Council European Affairs Office (Clinton Administration), Donald Kerrick's Files, Bosnia, NAID 40482448.",https://catalog.archives.gov/id/40482448,https://s3.amazonaws.com/NARAprodstorage/opastorage/live/48/4824/40482448/content/presidential-libraries/clinton/foia/2008/2008-0994-F/2008-0994-F-Bosnia-JPG/Box_019/42-t-7585486-20080994F-019-004-2016/42_t_7585486_20080994F_019_004_2016_Page_001.JPG
171,Copy-Ready Drafts,8,selection,1993-01-01,Scout Lead,Bosnia - Communiques,Crisis Security Files,"Copy working source note, then verify markings, attachments, marginalia, and final placement.","Source: National Archives and Records Administration, National Archives Catalog, Records of the National Security Council European Affairs Office (Clinton Administration), Donald Kerrick's Files, Bosnia - Communiques, NAID 40482453.",https://catalog.archives.gov/id/40482453,https://s3.amazonaws.com/NARAprodstorage/opastorage/live/53/4824/40482453/content/presidential-libraries/clinton/foia/2008/2008-0994-F/2008-0994-F-Bosnia-JPG/Box_019/42-t-7585486-20080994F-019-009-2016/42_t_7585486_20080994F_019_009_2016_Page_001.JPG
172,Copy-Ready Drafts,8,selection,1993-01-01,Scout Lead,Bosnia - Congress,Crisis Security Files,"Copy working source note, then verify markings, attachments, marginalia, and final placement.","Source: National Archives and Records Administration, National Archives Catalog, Records of the National Security Council European Affairs Office (Clinton Administration), Jane Holl's Files, Bosnia - Congress, NAID 40482309.",https://catalog.archives.gov/id/40482309,https://s3.amazonaws.com/NARAprodstorage/opastorage/live/9/4823/40482309/content/presidential-libraries/clinton/foia/2008/2008-0994-F/2008-0994-F-Bosnia-JPG/Box_005/42-t-7585484-20080994F-005-002-2016/42_t_7585484_20080994F_005_002_2016_Page_001.JPG
173,Copy-Ready Drafts,8,selection,1993-01-01,Scout Lead,Bosnia - CSCE [Council on Security and Cooperation in Europe],Crisis Security Files,"Copy working source note, then verify markings, attachments, marginalia, and final placement.","Source: National Archives and Records Administration, National Archives Catalog, Records of the National Security Council European Affairs Office (Clinton Administration), Jane Holl's Files, Bosnia - CSCE [Council on Security and Cooperation in Europe], NAID 40482313.",https://catalog.archives.gov/id/40482313,https://s3.amazonaws.com/NARAprodstorage/opastorage/live/13/4823/40482313/content/presidential-libraries/clinton/foia/2008/2008-0994-F/2008-0994-F-Bosnia-JPG/Box_005/42-t-7585484-20080994F-005-006-2016/42_t_7585484_20080994F_005_006_2016_Page_001.JPG
174,Copy-Ready Drafts,8,selection,1993-01-01,Scout Lead,Bosnia - Geneva Negotiations,Crisis Security Files,"Copy working source note, then verify markings, attachments, marginalia, and final placement.","Source: National Archives and Records Administration, National Archives Catalog, Records of the National Security Council European Affairs Office (Clinton Administration), Jane Holl's Files, Bosnia - Geneva Negotiations, NAID 40482314.",https://catalog.archives.gov/id/40482314,https://s3.amazonaws.com/NARAprodstorage/opastorage/live/14/4823/40482314/content/presidential-libraries/clinton/foia/2008/2008-0994-F/2008-0994-F-Bosnia-JPG/Box_005/42-t-7585484-20080994F-005-007-2016/42_t_7585484_20080994F_005_007_2016_Page_001.JPG
175,Copy-Ready Drafts,8,selection,1993-01-01,Scout Lead,"Bosnia - Hercegovina, April 1993 [6]",Crisis Security Files,"Copy working source note, then verify markings, attachments, marginalia, and final placement.","Source: National Archives and Records Administration, National Archives Catalog, Records of the National Security Council European Affairs Office (Clinton Administration), Jane Holl's Files, Bosnia - Hercegovina, April 1993 [6], NAID 40482339.",https://catalog.archives.gov/id/40482339,https://s3.amazonaws.com/NARAprodstorage/opastorage/live/39/4823/40482339/content/presidential-libraries/clinton/foia/2008/2008-0994-F/2008-0994-F-Bosnia-JPG/Box_008/42-t-7585484-20080994F-008-002-2016/42_t_7585484_20080994F_008_002_2016_Page_001.JPG
176,Copy-Ready Drafts,8,selection,1993-01-01,Scout Lead,"Bosnia - Hercegovina, February 1993 [1]",Crisis Security Files,"Copy working source note, then verify markings, attachments, marginalia, and final placement.","Source: National Archives and Records Administration, National Archives Catalog, Records of the National Security Council European Affairs Office (Clinton Administration), Jane Holl's Files, Bosnia - Hercegovina, February 1993 [1], NAID 40482320.",https://catalog.archives.gov/id/40482320,https://s3.amazonaws.com/NARAprodstorage/opastorage/live/20/4823/40482320/content/presidential-libraries/clinton/foia/2008/2008-0994-F/2008-0994-F-Bosnia-JPG/Box_006/42-t-7585484-20080994F-006-001-2016/42_t_7585484_20080994F_006_001_2016_Page_001.JPG
177,Copy-Ready Drafts,8,selection,1993-01-01,Scout Lead,"Bosnia - Hercegovina, February 1993 [2]",Crisis Security Files,"Copy working source note, then verify markings, attachments, marginalia, and final placement.","Source: National Archives and Records Administration, National Archives Catalog, Records of the National Security Council European Affairs Office (Clinton Administration), Jane Holl's Files, Bosnia - Hercegovina, February 1993 [2], NAID 40482321.",https://catalog.archives.gov/id/40482321,https://s3.amazonaws.com/NARAprodstorage/opastorage/live/21/4823/40482321/content/presidential-libraries/clinton/foia/2008/2008-0994-F/2008-0994-F-Bosnia-JPG/Box_006/42-t-7585484-20080994F-006-002-2016/42_t_7585484_20080994F_006_002_2016_Page_001.JPG
178,Copy-Ready Drafts,8,selection,1993-01-01,Scout Lead,"Bosnia - Hercegovina, July - August 1993 [1]",Crisis Security Files,"Copy working source note, then verify markings, attachments, marginalia, and final placement.","Source: National Archives and Records Administration, National Archives Catalog, Records of the National Security Council European Affairs Office (Clinton Administration), Jane Holl's Files, Bosnia - Hercegovina, July - August 1993 [1], NAID 40482352.",https://catalog.archives.gov/id/40482352,https://s3.amazonaws.com/NARAprodstorage/opastorage/live/52/4823/40482352/content/presidential-libraries/clinton/foia/2008/2008-0994-F/2008-0994-F-Bosnia-JPG/Box_009/42-t-7585484-20080994F-009-006-2016/42_t_7585484_20080994F_009_006_2016_Page_001.JPG
179,Copy-Ready Drafts,8,working draft ready,1993-01-01,Scout Lead,"Bosnia - Hercegovina, May - June 1993 [3]",Crisis Security Files,"Copy working source note, then verify markings, attachments, marginalia, and final placement.","Source: National Archives and Records Administration, National Archives Catalog, Records of the National Security Council European Affairs Office (Clinton Administration), Jane Holl's Files, Bosnia - Hercegovina, May - June 1993 [3], NAID 40482344.",https://catalog.archives.gov/id/40482344,https://s3.amazonaws.com/NARAprodstorage/opastorage/live/44/4823/40482344/content/presidential-libraries/clinton/foia/2008/2008-0994-F/2008-0994-F-Bosnia-JPG/Box_008/42-t-7585484-20080994F-008-007-2016/42_t_7585484_20080994F_008_007_2016_Page_001.JPG
180,Copy-Ready Drafts,8,selection,1993-01-01,Scout Lead,"Bosnia - Hercegovina, May - June 1993 [8]",Crisis Security Files,"Copy working source note, then verify markings, attachments, marginalia, and final placement.","Source: National Archives and Records Administration, National Archives Catalog, Records of the National Security Council European Affairs Office (Clinton Administration), Jane Holl's Files, Bosnia - Hercegovina, May - June 1993 [8], NAID 40482349.",https://catalog.archives.gov/id/40482349,https://s3.amazonaws.com/NARAprodstorage/opastorage/live/49/4823/40482349/content/presidential-libraries/clinton/foia/2008/2008-0994-F/2008-0994-F-Bosnia-JPG/Box_009/42-t-7585484-20080994F-009-003-2016/42_t_7585484_20080994F_009_003_2016_Page_001.JPG
181,Copy-Ready Drafts,8,selection,1993-01-01,Scout Lead,"Bosnia - Hercegovina, May - June 1993 [9]",Crisis Security Files,"Copy working source note, then verify markings, attachments, marginalia, and final placement.","Source: National Archives and Records Administration, National Archives Catalog, Records of the National Security Council European Affairs Office (Clinton Administration), Jane Holl's Files, Bosnia - Hercegovina, May - June 1993 [9], NAID 40482350.",https://catalog.archives.gov/id/40482350,https://s3.amazonaws.com/NARAprodstorage/opastorage/live/50/4823/40482350/content/presidential-libraries/clinton/foia/2008/2008-0994-F/2008-0994-F-Bosnia-JPG/Box_009/42-t-7585484-20080994F-009-004-2016/42_t_7585484_20080994F_009_004_2016_Page_001.JPG
182,Copy-Ready Drafts,8,working draft ready,1993-01-01,Scout Lead,Bosnia - Letters [1],Crisis Security Files,"Copy working source note, then verify markings, attachments, marginalia, and final placement.","Source: National Archives and Records Administration, National Archives Catalog, Records of the National Security Council European Affairs Office (Clinton Administration), Donald Kerrick's Files, Bosnia - Letters [1], NAID 40482459.",https://catalog.archives.gov/id/40482459,https://s3.amazonaws.com/NARAprodstorage/opastorage/live/59/4824/40482459/content/presidential-libraries/clinton/foia/2008/2008-0994-F/2008-0994-F-Bosnia-JPG/Box_020/42-t-7585486-20080994F-020-005-2016/42_t_7585486_20080994F_020_005_2016_Page_001.JPG
183,Copy-Ready Drafts,8,selection,1993-01-01,Scout Lead,Bosnia - Letters [2],Crisis Security Files,"Copy working source note, then verify markings, attachments, marginalia, and final placement.","Source: National Archives and Records Administration, National Archives Catalog, Records of the National Security Council European Affairs Office (Clinton Administration), Donald Kerrick's Files, Bosnia - Letters [2], NAID 40482460.",https://catalog.archives.gov/id/40482460,https://s3.amazonaws.com/NARAprodstorage/opastorage/live/60/4824/40482460/content/presidential-libraries/clinton/foia/2008/2008-0994-F/2008-0994-F-Bosnia-JPG/Box_020/42-t-7585486-20080994F-020-006-2016/42_t_7585486_20080994F_020_006_2016_Page_001.JPG
184,Copy-Ready Drafts,8,selection,1993-01-01,Scout Lead,Bosnia - Letters [3],Crisis Security Files,"Copy working source note, then verify markings, attachments, marginalia, and final placement.","Source: National Archives and Records Administration, National Archives Catalog, Records of the National Security Council European Affairs Office (Clinton Administration), Donald Kerrick's Files, Bosnia - Letters [3], NAID 40482461.",https://catalog.archives.gov/id/40482461,https://s3.amazonaws.com/NARAprodstorage/opastorage/live/61/4824/40482461/content/presidential-libraries/clinton/foia/2008/2008-0994-F/2008-0994-F-Bosnia-JPG/Box_020/42-t-7585486-20080994F-020-007-2016/42_t_7585486_20080994F_020_007_2016_Page_001.JPG
185,Copy-Ready Drafts,8,selection,1993-01-01,Scout Lead,Bosnia - Letters [4],Crisis Security Files,"Copy working source note, then verify markings, attachments, marginalia, and final placement.","Source: National Archives and Records Administration, National Archives Catalog, Records of the National Security Council European Affairs Office (Clinton Administration), Donald Kerrick's Files, Bosnia - Letters [4], NAID 40482462.",https://catalog.archives.gov/id/40482462,https://s3.amazonaws.com/NARAprodstorage/opastorage/live/62/4824/40482462/content/presidential-libraries/clinton/foia/2008/2008-0994-F/2008-0994-F-Bosnia-JPG/Box_020/42-t-7585486-20080994F-020-008-2016/42_t_7585486_20080994F_020_008_2016_Page_001.JPG
186,Copy-Ready Drafts,8,selection,1993-01-01,Scout Lead,Bosnia - Lift Arms Embargo [2],Crisis Security Files,"Copy working source note, then verify markings, attachments, marginalia, and final placement.","Source: National Archives and Records Administration, National Archives Catalog, Records of the National Security Council European Affairs Office (Clinton Administration), Donald Kerrick's Files, Bosnia - Lift Arms Embargo [2], NAID 40482466.",https://catalog.archives.gov/id/40482466,https://s3.amazonaws.com/NARAprodstorage/opastorage/live/66/4824/40482466/content/presidential-libraries/clinton/foia/2008/2008-0994-F/2008-0994-F-Bosnia-JPG/Box_021/42-t-7585486-20080994F-021-003-2016/42_t_7585486_20080994F_021_003_2016_Page_001.JPG
187,Copy-Ready Drafts,8,selection,1993-01-01,Scout Lead,Bosnia - Lift Arms Embargo [4],Crisis Security Files,"Copy working source note, then verify markings, attachments, marginalia, and final placement.","Source: National Archives and Records Administration, National Archives Catalog, Records of the National Security Council European Affairs Office (Clinton Administration), Donald Kerrick's Files, Bosnia - Lift Arms Embargo [4], NAID 40482468.",https://catalog.archives.gov/id/40482468,https://s3.amazonaws.com/NARAprodstorage/opastorage/live/68/4824/40482468/content/presidential-libraries/clinton/foia/2008/2008-0994-F/2008-0994-F-Bosnia-JPG/Box_021/42-t-7585486-20080994F-021-005-2016/42_t_7585486_20080994F_021_005_2016_Page_001.JPG
188,Copy-Ready Drafts,8,selection,1993-01-01,Scout Lead,Bosnia - Lift Arms Embargo [5],Crisis Security Files,"Copy working source note, then verify markings, attachments, marginalia, and final placement.","Source: National Archives and Records Administration, National Archives Catalog, Records of the National Security Council European Affairs Office (Clinton Administration), Donald Kerrick's Files, Bosnia - Lift Arms Embargo [5], NAID 40482469.",https://catalog.archives.gov/id/40482469,https://s3.amazonaws.com/NARAprodstorage/opastorage/live/69/4824/40482469/content/presidential-libraries/clinton/foia/2008/2008-0994-F/2008-0994-F-Bosnia-JPG/Box_021/42-t-7585486-20080994F-021-006-2016/42_t_7585486_20080994F_021_006_2016_Page_001.JPG
189,Copy-Ready Drafts,8,selection,1993-01-01,Scout Lead,Bosnia - Lift Arms Embargo [7],Crisis Security Files,"Copy working source note, then verify markings, attachments, marginalia, and final placement.","Source: National Archives and Records Administration, National Archives Catalog, Records of the National Security Council European Affairs Office (Clinton Administration), Donald Kerrick's Files, Bosnia - Lift Arms Embargo [7], NAID 40482471.",https://catalog.archives.gov/id/40482471,https://s3.amazonaws.com/NARAprodstorage/opastorage/live/71/4824/40482471/content/presidential-libraries/clinton/foia/2008/2008-0994-F/2008-0994-F-Bosnia-JPG/Box_021/42-t-7585486-20080994F-021-008-2016/42_t_7585486_20080994F_021_008_2016_Page_001.JPG
190,Copy-Ready Drafts,8,selection,1993-01-01,Scout Lead,Bosnia - NATO,Crisis Security Files,"Copy working source note, then verify markings, attachments, marginalia, and final placement.","Source: National Archives and Records Administration, National Archives Catalog, Records of the National Security Council European Affairs Office (Clinton Administration), Jane Holl's Files, Bosnia - NATO, NAID 40482395.",https://catalog.archives.gov/id/40482395,https://s3.amazonaws.com/NARAprodstorage/opastorage/live/95/4823/40482395/content/presidential-libraries/clinton/foia/2008/2008-0994-F/2008-0994-F-Bosnia-JPG/Box_014/42-t-7585484-20080994F-014-003-2016/42_t_7585484_20080994F_014_003_2016_Page_001.JPG
191,Copy-Ready Drafts,8,working draft ready,1993-01-01,Scout Lead,Bosnia - NATO [1],Crisis Security Files,"Copy working source note, then verify markings, attachments, marginalia, and final placement.","Source: National Archives and Records Administration, National Archives Catalog, Records of the National Security Council European Affairs Office (Clinton Administration), Donald Kerrick's Files, Bosnia - NATO [1], NAID 40482473.",https://catalog.archives.gov/id/40482473,https://s3.amazonaws.com/NARAprodstorage/opastorage/live/73/4824/40482473/content/presidential-libraries/clinton/foia/2008/2008-0994-F/2008-0994-F-Bosnia-JPG/Box_021/42-t-7585486-20080994F-021-010-2016/42_t_7585486_20080994F_021_010_2016_Page_001.JPG
192,Copy-Ready Drafts,8,working draft ready,1993-01-01,Scout Lead,Bosnia - NATO [2],Crisis Security Files,"Copy working source note, then verify markings, attachments, marginalia, and final placement.","Source: National Archives and Records Administration, National Archives Catalog, Records of the National Security Council European Affairs Office (Clinton Administration), Donald Kerrick's Files, Bosnia - NATO [2], NAID 40482474.",https://catalog.archives.gov/id/40482474,https://s3.amazonaws.com/NARAprodstorage/opastorage/live/74/4824/40482474/content/presidential-libraries/clinton/foia/2008/2008-0994-F/2008-0994-F-Bosnia-JPG/Box_022/42-t-7585486-20080994F-022-001-2016/42_t_7585486_20080994F_022_001_2016_Page_001.JPG
193,Copy-Ready Drafts,8,selection,1993-01-01,Scout Lead,Bosnia - NATO [3],Crisis Security Files,"Copy working source note, then verify markings, attachments, marginalia, and final placement.","Source: National Archives and Records Administration, National Archives Catalog, Records of the National Security Council European Affairs Office (Clinton Administration), Donald Kerrick's Files, Bosnia - NATO [3], NAID 40482475.",https://catalog.archives.gov/id/40482475,https://s3.amazonaws.com/NARAprodstorage/opastorage/live/75/4824/40482475/content/presidential-libraries/clinton/foia/2008/2008-0994-F/2008-0994-F-Bosnia-JPG/Box_022/42-t-7585486-20080994F-022-002-2016/42_t_7585486_20080994F_022_002_2016_Page_001.JPG
194,Copy-Ready Drafts,8,selection,1993-01-01,Scout Lead,Bosnia - Papers [2],Crisis Security Files,"Copy working source note, then verify markings, attachments, marginalia, and final placement.","Source: National Archives and Records Administration, National Archives Catalog, Records of the National Security Council European Affairs Office (Clinton Administration), Donald Kerrick's Files, Bosnia - Papers [2], NAID 40482477.",https://catalog.archives.gov/id/40482477,https://s3.amazonaws.com/NARAprodstorage/opastorage/live/77/4824/40482477/content/presidential-libraries/clinton/foia/2008/2008-0994-F/2008-0994-F-Bosnia-JPG/Box_022/42-t-7585486-20080994F-022-004-2016/42_t_7585486_20080994F_022_004_2016_Page_001.JPG
195,Copy-Ready Drafts,8,selection,1993-01-01,Scout Lead,Bosnia - Papers [3],Crisis Security Files,"Copy working source note, then verify markings, attachments, marginalia, and final placement.","Source: National Archives and Records Administration, National Archives Catalog, Records of the National Security Council European Affairs Office (Clinton Administration), Donald Kerrick's Files, Bosnia - Papers [3], NAID 40482478.",https://catalog.archives.gov/id/40482478,https://s3.amazonaws.com/NARAprodstorage/opastorage/live/78/4824/40482478/content/presidential-libraries/clinton/foia/2008/2008-0994-F/2008-0994-F-Bosnia-JPG/Box_022/42-t-7585486-20080994F-022-005-2016/42_t_7585486_20080994F_022_005_2016_Page_001.JPG
196,Copy-Ready Drafts,8,selection,1993-01-01,Scout Lead,Bosnia - Papers [5],Crisis Security Files,"Copy working source note, then verify markings, attachments, marginalia, and final placement.","Source: National Archives and Records Administration, National Archives Catalog, Records of the National Security Council European Affairs Office (Clinton Administration), Donald Kerrick's Files, Bosnia - Papers [5], NAID 40482480.",https://catalog.archives.gov/id/40482480,https://s3.amazonaws.com/NARAprodstorage/opastorage/live/80/4824/40482480/content/presidential-libraries/clinton/foia/2008/2008-0994-F/2008-0994-F-Bosnia-JPG/Box_022/42-t-7585486-20080994F-022-007-2016/42_t_7585486_20080994F_022_007_2016_Page_001.JPG
197,Copy-Ready Drafts,8,working draft ready,1993-01-01,Scout Lead,Bosnia - Papers [6],Crisis Security Files,"Copy working source note, then verify markings, attachments, marginalia, and final placement.","Source: National Archives and Records Administration, National Archives Catalog, Records of the National Security Council European Affairs Office (Clinton Administration), Donald Kerrick's Files, Bosnia - Papers [6], NAID 40482481.",https://catalog.archives.gov/id/40482481,https://s3.amazonaws.com/NARAprodstorage/opastorage/live/81/4824/40482481/content/presidential-libraries/clinton/foia/2008/2008-0994-F/2008-0994-F-Bosnia-JPG/Box_022/42-t-7585486-20080994F-022-008-2016/42_t_7585486_20080994F_022_008_2016_Page_001.JPG
198,Copy-Ready Drafts,8,selection,1993-01-01,Scout Lead,Bosnia - Reports [2],Crisis Security Files,"Copy working source note, then verify markings, attachments, marginalia, and final placement.","Source: National Archives and Records Administration, National Archives Catalog, Records of the National Security Council European Affairs Office (Clinton Administration), Donald Kerrick's Files, Bosnia - Reports [2], NAID 40482496.",https://catalog.archives.gov/id/40482496,https://s3.amazonaws.com/NARAprodstorage/opastorage/live/96/4824/40482496/content/presidential-libraries/clinton/foia/2008/2008-0994-F/2008-0994-F-Bosnia-JPG/Box_024/42-t-7585486-20080994F-024-004-2016/42_t_7585486_20080994F_024_004_2016_Page_001.JPG
199,Copy-Ready Drafts,8,selection,1993-01-01,Scout Lead,Bosnia - Reports [3],Crisis Security Files,"Copy working source note, then verify markings, attachments, marginalia, and final placement.","Source: National Archives and Records Administration, National Archives Catalog, Records of the National Security Council European Affairs Office (Clinton Administration), Donald Kerrick's Files, Bosnia - Reports [3], NAID 40482497.",https://catalog.archives.gov/id/40482497,https://s3.amazonaws.com/NARAprodstorage/opastorage/live/97/4824/40482497/content/presidential-libraries/clinton/foia/2008/2008-0994-F/2008-0994-F-Bosnia-JPG/Box_024/42-t-7585486-20080994F-024-005-2016/42_t_7585486_20080994F_024_005_2016_Page_001.JPG
200,Copy-Ready Drafts,8,selection,1993-01-01,Scout Lead,Bosnia - Talking Points [1],Crisis Security Files,"Copy working source note, then verify markings, attachments, marginalia, and final placement.","Source: National Archives and Records Administration, National Archives Catalog, Records of the National Security Council European Affairs Office (Clinton Administration), Donald Kerrick's Files, Bosnia - Talking Points [1], NAID 40482503.",https://catalog.archives.gov/id/40482503,https://s3.amazonaws.com/NARAprodstorage/opastorage/live/3/4825/40482503/content/presidential-libraries/clinton/foia/2008/2008-0994-F/2008-0994-F-Bosnia-JPG/Box_024/42-t-7585486-20080994F-024-011-2016/42_t_7585486_20080994F_024_011_2016_Page_001.JPG
201,Copy-Ready Drafts,8,working draft ready,1993-01-01,Scout Lead,Bosnia - Talking Points [2],Crisis Security Files,"Copy working source note, then verify markings, attachments, marginalia, and final placement.","Source: National Archives and Records Administration, National Archives Catalog, Records of the National Security Council European Affairs Office (Clinton Administration), Donald Kerrick's Files, Bosnia - Talking Points [2], NAID 40482504.",https://catalog.archives.gov/id/40482504,https://s3.amazonaws.com/NARAprodstorage/opastorage/live/4/4825/40482504/content/presidential-libraries/clinton/foia/2008/2008-0994-F/2008-0994-F-Bosnia-JPG/Box_025/42-t-7585486-20080994F-025-001-2016/42_t_7585486_20080994F_025_001_2016_Page_001.JPG
202,Copy-Ready Drafts,8,working draft ready,1993-01-01,Scout Lead,Bosnia - Talking Points [5],Crisis Security Files,"Copy working source note, then verify markings, attachments, marginalia, and final placement.","Source: National Archives and Records Administration, National Archives Catalog, Records of the National Security Council European Affairs Office (Clinton Administration), Donald Kerrick's Files, Bosnia - Talking Points [5], NAID 40482507.",https://catalog.archives.gov/id/40482507,https://s3.amazonaws.com/NARAprodstorage/opastorage/live/7/4825/40482507/content/presidential-libraries/clinton/foia/2008/2008-0994-F/2008-0994-F-Bosnia-JPG/Box_025/42-t-7585486-20080994F-025-004-2016/42_t_7585486_20080994F_025_004_2016_Page_001.JPG
203,Copy-Ready Drafts,8,selection,1993-01-01,Scout Lead,Bosnia: Public Information/Media [3],Crisis Security Files,"Copy working source note, then verify markings, attachments, marginalia, and final placement.","Source: National Archives and Records Administration, National Archives Catalog, Records of the National Security Council European Affairs Office (Clinton Administration), Jane Holl's Files, Bosnia: Public Information/Media [3], NAID 40482405.",https://catalog.archives.gov/id/40482405,https://s3.amazonaws.com/NARAprodstorage/opastorage/live/5/4824/40482405/content/presidential-libraries/clinton/foia/2008/2008-0994-F/2008-0994-F-Bosnia-JPG/Box_015/42-t-7585484-20080994F-015-003-2016/42_t_7585484_20080994F_015_003_2016_Page_001.JPG
204,Copy-Ready Drafts,8,selection,1993-01-01,Scout Lead,Bosnia: Public Information/Media [5],Crisis Security Files,"Copy working source note, then verify markings, attachments, marginalia, and final placement.","Source: National Archives and Records Administration, National Archives Catalog, Records of the National Security Council European Affairs Office (Clinton Administration), Jane Holl's Files, Bosnia: Public Information/Media [5], NAID 40482407.",https://catalog.archives.gov/id/40482407,https://s3.amazonaws.com/NARAprodstorage/opastorage/live/7/4824/40482407/content/presidential-libraries/clinton/foia/2008/2008-0994-F/2008-0994-F-Bosnia-JPG/Box_015/42-t-7585484-20080994F-015-005-2016/42_t_7585484_20080994F_015_005_2016_Page_001.JPG
205,Copy-Ready Drafts,8,selection,1993-01-01,Scout Lead,"DC0011 DC Meeting on Bosnia-Hercegovina, February 26, 1993",Crisis Security Files,"Copy working source note, then verify markings, attachments, marginalia, and final placement.","Source: National Archives and Records Administration, National Archives Catalog, DC0011 DC Meeting on Bosnia-Hercegovina, February 26, 1993, NAID 41051326.",https://catalog.archives.gov/id/41051326,https://s3.amazonaws.com/NARAprodstorage/lz/presidential-libraries/clinton/7585709/42-t-7585709-20120798F-004-017-2016.pdf
206,Copy-Ready Drafts,8,selection,1993-01-01,Scout Lead,"DC0012 DC Meeting on Bosnia-Hercegovina, March 4, 1993",Crisis Security Files,"Copy working source note, then verify markings, attachments, marginalia, and final placement.","Source: National Archives and Records Administration, National Archives Catalog, DC0012 DC Meeting on Bosnia-Hercegovina, March 4, 1993, NAID 41051327.",https://catalog.archives.gov/id/41051327,https://s3.amazonaws.com/NARAprodstorage/lz/presidential-libraries/clinton/7585709/42-t-7585709-20120798F-004-018-2016.pdf
207,Copy-Ready Drafts,8,selection,1993-01-01,Scout Lead,"DC0013 DC Meeting on Bosnia-Hercegovina, March 9, 1993",Crisis Security Files,"Copy working source note, then verify markings, attachments, marginalia, and final placement.","Source: National Archives and Records Administration, National Archives Catalog, DC0013 DC Meeting on Bosnia-Hercegovina, March 9, 1993, NAID 41051328.",https://catalog.archives.gov/id/41051328,https://s3.amazonaws.com/NARAprodstorage/lz/presidential-libraries/clinton/7585709/42-t-7585709-20120798F-004-019-2016.pdf
208,Copy-Ready Drafts,8,selection,1993-01-01,Scout Lead,"DC0065 DC Meeting on Bosnia-Hercegovina Humanitarian Assistance, October 28, 1993",Crisis Security Files,"Copy working source note, then verify markings, attachments, marginalia, and final placement.","Source: National Archives and Records Administration, National Archives Catalog, DC0065 DC Meeting on Bosnia-Hercegovina Humanitarian Assistance, October 28, 1993, NAID 41051333.",https://catalog.archives.gov/id/41051333,https://s3.amazonaws.com/NARAprodstorage/lz/presidential-libraries/clinton/7585709/42-t-7585709-20120798F-004-024-2016.pdf
209,Copy-Ready Drafts,8,selection,1993-01-01,Scout Lead,"DC0070 DC Meeting on Bosnia-Hercegovina Humanitarian Assistance, November 16, 1993",Crisis Security Files,"Copy working source note, then verify markings, attachments, marginalia, and final placement.","Source: National Archives and Records Administration, National Archives Catalog, DC0070 DC Meeting on Bosnia-Hercegovina Humanitarian Assistance, November 16, 1993, NAID 41051334.",https://catalog.archives.gov/id/41051334,https://s3.amazonaws.com/NARAprodstorage/lz/presidential-libraries/clinton/7585709/42-t-7585709-20120798F-004-025-2016.pdf
210,Copy-Ready Drafts,8,selection,1993-01-01,Scout Lead,DC0540 DC Meeting on Kosovo,Crisis Security Files,"Copy working source note, then verify markings, attachments, marginalia, and final placement.","Source: National Archives and Records Administration, National Archives Catalog, DC0540 DC Meeting on Kosovo, NAID 233580617.",https://catalog.archives.gov/id/233580617,https://s3.amazonaws.com/NARAprodstorage/lz/presidential-libraries/clinton/wjc-nscrm/26457815/Batch0002/26457815-20061186F-001-004-2021.pdf
211,Copy-Ready Drafts,8,selection,1993-01-01,Scout Lead,Elie Wiesel to President Clinton re: Kosovo Refugees,Crisis Security Files,"Copy working source note, then verify markings, attachments, marginalia, and final placement.","Source: National Archives and Records Administration, National Archives Catalog, Elie Wiesel to President Clinton re: Kosovo Refugees, NAID 646483129.",https://catalog.archives.gov/id/646483129,https://s3.amazonaws.com/NARAprodstorage/lz/presidential-libraries/clinton/wjc-nscrm/7585717/a250-batch002/Wiesel-02025-001.pdf
212,Copy-Ready Drafts,8,selection,1993-01-01,Scout Lead,Estonia: Estonia - NATO,Crisis Security Files,"Copy working source note, then verify markings, attachments, marginalia, and final placement.","Source: National Archives and Records Administration, National Archives Catalog, Records of the National Security Council European Affairs Office (Clinton Administration), Richard Norland's Files, Estonia: Estonia - NATO, NAID 23901642.",https://catalog.archives.gov/id/23901642,https://s3.amazonaws.com/NARAprodstorage/opastorage/live/42/9016/23901642/content/presidential-libraries/clinton/foia/2011-1036-F/2011-1036-F-JPG/Box_004/42-t-7585493-20111036F-004-012-2015/42_t_7585493_20111036F_004_012_2015_Page_001.JPG
213,Copy-Ready Drafts,8,selection,1993-01-01,Scout Lead,Latvia: Russia-Latvia [2],Crisis Security Files,"Copy working source note, then verify markings, attachments, marginalia, and final placement.","Source: National Archives and Records Administration, National Archives Catalog, Records of the National Security Council European Affairs Office (Clinton Administration), Richard Norland's Files, Latvia: Russia-Latvia [2], NAID 23901924.",https://catalog.archives.gov/id/23901924,https://s3.us-east-1.amazonaws.com/NARAprodstorage/lz/presidential-libraries/clinton/wjc-nscea/7585493/42-t-7585493-20111037F-008-007-2015.pdf
214,Copy-Ready Drafts,8,selection,1993-01-01,Scout Lead,Latvia/WTO [World Trade Organization]/[U.S. - European Union],Crisis Security Files,"Copy working source note, then verify markings, attachments, marginalia, and final placement.","Source: National Archives and Records Administration, National Archives Catalog, Records of the National Security Council European Affairs Office (Clinton Administration), Keirn Brown's Files, Latvia/WTO [World Trade Organization]/[U.S. - European Union], NAID 23901914.",https://catalog.archives.gov/id/23901914,https://s3.us-east-1.amazonaws.com/NARAprodstorage/lz/presidential-libraries/clinton/wjc-nscea/7585473/42-t-7585473-20111037F-007-015-2015.pdf
215,Copy-Ready Drafts,8,selection,1993-01-01,Scout Lead,Lithuania - Vilnius Conference,Crisis Security Files,"Copy working source note, then verify markings, attachments, marginalia, and final placement.","Source: National Archives and Records Administration, National Archives Catalog, Records of the National Security Council European Affairs Office (Clinton Administration), Antony Blinken's Files, Lithuania - Vilnius Conference, NAID 23902172.",https://catalog.archives.gov/id/23902172,https://s3.amazonaws.com/NARAprodstorage/opastorage/live/72/9021/23902172/content/presidential-libraries/clinton/foia/2011-1038-F/2011-1038-F-JPG/Box_002/42-t-7585471-20111038F-002-021-2015/42_t_7585471_20111038F_002_021_2015_Page_001.JPG
216,Copy-Ready Drafts,8,selection,1993-01-01,Scout Lead,Lithuania [5],Crisis Security Files,"Copy working source note, then verify markings, attachments, marginalia, and final placement.","Source: National Archives and Records Administration, National Archives Catalog, Records of the National Security Council European Affairs Office (Clinton Administration), Richard Norland's Files, Lithuania [5], NAID 23902177.",https://catalog.archives.gov/id/23902177,https://s3.amazonaws.com/NARAprodstorage/opastorage/live/77/9021/23902177/content/presidential-libraries/clinton/foia/2011-1038-F/2011-1038-F-JPG/Box_003/42-t-7585493-20111038F-003-001-2015/42_t_7585493_20111038F_003_001_2015_Page_001.JPG
217,Copy-Ready Drafts,8,working draft ready,1993-01-01,Scout Lead,Lithuania: Bilateral,Crisis Security Files,"Copy working source note, then verify markings, attachments, marginalia, and final placement.","Source: National Archives and Records Administration, National Archives Catalog, Records of the National Security Council European Affairs Office (Clinton Administration), Richard Norland's Files, Lithuania: Bilateral, NAID 23902181.",https://catalog.archives.gov/id/23902181,https://s3.us-east-1.amazonaws.com/NARAprodstorage/lz/presidential-libraries/clinton/wjc-nscea/7585493/42-t-7585493-20111038F-003-005-2015.pdf
218,Copy-Ready Drafts,8,selection,1993-01-01,Scout Lead,Milan Panic to President Clinton re: Kosovo Crisis,Crisis Security Files,"Copy working source note, then verify markings, attachments, marginalia, and final placement.","Source: National Archives and Records Administration, National Archives Catalog, Milan Panic to President Clinton re: Kosovo Crisis, NAID 646483067.",https://catalog.archives.gov/id/646483067,https://s3.amazonaws.com/NARAprodstorage/lz/presidential-libraries/clinton/wjc-nscrm/7585717/a250-batch002/Panic-02025-001.pdf
219,Copy-Ready Drafts,8,selection,1993-01-01,Scout Lead,"PC0003 PC Meeting on Bosnia-Hercegovina, February 5, 1993",Crisis Security Files,"Copy working source note, then verify markings, attachments, marginalia, and final placement.","Source: National Archives and Records Administration, National Archives Catalog, PC0003 PC Meeting on Bosnia-Hercegovina, February 5, 1993, NAID 41051404.",https://catalog.archives.gov/id/41051404,https://s3.amazonaws.com/NARAprodstorage/lz/presidential-libraries/clinton/7585709/42-t-7585709-20120798F-008-006-2016.pdf
220,Copy-Ready Drafts,8,selection,1993-01-01,Scout Lead,"PC0006 PC Meeting on Bosnia-Hercegovina, March 3, 1993",Crisis Security Files,"Copy working source note, then verify markings, attachments, marginalia, and final placement.","Source: National Archives and Records Administration, National Archives Catalog, PC0006 PC Meeting on Bosnia-Hercegovina, March 3, 1993, NAID 41051406.",https://catalog.archives.gov/id/41051406,https://s3.amazonaws.com/NARAprodstorage/lz/presidential-libraries/clinton/7585709/42-t-7585709-20120798F-008-008-2016.pdf
221,Copy-Ready Drafts,8,selection,1993-01-01,Scout Lead,"PC0009 PC Meeting on Bosnia-Hercegovina, March 13, 1993",Crisis Security Files,"Copy working source note, then verify markings, attachments, marginalia, and final placement.","Source: National Archives and Records Administration, National Archives Catalog, PC0009 PC Meeting on Bosnia-Hercegovina, March 13, 1993, NAID 41051407.",https://catalog.archives.gov/id/41051407,https://s3.amazonaws.com/NARAprodstorage/lz/presidential-libraries/clinton/7585709/42-t-7585709-20120798F-008-009-2016.pdf
222,Copy-Ready Drafts,8,selection,1993-01-01,Scout Lead,"PC0010 PC Meeting on Bosnia-Hercegovina, March 25, 1993",Crisis Security Files,"Copy working source note, then verify markings, attachments, marginalia, and final placement.","Source: National Archives and Records Administration, National Archives Catalog, PC0010 PC Meeting on Bosnia-Hercegovina, March 25, 1993, NAID 41051408.",https://catalog.archives.gov/id/41051408,https://s3.amazonaws.com/NARAprodstorage/lz/presidential-libraries/clinton/7585709/42-t-7585709-20120798F-008-010-2016.pdf
223,Copy-Ready Drafts,8,selection,1993-01-01,Scout Lead,"PC0011 PC Meeting on Bosnia-Hercegovina, March 27, 1993",Crisis Security Files,"Copy working source note, then verify markings, attachments, marginalia, and final placement.","Source: National Archives and Records Administration, National Archives Catalog, PC0011 PC Meeting on Bosnia-Hercegovina, March 27, 1993, NAID 41051409.",https://catalog.archives.gov/id/41051409,https://s3.amazonaws.com/NARAprodstorage/lz/presidential-libraries/clinton/7585709/42-t-7585709-20120798F-008-011-2016.pdf
224,Copy-Ready Drafts,8,selection,1993-01-01,Scout Lead,"PC0012 PC Meeting on Bosnia-Hercegovina, April 9, 1993",Crisis Security Files,"Copy working source note, then verify markings, attachments, marginalia, and final placement.","Source: National Archives and Records Administration, National Archives Catalog, PC0012 PC Meeting on Bosnia-Hercegovina, April 9, 1993, NAID 41051410.",https://catalog.archives.gov/id/41051410,https://s3.amazonaws.com/NARAprodstorage/lz/presidential-libraries/clinton/7585709/42-t-7585709-20120798F-008-012-2016.pdf
225,Copy-Ready Drafts,8,selection,1993-01-01,Scout Lead,"PC0014 PC Meeting on Bosnia-Hercegovina, April 17, 1993",Crisis Security Files,"Copy working source note, then verify markings, attachments, marginalia, and final placement.","Source: National Archives and Records Administration, National Archives Catalog, PC0014 PC Meeting on Bosnia-Hercegovina, April 17, 1993, NAID 41051411.",https://catalog.archives.gov/id/41051411,https://s3.amazonaws.com/NARAprodstorage/lz/presidential-libraries/clinton/7585709/42-t-7585709-20120798F-008-013-2016.pdf
226,Copy-Ready Drafts,8,selection,1993-01-01,Scout Lead,"PC0016 PC Meeting on Bosnia-Hercegovina, 1993",Crisis Security Files,"Copy working source note, then verify markings, attachments, marginalia, and final placement.","Source: National Archives and Records Administration, National Archives Catalog, PC0016 PC Meeting on Bosnia-Hercegovina, 1993, NAID 41051412.",https://catalog.archives.gov/id/41051412,https://s3.amazonaws.com/NARAprodstorage/lz/presidential-libraries/clinton/7585709/42-t-7585709-20120798F-008-014-2016.pdf
227,Copy-Ready Drafts,8,selection,1993-01-01,Scout Lead,"PC0017 PC Meeting on Bosnia-Hercegovina, May 6, 1993",Crisis Security Files,"Copy working source note, then verify markings, attachments, marginalia, and final placement.","Source: National Archives and Records Administration, National Archives Catalog, PC0017 PC Meeting on Bosnia-Hercegovina, May 6, 1993, NAID 41051413.",https://catalog.archives.gov/id/41051413,https://s3.amazonaws.com/NARAprodstorage/lz/presidential-libraries/clinton/7585709/42-t-7585709-20120798F-008-015-2016.pdf
228,Copy-Ready Drafts,8,selection,1993-01-01,Scout Lead,"PC0018 PC Meeting on Bosnia-Hercegovina, May 8, 1993",Crisis Security Files,"Copy working source note, then verify markings, attachments, marginalia, and final placement.","Source: National Archives and Records Administration, National Archives Catalog, PC0018 PC Meeting on Bosnia-Hercegovina, May 8, 1993, NAID 41051414.",https://catalog.archives.gov/id/41051414,https://s3.amazonaws.com/NARAprodstorage/lz/presidential-libraries/clinton/7585709/42-t-7585709-20120798F-008-016-2016.pdf
229,Copy-Ready Drafts,8,selection,1993-01-01,Scout Lead,"PC0021 PC Meeting on Bosnia-Hercegovina, May 17, 1993",Crisis Security Files,"Copy working source note, then verify markings, attachments, marginalia, and final placement.","Source: National Archives and Records Administration, National Archives Catalog, PC0021 PC Meeting on Bosnia-Hercegovina, May 17, 1993, NAID 41051415.",https://catalog.archives.gov/id/41051415,https://s3.amazonaws.com/NARAprodstorage/lz/presidential-libraries/clinton/7585709/42-t-7585709-20120798F-008-017-2016.pdf
230,Copy-Ready Drafts,8,selection,1993-01-01,Scout Lead,"PC0026 PC Meeting on Bosnia-Hercegovina, September 1, 1993",Crisis Security Files,"Copy working source note, then verify markings, attachments, marginalia, and final placement.","Source: National Archives and Records Administration, National Archives Catalog, PC0026 PC Meeting on Bosnia-Hercegovina, September 1, 1993, NAID 41051417.",https://catalog.archives.gov/id/41051417,https://s3.amazonaws.com/NARAprodstorage/lz/presidential-libraries/clinton/7585709/42-t-7585709-20120798F-008-019-2016.pdf
231,Copy-Ready Drafts,8,selection,1993-01-01,Scout Lead,"PC0033 PC Meeting on Bosnia-Hercegovina, September 20, 1993",Crisis Security Files,"Copy working source note, then verify markings, attachments, marginalia, and final placement.","Source: National Archives and Records Administration, National Archives Catalog, PC0033 PC Meeting on Bosnia-Hercegovina, September 20, 1993, NAID 41051418.",https://catalog.archives.gov/id/41051418,https://s3.amazonaws.com/NARAprodstorage/lz/presidential-libraries/clinton/7585709/42-t-7585709-20120798F-008-020-2016.pdf
232,Copy-Ready Drafts,8,selection,1993-01-01,Scout Lead,"PC0035 PC Meeting on Bosnia-Hercegovina, October 2, 1993",Crisis Security Files,"Copy working source note, then verify markings, attachments, marginalia, and final placement.","Source: National Archives and Records Administration, National Archives Catalog, PC0035 PC Meeting on Bosnia-Hercegovina, October 2, 1993, NAID 41051419.",https://catalog.archives.gov/id/41051419,https://s3.amazonaws.com/NARAprodstorage/lz/presidential-libraries/clinton/7585709/42-t-7585709-20120798F-008-021-2016.pdf
233,Copy-Ready Drafts,8,selection,1993-01-01,Scout Lead,"PC0039 PC Meeting on Bosnia-Hercegovina, October 19, 1993",Crisis Security Files,"Copy working source note, then verify markings, attachments, marginalia, and final placement.","Source: National Archives and Records Administration, National Archives Catalog, PC0039 PC Meeting on Bosnia-Hercegovina, October 19, 1993, NAID 41051420.",https://catalog.archives.gov/id/41051420,https://s3.amazonaws.com/NARAprodstorage/lz/presidential-libraries/clinton/7585709/42-t-7585709-20120798F-008-022-2016.pdf
234,Copy-Ready Drafts,8,working draft ready,1993-02-25,Context,Statement Announcing Airdrops To Provide Humanitarian Aid to Bosnia- Herzegovina,Crisis Security Files,"Copy working source note, then verify markings, attachments, marginalia, and final placement.","Source: Government Publishing Office, GovInfo, Public Papers of the Presidents of the United States: William J. Clinton, PPP-1993-book1; PPP-1993-book1-doc-pg206. Unclassified public record.",https://www.govinfo.gov/app/details/PPP-1993-book1/PPP-1993-book1-doc-pg206,https://www.govinfo.gov/content/pkg/PPP-1993-book1/pdf/PPP-1993-book1-doc-pg206.pdf
235,Copy-Ready Drafts,8,working draft ready,1993-02-27,Release Packet,Ex-Yugoslavia Work Program,Crisis Security Files,"Copy working source note, then verify markings, attachments, marginalia, and final placement.","Source: William J. Clinton Presidential Library, Clinton Digital Library, Clinton Presidential Records, Declassified Documents concerning Bosnia, Release 2010-0533-M, Item 36614. Secret. Extracted from source packet PDF pages 2; 1 document page counted. Review PDF includes a packet annotation sheet.",https://clinton.presidentiallibraries.us/items/show/36614,https://clinton.presidentiallibraries.us/files/original/dca58d1ec9f1ee6508cb03fc7ae5c98f.pdf
236,Copy-Ready Drafts,8,working draft ready,1993-03-01,Release Packet,"Summary of Conclusions, Deputies Committee Meeting on Bosnia",Crisis Security Files,"Copy working source note, then verify markings, attachments, marginalia, and final placement.","Source: William J. Clinton Presidential Library, Clinton Digital Library, Clinton Presidential Records, Declassified Documents concerning Bosnia, Release 2010-0533-M, Item 36614. Secret. Extracted from source packet PDF pages 3-4; 2 document pages counted. Review PDF includes a packet annotation sheet.",https://clinton.presidentiallibraries.us/items/show/36614,https://clinton.presidentiallibraries.us/files/original/dca58d1ec9f1ee6508cb03fc7ae5c98f.pdf
237,Copy-Ready Drafts,8,working draft ready,1993-03-04,Release Packet,"Summary of Conclusions, Deputies Committee Meeting on Bosnia",Crisis Security Files,"Copy working source note, then verify markings, attachments, marginalia, and final placement.","Source: William J. Clinton Presidential Library, Clinton Digital Library, Clinton Presidential Records, Declassified Documents concerning Bosnia, Release 2010-0533-M, Item 36614. Secret. Extracted from source packet PDF pages 5-6; 2 document pages counted. Review PDF includes a packet annotation sheet.",https://clinton.presidentiallibraries.us/items/show/36614,https://clinton.presidentiallibraries.us/files/original/dca58d1ec9f1ee6508cb03fc7ae5c98f.pdf
238,Copy-Ready Drafts,8,working draft ready,1993-03-05,Context,Exchange With Reporters on Bosnia,Crisis Security Files,"Copy working source note, then verify markings, attachments, marginalia, and final placement.","Source: Government Publishing Office, GovInfo, Public Papers of the Presidents of the United States: William J. Clinton, PPP-1993-book1; PPP-1993-book1-doc-pg245. Unclassified public record.",https://www.govinfo.gov/app/details/PPP-1993-book1/PPP-1993-book1-doc-pg245,https://www.govinfo.gov/content/pkg/PPP-1993-book1/pdf/PPP-1993-book1-doc-pg245.pdf
239,Copy-Ready Drafts,8,working draft ready,1993-03-15,Release Packet,Summary of Conclusions on Bosnia,Crisis Security Files,"Copy working source note, then verify markings, attachments, marginalia, and final placement.","Source: William J. Clinton Presidential Library, Clinton Digital Library, Clinton Presidential Records, Declassified Documents concerning Bosnia, Release 2010-0533-M, Item 36614. Secret. Extracted from source packet PDF pages 7-8; 2 document pages counted. Review PDF includes a packet annotation sheet.",https://clinton.presidentiallibraries.us/items/show/36614,https://clinton.presidentiallibraries.us/files/original/dca58d1ec9f1ee6508cb03fc7ae5c98f.pdf
240,Copy-Ready Drafts,8,working draft ready,1993-03-24,Context,Presidential Daily Diary reference: meeting with Russian Foreign Minister Andrey Kozyrev,NATO-Russia and Partnership,Use as context citation only; chase substantive record before selection.,"Source: National Archives and Records Administration, National Archives Catalog, Clinton Presidential Records, Presidential Daily Diary, Ellen McCathran Files, Release LPWJC 2013-0549-F, [03/15/1993-03/31/1993], NAID 147870749, Unclassified diary record. Source pages: page 89.",https://catalog.archives.gov/id/147870749,https://s3.amazonaws.com/NARAprodstorage/lz/presidential-libraries/clinton/foia/2013/2013-0549-F/42-t-101784486-20130549F-001-005-2018.pdf
241,Copy-Ready Drafts,8,working draft ready,1993-03-24,Release Packet,Summary of Conclusions on Bosnia,Crisis Security Files,"Copy working source note, then verify markings, attachments, marginalia, and final placement.","Source: William J. Clinton Presidential Library, Clinton Digital Library, Clinton Presidential Records, Declassified Documents concerning Bosnia, Release 2010-0533-M, Item 36614. Secret. Extracted from source packet PDF pages 9; 1 document page counted. Review PDF includes a packet annotation sheet.",https://clinton.presidentiallibraries.us/items/show/36614,https://clinton.presidentiallibraries.us/files/original/dca58d1ec9f1ee6508cb03fc7ae5c98f.pdf
242,Copy-Ready Drafts,8,working draft ready,1993-03-30,Release Packet,Summary of Conclusions on Bosnia,Crisis Security Files,"Copy working source note, then verify markings, attachments, marginalia, and final placement.","Source: William J. Clinton Presidential Library, Clinton Digital Library, Clinton Presidential Records, Declassified Documents concerning Bosnia, Release 2010-0533-M, Item 36614. Secret. Extracted from source packet PDF pages 10-11; 2 document pages counted. Review PDF includes a packet annotation sheet.",https://clinton.presidentiallibraries.us/items/show/36614,https://clinton.presidentiallibraries.us/files/original/dca58d1ec9f1ee6508cb03fc7ae5c98f.pdf
243,Copy-Ready Drafts,8,working draft ready,1993-04-09,Release Packet,Summary of Conclusions on Bosnia,Crisis Security Files,"Copy working source note, then verify markings, attachments, marginalia, and final placement.","Source: William J. Clinton Presidential Library, Clinton Digital Library, Clinton Presidential Records, Declassified Documents concerning Bosnia, Release 2010-0533-M, Item 36614. Secret. Extracted from source packet PDF pages 12; 1 document page counted. Review PDF includes a packet annotation sheet.",https://clinton.presidentiallibraries.us/items/show/36614,https://clinton.presidentiallibraries.us/files/original/dca58d1ec9f1ee6508cb03fc7ae5c98f.pdf
244,Copy-Ready Drafts,8,working draft ready,1993-04-19,Release Packet,Summary of Conclusions on Bosnia,Crisis Security Files,"Copy working source note, then verify markings, attachments, marginalia, and final placement.","Source: William J. Clinton Presidential Library, Clinton Digital Library, Clinton Presidential Records, Declassified Documents concerning Bosnia, Release 2010-0533-M, Item 36614. Secret. Extracted from source packet PDF pages 13-14; 2 document pages counted. Review PDF includes a packet annotation sheet.",https://clinton.presidentiallibraries.us/items/show/36614,https://clinton.presidentiallibraries.us/files/original/dca58d1ec9f1ee6508cb03fc7ae5c98f.pdf
245,Copy-Ready Drafts,8,selection,1993-04-28,Source Lead,Proposed Message to President Yeltsin,NATO-Russia and Partnership,"Copy working source note, then verify markings, attachments, marginalia, and final placement.","Source: Department of State, FOIA Virtual Reading Room, Strobe Talbott FOIA release, Document C09000054. Secret.",https://foia.state.gov/DOCUMENTS/FOIA_L_July2022/FL-2017-13804/DOC_0C09000054/C09000054.pdf,https://foia.state.gov/DOCUMENTS/FOIA_L_July2022/FL-2017-13804/DOC_0C09000054/C09000054.pdf
246,Copy-Ready Drafts,8,working draft ready,1993-05-02,Context,Statement on the Prospects for Peace in Bosnia,Crisis Security Files,"Copy working source note, then verify markings, attachments, marginalia, and final placement.","Source: Government Publishing Office, GovInfo, Public Papers of the Presidents of the United States: William J. Clinton, PPP-1993-book1; PPP-1993-book1-doc-pg551-2. Unclassified public record.",https://www.govinfo.gov/app/details/PPP-1993-book1/PPP-1993-book1-doc-pg551-2,https://www.govinfo.gov/content/pkg/PPP-1993-book1/pdf/PPP-1993-book1-doc-pg551-2.pdf
247,Copy-Ready Drafts,8,working draft ready,1993-05-06,Context,Exchange With Reporters on Bosnia,Crisis Security Files,"Copy working source note, then verify markings, attachments, marginalia, and final placement.","Source: Government Publishing Office, GovInfo, Public Papers of the Presidents of the United States: William J. Clinton, PPP-1993-book1; PPP-1993-book1-doc-pg581. Unclassified public record.",https://www.govinfo.gov/app/details/PPP-1993-book1/PPP-1993-book1-doc-pg581,https://www.govinfo.gov/content/pkg/PPP-1993-book1/pdf/PPP-1993-book1-doc-pg581.pdf
248,Copy-Ready Drafts,8,working draft ready,1993-05-06,Release Packet,"Summary of Conclusions, Principals Committee Meeting on Bosnia",Crisis Security Files,"Copy working source note, then verify markings, attachments, marginalia, and final placement.","Source: William J. Clinton Presidential Library, Clinton Digital Library, Clinton Presidential Records, Declassified Documents concerning Bosnia, Release 2010-0533-M, Item 36614. Secret. Extracted from source packet PDF pages 15-16; 2 document pages counted. Review PDF includes a packet annotation sheet.",https://clinton.presidentiallibraries.us/items/show/36614,https://clinton.presidentiallibraries.us/files/original/dca58d1ec9f1ee6508cb03fc7ae5c98f.pdf
249,Copy-Ready Drafts,8,working draft ready,1993-05-07,Context,Exchange With Reporters Prior to Discussions With European Community Leaders,European Security Architecture,"Copy working source note, then verify markings, attachments, marginalia, and final placement.","Source: Government Publishing Office, GovInfo, Public Papers of the Presidents of the United States: William J. Clinton, PPP-1993-book1; PPP-1993-book1-doc-pg590. Unclassified public record.",https://www.govinfo.gov/app/details/PPP-1993-book1/PPP-1993-book1-doc-pg590,https://www.govinfo.gov/content/pkg/PPP-1993-book1/pdf/PPP-1993-book1-doc-pg590.pdf
250,Copy-Ready Drafts,8,working draft ready,1993-05-08,Release Packet,Decisions of Principals Committee Meeting with the President and Vice President on Bosnia,Crisis Security Files,"Copy working source note, then verify markings, attachments, marginalia, and final placement.","Source: William J. Clinton Presidential Library, Clinton Digital Library, Clinton Presidential Records, Declassified Documents concerning Bosnia, Release 2010-0533-M, Item 36614. Secret. Extracted from source packet PDF pages 17-18; 2 document pages counted. Review PDF includes a packet annotation sheet.",https://clinton.presidentiallibraries.us/items/show/36614,https://clinton.presidentiallibraries.us/files/original/dca58d1ec9f1ee6508cb03fc7ae5c98f.pdf
251,Copy-Ready Drafts,8,working draft ready,1993-05-17,Release Packet,Decisions of Principals Committee Meeting on Bosnia,Crisis Security Files,"Copy working source note, then verify markings, attachments, marginalia, and final placement.","Source: William J. Clinton Presidential Library, Clinton Digital Library, Clinton Presidential Records, Declassified Documents concerning Bosnia, Release 2010-0533-M, Item 36614. Extracted from source packet PDF pages 19-20; 2 document pages counted. Review PDF includes a packet annotation sheet. Secret.",https://clinton.presidentiallibraries.us/items/show/36614,https://clinton.presidentiallibraries.us/files/original/dca58d1ec9f1ee6508cb03fc7ae5c98f.pdf
252,Copy-Ready Drafts,8,working draft ready,1993-05-21,Context,Exchange With Reporters on Bosnia,Crisis Security Files,"Copy working source note, then verify markings, attachments, marginalia, and final placement.","Source: Government Publishing Office, GovInfo, Public Papers of the Presidents of the United States: William J. Clinton, PPP-1993-book1; PPP-1993-book1-doc-pg713-3. Unclassified public record.",https://www.govinfo.gov/app/details/PPP-1993-book1/PPP-1993-book1-doc-pg713-3,https://www.govinfo.gov/content/pkg/PPP-1993-book1/pdf/PPP-1993-book1-doc-pg713-3.pdf
253,Copy-Ready Drafts,8,working draft ready,1993-05-22,Context,"Remarks on Bosnia and an Exchange With Reporters in Manchester, New Hampshire",Crisis Security Files,"Copy working source note, then verify markings, attachments, marginalia, and final placement.","Source: Government Publishing Office, GovInfo, Public Papers of the Presidents of the United States: William J. Clinton, PPP-1993-book1; PPP-1993-book1-doc-pg724. Unclassified public record.",https://www.govinfo.gov/app/details/PPP-1993-book1/PPP-1993-book1-doc-pg724,https://www.govinfo.gov/content/pkg/PPP-1993-book1/pdf/PPP-1993-book1-doc-pg724.pdf
254,Copy-Ready Drafts,8,selection,1993-07-16,Source Lead,Memon with President Boris Yeltsin of Russia w/Attached Cover Sheet,NATO-Russia and Partnership,"Copy working source note, then verify markings, attachments, marginalia, and final placement.","Source: Department of State, FOIA Virtual Reading Room, Strobe Talbott FOIA release, Document C09000001. Secret; Nodis; Eyes Only.",https://foia.state.gov/DOCUMENTS/FOIA_L_Oct2023/FL-2017-13804/DOC_0C09000001/C09000001.pdf,https://foia.state.gov/DOCUMENTS/FOIA_L_Oct2023/FL-2017-13804/DOC_0C09000001/C09000001.pdf
255,Copy-Ready Drafts,8,working draft ready,1993-07-28,Context,Exchange With Reporters on Bosnia,Crisis Security Files,"Copy working source note, then verify markings, attachments, marginalia, and final placement.","Source: Government Publishing Office, GovInfo, Public Papers of the Presidents of the United States: William J. Clinton, PPP-1993-book1; PPP-1993-book1-doc-pg1212. Unclassified public record.",https://www.govinfo.gov/app/details/PPP-1993-book1/PPP-1993-book1-doc-pg1212,https://www.govinfo.gov/content/pkg/PPP-1993-book1/pdf/PPP-1993-book1-doc-pg1212.pdf
256,Copy-Ready Drafts,8,working draft ready,1993-09-01,Release Packet,"Summary of Conclusions, NSC Principals Committee Meeting on Bosnia",Crisis Security Files,"Copy working source note, then verify markings, attachments, marginalia, and final placement.","Source: William J. Clinton Presidential Library, Clinton Digital Library, Clinton Presidential Records, Declassified Documents concerning Bosnia, Release 2010-0533-M, Item 36614. Secret. Extracted from source packet PDF pages 21-23; 3 document pages counted. Review PDF includes a packet annotation sheet.",https://clinton.presidentiallibraries.us/items/show/36614,https://clinton.presidentiallibraries.us/files/original/dca58d1ec9f1ee6508cb03fc7ae5c98f.pdf
257,Copy-Ready Drafts,8,working draft ready,1993-09-08,Context,Remarks and an Exchange With Reporters Prior to Discussions With President Alija Izetbegovic of Bosnia,Crisis Security Files,"Copy working source note, then verify markings, attachments, marginalia, and final placement.","Source: Government Publishing Office, GovInfo, Public Papers of the Presidents of the United States: William J. Clinton, PPP-1993-book2; PPP-1993-book2-doc-pg1455. Unclassified public record.",https://www.govinfo.gov/app/details/PPP-1993-book2/PPP-1993-book2-doc-pg1455,https://www.govinfo.gov/content/pkg/PPP-1993-book2/pdf/PPP-1993-book2-doc-pg1455.pdf
258,Copy-Ready Drafts,8,working draft ready,1993-09-20,Release Packet,"Summary of Conclusions, NSC Principals Committee Meeting on Bosnia",Crisis Security Files,"Copy working source note, then verify markings, attachments, marginalia, and final placement.","Source: William J. Clinton Presidential Library, Clinton Digital Library, Clinton Presidential Records, Declassified Documents concerning Bosnia, Release 2010-0533-M, Item 36614. Secret. Extracted from source packet PDF pages 24-25; 2 document pages counted. Review PDF includes a packet annotation sheet.",https://clinton.presidentiallibraries.us/items/show/36614,https://clinton.presidentiallibraries.us/files/original/dca58d1ec9f1ee6508cb03fc7ae5c98f.pdf
259,Copy-Ready Drafts,8,working draft ready,1993-09-29,Context,Presidential Daily Diary reference: meeting with Russian Foreign Minister Andrey Kozyrev,NATO-Russia and Partnership,Use as context citation only; chase substantive record before selection.,"Source: National Archives and Records Administration, National Archives Catalog, Clinton Presidential Records, Presidential Daily Diary, Ellen McCathran Files, Release LPWJC 2013-0549-F, [09/16/1993-09/30/1993], NAID 147870769, Unclassified diary record. Source pages: page 90.",https://catalog.archives.gov/id/147870769,https://s3.amazonaws.com/NARAprodstorage/lz/presidential-libraries/clinton/foia/2013/2013-0549-F/42-t-101784486-20130549F-002-007-2018.pdf
260,Copy-Ready Drafts,8,working draft ready,1993-10-02,Release Packet,"Summary of Conclusions, NSC Principals Committee Meeting on Bosnia",Crisis Security Files,"Copy working source note, then verify markings, attachments, marginalia, and final placement.","Source: William J. Clinton Presidential Library, Clinton Digital Library, Clinton Presidential Records, Declassified Documents concerning Bosnia, Release 2010-0533-M, Item 36614. Secret. Extracted from source packet PDF pages 26-27; 2 document pages counted. Review PDF includes a packet annotation sheet.",https://clinton.presidentiallibraries.us/items/show/36614,https://clinton.presidentiallibraries.us/files/original/dca58d1ec9f1ee6508cb03fc7ae5c98f.pdf
261,Copy-Ready Drafts,8,working draft ready,1993-10-06,Context,Presidential Daily Diary reference: meeting with NATO Secretary General Manfred Woerner,NATO Strategy and Enlargement,Use as context citation only; chase substantive record before selection.,"Source: National Archives and Records Administration, National Archives Catalog, Clinton Presidential Records, Presidential Daily Diary, Ellen McCathran Files, Release LPWJC 2010-0083-F, [Ellen McCathran - Presidential Daily Diary - Hardcopy 10/6/93; 10/11/93; 10/18/93; 10/26/93; 11/6/93; 11/17/93; 11/18/93; 11/30/93], NAID 17368174, Unclassified diary record. Source pages: page 5.",https://catalog.archives.gov/id/17368174,https://s3.amazonaws.com/NARAprodstorage/opastorage/live/74/3681/17368174/content/presidential-libraries/clinton/foia/2010-0083-F/2010-0083-F-PDF/Box_001/42-t-7262157-20100083F-001-005-2015.pdf
262,Copy-Ready Drafts,8,working draft ready,1993-10-19,Release Packet,"Summary of Conclusions, NSC Principals Committee Meeting on Bosnia",Crisis Security Files,"Copy working source note, then verify markings, attachments, marginalia, and final placement.","Source: William J. Clinton Presidential Library, Clinton Digital Library, Clinton Presidential Records, Declassified Documents concerning Bosnia, Release 2010-0533-M, Item 36614. Secret. Extracted from source packet PDF pages 28; 1 document page counted. Review PDF includes a packet annotation sheet.",https://clinton.presidentiallibraries.us/items/show/36614,https://clinton.presidentiallibraries.us/files/original/dca58d1ec9f1ee6508cb03fc7ae5c98f.pdf
263,Copy-Ready Drafts,8,working draft ready,1993-10-28,Release Packet,"Summary of Conclusions, NSC Deputies Committee Meeting on Bosnia",Crisis Security Files,"Copy working source note, then verify markings, attachments, marginalia, and final placement.","Source: William J. Clinton Presidential Library, Clinton Digital Library, Clinton Presidential Records, Declassified Documents concerning Bosnia, Release 2010-0533-M, Item 36614. Secret. Extracted from source packet PDF pages 29-30; 2 document pages counted. Review PDF includes a packet annotation sheet.",https://clinton.presidentiallibraries.us/items/show/36614,https://clinton.presidentiallibraries.us/files/original/dca58d1ec9f1ee6508cb03fc7ae5c98f.pdf
264,Copy-Ready Drafts,8,working draft ready,1993-11-16,Release Packet,"Summary of Conclusions, NSC Deputies Committee Meeting on Bosnia",Crisis Security Files,"Copy working source note, then verify markings, attachments, marginalia, and final placement.","Source: William J. Clinton Presidential Library, Clinton Digital Library, Clinton Presidential Records, Declassified Documents concerning Bosnia, Release 2010-0533-M, Item 36614. Secret. Extracted from source packet PDF pages 31-32; 2 document pages counted. Review PDF includes a packet annotation sheet.",https://clinton.presidentiallibraries.us/items/show/36614,https://clinton.presidentiallibraries.us/files/original/dca58d1ec9f1ee6508cb03fc7ae5c98f.pdf
265,Copy-Ready Drafts,8,selection,1994-01-01,Scout Lead,"Briefing Books - POTUS Trip to Prague, Czech Republic, January 11-12, 1994",NATO Strategy and Enlargement,"Copy working source note, then verify markings, attachments, marginalia, and final placement.","Source: National Archives and Records Administration, National Archives Catalog, Briefing Books - POTUS Trip to Prague, Czech Republic, January 11-12, 1994, NAID 368557013.",https://catalog.archives.gov/id/368557013,https://s3.us-east-1.amazonaws.com/NARAprodstorage/lz/presidential-libraries/clinton/7585709/7585709-20170413F-002-008-2024.pdf
266,Copy-Ready Drafts,8,working draft ready,1994-01-01,Scout Lead,CSCE [Conference on Security and Cooperation in Europe] December 1994 [1],European Security Architecture,"Copy working source note, then verify markings, attachments, marginalia, and final placement.","Source: National Archives and Records Administration, National Archives Catalog, Records of the National Security Council Executive Secretary (Clinton Administration), William Itoh's Files, CSCE [Conference on Security and Cooperation in Europe] December 1994 [1], NAID 147873129.",https://catalog.archives.gov/id/147873129,https://s3.amazonaws.com/NARAprodstorage/lz/presidential-libraries/clinton/foia/2014/2014-0846-F/42-t-7585511-20140846F-001-013-2019.pdf
267,Copy-Ready Drafts,8,working draft ready,1994-01-01,Scout Lead,CSCE [Conference on Security and Cooperation in Europe] December 1994 [2],European Security Architecture,"Copy working source note, then verify markings, attachments, marginalia, and final placement.","Source: National Archives and Records Administration, National Archives Catalog, Records of the National Security Council Executive Secretary (Clinton Administration), William Itoh's Files, CSCE [Conference on Security and Cooperation in Europe] December 1994 [2], NAID 147873131.",https://catalog.archives.gov/id/147873131,https://s3.amazonaws.com/NARAprodstorage/lz/presidential-libraries/clinton/foia/2014/2014-0846-F/42-t-7585511-20140846F-002-001-2019.pdf
268,Copy-Ready Drafts,8,working draft ready,1994-01-01,Scout Lead,CSCE [Conference on Security and Cooperation in Europe] December 1994 [5],European Security Architecture,"Copy working source note, then verify markings, attachments, marginalia, and final placement.","Source: National Archives and Records Administration, National Archives Catalog, Records of the National Security Council Executive Secretary (Clinton Administration), William Itoh's Files, CSCE [Conference on Security and Cooperation in Europe] December 1994 [5], NAID 147873137.",https://catalog.archives.gov/id/147873137,https://s3.amazonaws.com/NARAprodstorage/lz/presidential-libraries/clinton/foia/2014/2014-0846-F/42-t-7585511-20140846F-002-004-2019.pdf
269,Copy-Ready Drafts,8,working draft ready,1994-01-01,Scout Lead,CSCE [Conference on Security and Cooperation in Europe]1994,European Security Architecture,"Copy working source note, then verify markings, attachments, marginalia, and final placement.","Source: National Archives and Records Administration, National Archives Catalog, Records of the National Security Council Executive Secretary (Clinton Administration), Executive Secretary's Subject Files, CSCE [Conference on Security and Cooperation in Europe]1994, NAID 147873127.",https://catalog.archives.gov/id/147873127,https://s3.amazonaws.com/NARAprodstorage/lz/presidential-libraries/clinton/foia/2014/2014-0846-F/42-t-7585504-20140846F-001-012-2019.pdf
270,Copy-Ready Drafts,8,selection,1994-01-01,Scout Lead,"[Bosnia - Hercegovina, April 1994]",Crisis Security Files,"Copy working source note, then verify markings, attachments, marginalia, and final placement.","Source: National Archives and Records Administration, National Archives Catalog, Records of the National Security Council European Affairs Office (Clinton Administration), Jane Holl's Files, [Bosnia - Hercegovina, April 1994], NAID 40482389.",https://catalog.archives.gov/id/40482389,https://s3.amazonaws.com/NARAprodstorage/opastorage/live/89/4823/40482389/content/presidential-libraries/clinton/foia/2008/2008-0994-F/2008-0994-F-Bosnia-JPG/Box_013/42-t-7585484-20080994F-013-006-2016/42_t_7585484_20080994F_013_006_2016_Page_001.JPG
271,Copy-Ready Drafts,8,working draft ready,1994-01-01,Scout Lead,"[Bosnia - Hercegovina, February 1994 Implementation] [1]",Crisis Security Files,"Copy working source note, then verify markings, attachments, marginalia, and final placement.","Source: National Archives and Records Administration, National Archives Catalog, Records of the National Security Council European Affairs Office (Clinton Administration), Jane Holl's Files, [Bosnia - Hercegovina, February 1994 Implementation] [1], NAID 40482383.",https://catalog.archives.gov/id/40482383,https://s3.amazonaws.com/NARAprodstorage/opastorage/live/83/4823/40482383/content/presidential-libraries/clinton/foia/2008/2008-0994-F/2008-0994-F-Bosnia-JPG/Box_012/42-t-7585484-20080994F-012-010-2016/42_t_7585484_20080994F_012_010_2016_Page_001.JPG
272,Copy-Ready Drafts,8,selection,1994-01-01,Scout Lead,"[Bosnia - Hercegovina, February 1994 Implementation] [2]",Crisis Security Files,"Copy working source note, then verify markings, attachments, marginalia, and final placement.","Source: National Archives and Records Administration, National Archives Catalog, Records of the National Security Council European Affairs Office (Clinton Administration), Jane Holl's Files, [Bosnia - Hercegovina, February 1994 Implementation] [2], NAID 40482384.",https://catalog.archives.gov/id/40482384,https://s3.amazonaws.com/NARAprodstorage/opastorage/live/84/4823/40482384/content/presidential-libraries/clinton/foia/2008/2008-0994-F/2008-0994-F-Bosnia-JPG/Box_013/42-t-7585484-20080994F-013-001-2016/42_t_7585484_20080994F_013_001_2016_Page_001.JPG
273,Copy-Ready Drafts,8,selection,1994-01-01,Scout Lead,"[Bosnia - Hercegovina, February 1994] [1]",Crisis Security Files,"Copy working source note, then verify markings, attachments, marginalia, and final placement.","Source: National Archives and Records Administration, National Archives Catalog, Records of the National Security Council European Affairs Office (Clinton Administration), Jane Holl's Files, [Bosnia - Hercegovina, February 1994] [1], NAID 40482381.",https://catalog.archives.gov/id/40482381,https://s3.amazonaws.com/NARAprodstorage/opastorage/live/81/4823/40482381/content/presidential-libraries/clinton/foia/2008/2008-0994-F/2008-0994-F-Bosnia-JPG/Box_012/42-t-7585484-20080994F-012-008-2016/42_t_7585484_20080994F_012_008_2016_Page_001.JPG
274,Copy-Ready Drafts,8,working draft ready,1994-01-01,Scout Lead,"[Bosnia - Hercegovina, February 1994] [2]",Crisis Security Files,"Copy working source note, then verify markings, attachments, marginalia, and final placement.","Source: National Archives and Records Administration, National Archives Catalog, Records of the National Security Council European Affairs Office (Clinton Administration), Jane Holl's Files, [Bosnia - Hercegovina, February 1994] [2], NAID 40482382.",https://catalog.archives.gov/id/40482382,https://s3.amazonaws.com/NARAprodstorage/opastorage/live/82/4823/40482382/content/presidential-libraries/clinton/foia/2008/2008-0994-F/2008-0994-F-Bosnia-JPG/Box_012/42-t-7585484-20080994F-012-009-2016/42_t_7585484_20080994F_012_009_2016_Page_001.JPG
275,Copy-Ready Drafts,8,selection,1994-01-01,Scout Lead,"Bosnia - Croatia Signing Ceremony, March 18, 1994 [1]",Crisis Security Files,"Copy working source note, then verify markings, attachments, marginalia, and final placement.","Source: National Archives and Records Administration, National Archives Catalog, Records of the National Security Council European Affairs Office (Clinton Administration), Jane Holl's Files, Bosnia - Croatia Signing Ceremony, March 18, 1994 [1], NAID 40482310.",https://catalog.archives.gov/id/40482310,https://s3.amazonaws.com/NARAprodstorage/opastorage/live/10/4823/40482310/content/presidential-libraries/clinton/foia/2008/2008-0994-F/2008-0994-F-Bosnia-JPG/Box_005/42-t-7585484-20080994F-005-003-2016/42_t_7585484_20080994F_005_003_2016_Page_001.JPG
276,Copy-Ready Drafts,8,selection,1994-01-01,Scout Lead,"Bosnia - Croatia Signing Ceremony, March 18, 1994 [2]",Crisis Security Files,"Copy working source note, then verify markings, attachments, marginalia, and final placement.","Source: National Archives and Records Administration, National Archives Catalog, Records of the National Security Council European Affairs Office (Clinton Administration), Jane Holl's Files, Bosnia - Croatia Signing Ceremony, March 18, 1994 [2], NAID 40482311.",https://catalog.archives.gov/id/40482311,https://s3.amazonaws.com/NARAprodstorage/opastorage/live/11/4823/40482311/content/presidential-libraries/clinton/foia/2008/2008-0994-F/2008-0994-F-Bosnia-JPG/Box_005/42-t-7585484-20080994F-005-004-2016/42_t_7585484_20080994F_005_004_2016_Page_001.JPG
277,Copy-Ready Drafts,8,selection,1994-01-01,Scout Lead,"Bosnia - Croatia Signing Ceremony, March 18, 1994 [3]",Crisis Security Files,"Copy working source note, then verify markings, attachments, marginalia, and final placement.","Source: National Archives and Records Administration, National Archives Catalog, Records of the National Security Council European Affairs Office (Clinton Administration), Jane Holl's Files, Bosnia - Croatia Signing Ceremony, March 18, 1994 [3], NAID 40482312.",https://catalog.archives.gov/id/40482312,https://s3.amazonaws.com/NARAprodstorage/opastorage/live/12/4823/40482312/content/presidential-libraries/clinton/foia/2008/2008-0994-F/2008-0994-F-Bosnia-JPG/Box_005/42-t-7585484-20080994F-005-005-2016/42_t_7585484_20080994F_005_005_2016_Page_001.JPG
278,Copy-Ready Drafts,8,selection,1994-01-01,Scout Lead,Bosnia - July 1994 [4],Crisis Security Files,"Copy working source note, then verify markings, attachments, marginalia, and final placement.","Source: National Archives and Records Administration, National Archives Catalog, Records of the National Security Council European Affairs Office (Clinton Administration), Alexander Vershbow's Files, Bosnia - July 1994 [4], NAID 120361491.",https://catalog.archives.gov/id/120361491,https://s3.amazonaws.com/NARAprodstorage/lz/presidential-libraries/clinton/foia/2013/2013-0687-f/42-t-7585499-20130687F-004-006-2016.pdf
279,Copy-Ready Drafts,8,selection,1994-01-01,Scout Lead,"Bosnia - July 30, 1994 (Contact Group Ministerial) [2]",Crisis Security Files,"Copy working source note, then verify markings, attachments, marginalia, and final placement.","Source: National Archives and Records Administration, National Archives Catalog, Records of the National Security Council European Affairs Office (Clinton Administration), Alexander Vershbow's Files, Bosnia - July 30, 1994 (Contact Group Ministerial) [2], NAID 120361503.",https://catalog.archives.gov/id/120361503,https://s3.amazonaws.com/NARAprodstorage/lz/presidential-libraries/clinton/foia/2013/2013-0687-f/42-t-7585499-20130687F-004-012-2016.pdf
280,Copy-Ready Drafts,8,selection,1994-01-01,Scout Lead,Bosnia - October 1994 [Folder 2] [4],Crisis Security Files,"Copy working source note, then verify markings, attachments, marginalia, and final placement.","Source: National Archives and Records Administration, National Archives Catalog, Records of the National Security Council European Affairs Office (Clinton Administration), Alexander Vershbow's Files, Bosnia - October 1994 [Folder 2] [4], NAID 120361529.",https://catalog.archives.gov/id/120361529,https://s3.amazonaws.com/NARAprodstorage/lz/presidential-libraries/clinton/foia/2013/2013-0687-f/42-t-7585499-20130687F-005-011-2016.pdf
281,Copy-Ready Drafts,8,selection,1994-01-01,Scout Lead,"Bosnia and Bihac, November 1994 [6]",Crisis Security Files,"Copy working source note, then verify markings, attachments, marginalia, and final placement.","Source: National Archives and Records Administration, National Archives Catalog, Records of the National Security Council European Affairs Office (Clinton Administration), Alexander Vershbow's Files, Bosnia and Bihac, November 1994 [6], NAID 120361427.",https://catalog.archives.gov/id/120361427,https://s3.amazonaws.com/NARAprodstorage/lz/presidential-libraries/clinton/foia/2013/2013-0687-f/42-t-7585499-20130687F-001-010-2016.pdf
282,Copy-Ready Drafts,8,selection,1994-01-01,Scout Lead,Bosnia Post-Bihac (Mid-Nov. - Early-Dec. 1994) [3],Crisis Security Files,"Copy working source note, then verify markings, attachments, marginalia, and final placement.","Source: National Archives and Records Administration, National Archives Catalog, Records of the National Security Council European Affairs Office (Clinton Administration), Alexander Vershbow's Files, Bosnia Post-Bihac (Mid-Nov. - Early-Dec. 1994) [3], NAID 120361433.",https://catalog.archives.gov/id/120361433,https://s3.amazonaws.com/NARAprodstorage/lz/presidential-libraries/clinton/foia/2013/2013-0687-f/42-t-7585499-20130687F-002-003-2016.pdf
283,Copy-Ready Drafts,8,working draft ready,1994-01-01,Scout Lead,Bosnia Post-Bihac (Mid-Nov. - Early-Dec. 1994) [6],Crisis Security Files,"Copy working source note, then verify markings, attachments, marginalia, and final placement.","Source: National Archives and Records Administration, National Archives Catalog, Records of the National Security Council European Affairs Office (Clinton Administration), Alexander Vershbow's Files, Bosnia Post-Bihac (Mid-Nov. - Early-Dec. 1994) [6], NAID 120361439.",https://catalog.archives.gov/id/120361439,https://s3.amazonaws.com/NARAprodstorage/lz/presidential-libraries/clinton/foia/2013/2013-0687-f/42-t-7585499-20130687F-002-006-2016.pdf
284,Copy-Ready Drafts,8,selection,1994-01-01,Scout Lead,Bosnia Post-Bihac (Mid-Nov. - Early-Dec. 1994): Bosnia DC 12/23/1994 [1],Crisis Security Files,"Copy working source note, then verify markings, attachments, marginalia, and final placement.","Source: National Archives and Records Administration, National Archives Catalog, Records of the National Security Council European Affairs Office (Clinton Administration), Alexander Vershbow's Files, Bosnia Post-Bihac (Mid-Nov. - Early-Dec. 1994): Bosnia DC 12/23/1994 [1], NAID 120361443.",https://catalog.archives.gov/id/120361443,https://s3.amazonaws.com/NARAprodstorage/lz/presidential-libraries/clinton/foia/2013/2013-0687-f/42-t-7585499-20130687F-002-008-2016.pdf
285,Copy-Ready Drafts,8,selection,1994-01-01,Scout Lead,Bosnia Principals Committee/Deputies Committee 1994 Meetings [1],Crisis Security Files,"Copy working source note, then verify markings, attachments, marginalia, and final placement.","Source: National Archives and Records Administration, National Archives Catalog, Records of the National Security Council European Affairs Office (Clinton Administration), Donald Kerrick's Files, Bosnia Principals Committee/Deputies Committee 1994 Meetings [1], NAID 40482483.",https://catalog.archives.gov/id/40482483,https://s3.amazonaws.com/NARAprodstorage/opastorage/live/83/4824/40482483/content/presidential-libraries/clinton/foia/2008/2008-0994-F/2008-0994-F-Bosnia-JPG/Box_022/42-t-7585486-20080994F-022-010-2016/42_t_7585486_20080994F_022_010_2016_Page_001.JPG
286,Copy-Ready Drafts,8,selection,1994-01-01,Scout Lead,Bosnia Principals Committee/Deputies Committee 1994 Meetings [2],Crisis Security Files,"Copy working source note, then verify markings, attachments, marginalia, and final placement.","Source: National Archives and Records Administration, National Archives Catalog, Records of the National Security Council European Affairs Office (Clinton Administration), Donald Kerrick's Files, Bosnia Principals Committee/Deputies Committee 1994 Meetings [2], NAID 40482484.",https://catalog.archives.gov/id/40482484,https://s3.amazonaws.com/NARAprodstorage/opastorage/live/84/4824/40482484/content/presidential-libraries/clinton/foia/2008/2008-0994-F/2008-0994-F-Bosnia-JPG/Box_023/42-t-7585486-20080994F-023-001-2016/42_t_7585486_20080994F_023_001_2016_Page_001.JPG
287,Copy-Ready Drafts,8,selection,1994-01-01,Scout Lead,Bosnia Principals Committee/Deputies Committee 1994 Meetings [3],Crisis Security Files,"Copy working source note, then verify markings, attachments, marginalia, and final placement.","Source: National Archives and Records Administration, National Archives Catalog, Records of the National Security Council European Affairs Office (Clinton Administration), Donald Kerrick's Files, Bosnia Principals Committee/Deputies Committee 1994 Meetings [3], NAID 40482485.",https://catalog.archives.gov/id/40482485,https://s3.amazonaws.com/NARAprodstorage/opastorage/live/85/4824/40482485/content/presidential-libraries/clinton/foia/2008/2008-0994-F/2008-0994-F-Bosnia-JPG/Box_023/42-t-7585486-20080994F-023-002-2016/42_t_7585486_20080994F_023_002_2016_Page_001.JPG
288,Copy-Ready Drafts,8,selection,1994-01-01,Scout Lead,Bosnia Principals Committee/Deputies Committee 1994 Meetings [4],Crisis Security Files,"Copy working source note, then verify markings, attachments, marginalia, and final placement.","Source: National Archives and Records Administration, National Archives Catalog, Records of the National Security Council European Affairs Office (Clinton Administration), Donald Kerrick's Files, Bosnia Principals Committee/Deputies Committee 1994 Meetings [4], NAID 40482486.",https://catalog.archives.gov/id/40482486,https://s3.amazonaws.com/NARAprodstorage/opastorage/live/86/4824/40482486/content/presidential-libraries/clinton/foia/2008/2008-0994-F/2008-0994-F-Bosnia-JPG/Box_023/42-t-7585486-20080994F-023-003-2016/42_t_7585486_20080994F_023_003_2016_Page_001.JPG
289,Copy-Ready Drafts,8,selection,1994-01-01,Scout Lead,Bosnia Principals Committee/Deputies Committee 1994 Meetings [5],Crisis Security Files,"Copy working source note, then verify markings, attachments, marginalia, and final placement.","Source: National Archives and Records Administration, National Archives Catalog, Records of the National Security Council European Affairs Office (Clinton Administration), Donald Kerrick's Files, Bosnia Principals Committee/Deputies Committee 1994 Meetings [5], NAID 40482487.",https://catalog.archives.gov/id/40482487,https://s3.amazonaws.com/NARAprodstorage/opastorage/live/87/4824/40482487/content/presidential-libraries/clinton/foia/2008/2008-0994-F/2008-0994-F-Bosnia-JPG/Box_023/42-t-7585486-20080994F-023-004-2016/42_t_7585486_20080994F_023_004_2016_Page_001.JPG
290,Copy-Ready Drafts,8,selection,1994-01-01,Scout Lead,Bosnia Principals Committee/Deputies Committee 1994 Meetings [8],Crisis Security Files,"Copy working source note, then verify markings, attachments, marginalia, and final placement.","Source: National Archives and Records Administration, National Archives Catalog, Records of the National Security Council European Affairs Office (Clinton Administration), Donald Kerrick's Files, Bosnia Principals Committee/Deputies Committee 1994 Meetings [8], NAID 40482490.",https://catalog.archives.gov/id/40482490,https://s3.amazonaws.com/NARAprodstorage/opastorage/live/90/4824/40482490/content/presidential-libraries/clinton/foia/2008/2008-0994-F/2008-0994-F-Bosnia-JPG/Box_023/42-t-7585486-20080994F-023-007-2016/42_t_7585486_20080994F_023_007_2016_Page_001.JPG
291,Copy-Ready Drafts,8,selection,1994-01-01,Scout Lead,"Bosnia, June 1994 [3]",Crisis Security Files,"Copy working source note, then verify markings, attachments, marginalia, and final placement.","Source: National Archives and Records Administration, National Archives Catalog, Records of the National Security Council European Affairs Office (Clinton Administration), Donald Kerrick's Files, Bosnia, June 1994 [3], NAID 40482457.",https://catalog.archives.gov/id/40482457,https://s3.amazonaws.com/NARAprodstorage/opastorage/live/57/4824/40482457/content/presidential-libraries/clinton/foia/2008/2008-0994-F/2008-0994-F-Bosnia-JPG/Box_020/42-t-7585486-20080994F-020-003-2016/42_t_7585486_20080994F_020_003_2016_Page_001.JPG
292,Copy-Ready Drafts,8,working draft ready,1994-01-01,Scout Lead,CSCE [Conference on Security and Cooperation in Europe] December 1994 [3],Crisis Security Files,"Copy working source note, then verify markings, attachments, marginalia, and final placement.","Source: National Archives and Records Administration, National Archives Catalog, Records of the National Security Council Executive Secretary (Clinton Administration), William Itoh's Files, CSCE [Conference on Security and Cooperation in Europe] December 1994 [3], NAID 147873133.",https://catalog.archives.gov/id/147873133,https://s3.amazonaws.com/NARAprodstorage/lz/presidential-libraries/clinton/foia/2014/2014-0846-F/42-t-7585511-20140846F-002-002-2019.pdf
293,Copy-Ready Drafts,8,working draft ready,1994-01-01,Scout Lead,CSCE [Conference on Security and Cooperation in Europe] December 1994 [4],Crisis Security Files,"Copy working source note, then verify markings, attachments, marginalia, and final placement.","Source: National Archives and Records Administration, National Archives Catalog, Records of the National Security Council Executive Secretary (Clinton Administration), William Itoh's Files, CSCE [Conference on Security and Cooperation in Europe] December 1994 [4], NAID 147873135.",https://catalog.archives.gov/id/147873135,https://s3.amazonaws.com/NARAprodstorage/lz/presidential-libraries/clinton/foia/2014/2014-0846-F/42-t-7585511-20140846F-002-003-2019.pdf
294,Copy-Ready Drafts,8,selection,1994-01-01,Scout Lead,"DC0156 DC Meeting on Bosnia-Hercegovina, December 19, 1994",Crisis Security Files,"Copy working source note, then verify markings, attachments, marginalia, and final placement.","Source: National Archives and Records Administration, National Archives Catalog, DC0156 DC Meeting on Bosnia-Hercegovina, December 19, 1994, NAID 41051335.",https://catalog.archives.gov/id/41051335,https://s3.amazonaws.com/NARAprodstorage/lz/presidential-libraries/clinton/7585709/42-t-7585709-20120798F-004-026-2016.pdf
295,Copy-Ready Drafts,8,selection,1994-01-01,Scout Lead,"PC0060 PC Meeting on Bosnia-Hercegovina, February 18, 1994",Crisis Security Files,"Copy working source note, then verify markings, attachments, marginalia, and final placement.","Source: National Archives and Records Administration, National Archives Catalog, PC0060 PC Meeting on Bosnia-Hercegovina, February 18, 1994, NAID 41051424.",https://catalog.archives.gov/id/41051424,https://s3.amazonaws.com/NARAprodstorage/lz/presidential-libraries/clinton/7585709/42-t-7585709-20120798F-009-001-2016.pdf
296,Copy-Ready Drafts,8,selection,1994-01-01,Scout Lead,"PC0062 PC Meeting on Bosnia-Hercegovina, February 28, 1994",Crisis Security Files,"Copy working source note, then verify markings, attachments, marginalia, and final placement.","Source: National Archives and Records Administration, National Archives Catalog, PC0062 PC Meeting on Bosnia-Hercegovina, February 28, 1994, NAID 41051425.",https://catalog.archives.gov/id/41051425,https://s3.amazonaws.com/NARAprodstorage/lz/presidential-libraries/clinton/7585709/42-t-7585709-20120798F-009-002-2016.pdf
297,Copy-Ready Drafts,8,selection,1994-01-01,Scout Lead,"PC0064 PC Meeting on Bosnia-Hercegovina, March 8, 1994",Crisis Security Files,"Copy working source note, then verify markings, attachments, marginalia, and final placement.","Source: National Archives and Records Administration, National Archives Catalog, PC0064 PC Meeting on Bosnia-Hercegovina, March 8, 1994, NAID 41051426.",https://catalog.archives.gov/id/41051426,https://s3.amazonaws.com/NARAprodstorage/lz/presidential-libraries/clinton/7585709/42-t-7585709-20120798F-009-003-2016.pdf
298,Copy-Ready Drafts,8,selection,1994-01-01,Scout Lead,"PC0069 PC Meeting on Bosnia-Hercegovina, April 10, 1994",Crisis Security Files,"Copy working source note, then verify markings, attachments, marginalia, and final placement.","Source: National Archives and Records Administration, National Archives Catalog, PC0069 PC Meeting on Bosnia-Hercegovina, April 10, 1994, NAID 41051427.",https://catalog.archives.gov/id/41051427,https://s3.amazonaws.com/NARAprodstorage/lz/presidential-libraries/clinton/7585709/42-t-7585709-20120798F-009-004-2016.pdf
299,Copy-Ready Drafts,8,selection,1994-01-01,Scout Lead,"PC0070 PC Meeting on Bosnia-Hercegovina, April 18, 1994",Crisis Security Files,"Copy working source note, then verify markings, attachments, marginalia, and final placement.","Source: National Archives and Records Administration, National Archives Catalog, PC0070 PC Meeting on Bosnia-Hercegovina, April 18, 1994, NAID 41051428.",https://catalog.archives.gov/id/41051428,https://s3.amazonaws.com/NARAprodstorage/lz/presidential-libraries/clinton/7585709/42-t-7585709-20120798F-009-005-2016.pdf
300,Copy-Ready Drafts,8,selection,1994-01-01,Scout Lead,"PC0072 PC Meeting on Bosnia-Hercegovina, April 23, 1994",Crisis Security Files,"Copy working source note, then verify markings, attachments, marginalia, and final placement.","Source: National Archives and Records Administration, National Archives Catalog, PC0072 PC Meeting on Bosnia-Hercegovina, April 23, 1994, NAID 41051429.",https://catalog.archives.gov/id/41051429,https://s3.amazonaws.com/NARAprodstorage/lz/presidential-libraries/clinton/7585709/42-t-7585709-20120798F-009-006-2016.pdf
301,Copy-Ready Drafts,8,selection,1994-01-01,Scout Lead,"PC0076 PC Meeting on Bosnia-Hercegovina, May 20, 1994",Crisis Security Files,"Copy working source note, then verify markings, attachments, marginalia, and final placement.","Source: National Archives and Records Administration, National Archives Catalog, PC0076 PC Meeting on Bosnia-Hercegovina, May 20, 1994, NAID 41051430.",https://catalog.archives.gov/id/41051430,https://s3.amazonaws.com/NARAprodstorage/lz/presidential-libraries/clinton/7585709/42-t-7585709-20120798F-009-007-2016.pdf
302,Copy-Ready Drafts,8,selection,1994-01-01,Scout Lead,"PC0078 PC Meeting on Bosnia-Hercegovina, May 23, 1994",Crisis Security Files,"Copy working source note, then verify markings, attachments, marginalia, and final placement.","Source: National Archives and Records Administration, National Archives Catalog, PC0078 PC Meeting on Bosnia-Hercegovina, May 23, 1994, NAID 41051431.",https://catalog.archives.gov/id/41051431,https://s3.amazonaws.com/NARAprodstorage/lz/presidential-libraries/clinton/7585709/42-t-7585709-20120798F-009-008-2016.pdf
303,Copy-Ready Drafts,8,selection,1994-01-01,Scout Lead,"PC0080 PC Meeting on Bosnia-Hercegovina, May 31, 1994",Crisis Security Files,"Copy working source note, then verify markings, attachments, marginalia, and final placement.","Source: National Archives and Records Administration, National Archives Catalog, PC0080 PC Meeting on Bosnia-Hercegovina, May 31, 1994, NAID 41051432.",https://catalog.archives.gov/id/41051432,https://s3.amazonaws.com/NARAprodstorage/lz/presidential-libraries/clinton/7585709/42-t-7585709-20120798F-009-009-2016.pdf
304,Copy-Ready Drafts,8,selection,1994-01-01,Scout Lead,"PC0085 PC Meeting on Bosnia-Hercegovina, 1994",Crisis Security Files,"Copy working source note, then verify markings, attachments, marginalia, and final placement.","Source: National Archives and Records Administration, National Archives Catalog, PC0085 PC Meeting on Bosnia-Hercegovina, 1994, NAID 41051433.",https://catalog.archives.gov/id/41051433,https://s3.amazonaws.com/NARAprodstorage/lz/presidential-libraries/clinton/7585709/42-t-7585709-20120798F-009-010-2016.pdf
305,Copy-Ready Drafts,8,selection,1994-01-01,Scout Lead,"PC0090 PC Meeting on Bosnia-Hercegovina, July 27, 1994",Crisis Security Files,"Copy working source note, then verify markings, attachments, marginalia, and final placement.","Source: National Archives and Records Administration, National Archives Catalog, PC0090 PC Meeting on Bosnia-Hercegovina, July 27, 1994, NAID 41051434.",https://catalog.archives.gov/id/41051434,https://s3.amazonaws.com/NARAprodstorage/lz/presidential-libraries/clinton/7585709/42-t-7585709-20120798F-009-011-2016.pdf
306,Copy-Ready Drafts,8,selection,1994-01-01,Scout Lead,"PC0094 PC Meeting on Bosnia-Hercegovina, August 5, 1994",Crisis Security Files,"Copy working source note, then verify markings, attachments, marginalia, and final placement.","Source: National Archives and Records Administration, National Archives Catalog, PC0094 PC Meeting on Bosnia-Hercegovina, August 5, 1994, NAID 41051435.",https://catalog.archives.gov/id/41051435,https://s3.amazonaws.com/NARAprodstorage/lz/presidential-libraries/clinton/7585709/42-t-7585709-20120798F-009-012-2016.pdf
307,Copy-Ready Drafts,8,selection,1994-01-01,Scout Lead,"PC0095 PC Meeting on Bosnia-Hercegovina and the Eastern Mediterranean, August 17, 1994 [1]",Crisis Security Files,"Copy working source note, then verify markings, attachments, marginalia, and final placement.","Source: National Archives and Records Administration, National Archives Catalog, PC0095 PC Meeting on Bosnia-Hercegovina and the Eastern Mediterranean, August 17, 1994 [1], NAID 41051436.",https://catalog.archives.gov/id/41051436,https://s3.amazonaws.com/NARAprodstorage/lz/presidential-libraries/clinton/7585709/42-t-7585709-20120798F-009-013-2016.pdf
308,Copy-Ready Drafts,8,selection,1994-01-01,Scout Lead,"PC0095 PC Meeting on Bosnia-Hercegovina and the Eastern Mediterranean, August 17, 1994 [2]",Crisis Security Files,"Copy working source note, then verify markings, attachments, marginalia, and final placement.","Source: National Archives and Records Administration, National Archives Catalog, PC0095 PC Meeting on Bosnia-Hercegovina and the Eastern Mediterranean, August 17, 1994 [2], NAID 41051437.",https://catalog.archives.gov/id/41051437,https://s3.amazonaws.com/NARAprodstorage/lz/presidential-libraries/clinton/7585709/42-t-7585709-20120798F-009-014-2016.pdf
309,Copy-Ready Drafts,8,selection,1994-01-01,Scout Lead,"PC0098 PC Meeting on Bosnia-Hercegovina, September 13, 1994 [1]",Crisis Security Files,"Copy working source note, then verify markings, attachments, marginalia, and final placement.","Source: National Archives and Records Administration, National Archives Catalog, PC0098 PC Meeting on Bosnia-Hercegovina, September 13, 1994 [1], NAID 41051438.",https://catalog.archives.gov/id/41051438,https://s3.amazonaws.com/NARAprodstorage/lz/presidential-libraries/clinton/7585709/42-t-7585709-20120798F-009-015-2016.pdf
310,Copy-Ready Drafts,8,selection,1994-01-01,Scout Lead,"PC0098 PC Meeting on Bosnia-Hercegovina, September 13, 1994 [2]",Crisis Security Files,"Copy working source note, then verify markings, attachments, marginalia, and final placement.","Source: National Archives and Records Administration, National Archives Catalog, PC0098 PC Meeting on Bosnia-Hercegovina, September 13, 1994 [2], NAID 41051439.",https://catalog.archives.gov/id/41051439,https://s3.amazonaws.com/NARAprodstorage/lz/presidential-libraries/clinton/7585709/42-t-7585709-20120798F-009-016-2016.pdf
311,Copy-Ready Drafts,8,selection,1994-01-01,Scout Lead,"PC0103 PC Meeting on Bosnia-Hercegovina, October 18, 1994",Crisis Security Files,"Copy working source note, then verify markings, attachments, marginalia, and final placement.","Source: National Archives and Records Administration, National Archives Catalog, PC0103 PC Meeting on Bosnia-Hercegovina, October 18, 1994, NAID 41051440.",https://catalog.archives.gov/id/41051440,https://s3.amazonaws.com/NARAprodstorage/lz/presidential-libraries/clinton/7585709/42-t-7585709-20120798F-009-017-2016.pdf
312,Copy-Ready Drafts,8,selection,1994-01-01,Scout Lead,"PC0106 PC Meeting on Bosnia-Hercegovina, November 7, 1994",Crisis Security Files,"Copy working source note, then verify markings, attachments, marginalia, and final placement.","Source: National Archives and Records Administration, National Archives Catalog, PC0106 PC Meeting on Bosnia-Hercegovina, November 7, 1994, NAID 41051441.",https://catalog.archives.gov/id/41051441,https://s3.amazonaws.com/NARAprodstorage/lz/presidential-libraries/clinton/7585709/42-t-7585709-20120798F-009-018-2016.pdf
313,Copy-Ready Drafts,8,selection,1994-01-01,Scout Lead,"PC0108 PC Meeting on Bosnia-Hercegovina, November 17, 1994",Crisis Security Files,"Copy working source note, then verify markings, attachments, marginalia, and final placement.","Source: National Archives and Records Administration, National Archives Catalog, PC0108 PC Meeting on Bosnia-Hercegovina, November 17, 1994, NAID 41051442.",https://catalog.archives.gov/id/41051442,https://s3.amazonaws.com/NARAprodstorage/lz/presidential-libraries/clinton/7585709/42-t-7585709-20120798F-009-019-2016.pdf
314,Copy-Ready Drafts,8,selection,1994-01-01,Scout Lead,"PC0110 PC Meeting on Bosnia-Hercegovina, November 28, 1994",Crisis Security Files,"Copy working source note, then verify markings, attachments, marginalia, and final placement.","Source: National Archives and Records Administration, National Archives Catalog, PC0110 PC Meeting on Bosnia-Hercegovina, November 28, 1994, NAID 41051443.",https://catalog.archives.gov/id/41051443,https://s3.amazonaws.com/NARAprodstorage/lz/presidential-libraries/clinton/7585709/42-t-7585709-20120798F-009-020-2016.pdf
315,Copy-Ready Drafts,8,selection,1994-01-01,Scout Lead,"PC0111 PC Meeting on Bosnia-Hercegovina, 1994",Crisis Security Files,"Copy working source note, then verify markings, attachments, marginalia, and final placement.","Source: National Archives and Records Administration, National Archives Catalog, PC0111 PC Meeting on Bosnia-Hercegovina, 1994, NAID 41051444.",https://catalog.archives.gov/id/41051444,https://s3.amazonaws.com/NARAprodstorage/lz/presidential-libraries/clinton/7585709/42-t-7585709-20120798F-009-021-2016.pdf
316,Copy-Ready Drafts,8,selection,1994-01-01,Scout Lead,"PC0112 PC Meeting on Bosnia-Hercegovina, December 12, 1994",Crisis Security Files,"Copy working source note, then verify markings, attachments, marginalia, and final placement.","Source: National Archives and Records Administration, National Archives Catalog, PC0112 PC Meeting on Bosnia-Hercegovina, December 12, 1994, NAID 41051445.",https://catalog.archives.gov/id/41051445,https://s3.amazonaws.com/NARAprodstorage/lz/presidential-libraries/clinton/7585709/42-t-7585709-20120798F-009-022-2016.pdf
317,Copy-Ready Drafts,8,working draft ready,1994-01-03,Context,Presidential Daily Diary reference: NATO Summit preparation meetings,NATO Strategy and Enlargement,Use as context citation only; chase substantive record before selection.,"Source: National Archives and Records Administration, National Archives Catalog, Clinton Presidential Records, Presidential Daily Diary, Ellen McCathran Files, Release LPWJC 2013-0549-F, [01/01/1994-01/15/1994], NAID 147870783, Unclassified diary record. Source pages: pages 18 and 21.",https://catalog.archives.gov/id/147870783,https://s3.amazonaws.com/NARAprodstorage/lz/presidential-libraries/clinton/foia/2013/2013-0549-F/42-t-101784486-20130549F-003-006-2018.pdf
318,Copy-Ready Drafts,8,working draft ready,1994-01-11,Context,Remarks and an Exchange With Reporters Following Discussions With President Vaclav Havel of the Czech Republic in Prague,NATO Strategy and Enlargement,"Copy working source note, then verify markings, attachments, marginalia, and final placement.","Source: Government Publishing Office, GovInfo, Public Papers of the Presidents of the United States: William J. Clinton, PPP-1994-book1; PPP-1994-book1-doc-pg37. Unclassified public record.",https://www.govinfo.gov/app/details/PPP-1994-book1/PPP-1994-book1-doc-pg37,https://www.govinfo.gov/content/pkg/PPP-1994-book1/pdf/PPP-1994-book1-doc-pg37.pdf
319,Copy-Ready Drafts,8,working draft ready,1994-01-11,Context,The President's News Conference With European Union Leaders in Brussels,European Security Architecture,"Copy working source note, then verify markings, attachments, marginalia, and final placement.","Source: Government Publishing Office, GovInfo, Public Papers of the Presidents of the United States: William J. Clinton, PPP-1994-book1; PPP-1994-book1-doc-pg32. Unclassified public record.",https://www.govinfo.gov/app/details/PPP-1994-book1/PPP-1994-book1-doc-pg32,https://www.govinfo.gov/content/pkg/PPP-1994-book1/pdf/PPP-1994-book1-doc-pg32.pdf
320,Copy-Ready Drafts,8,working draft ready,1994-01-14,Context,Presidential Daily Diary reference: denuclearization signing with Yeltsin and Kravchuk,NATO-Russia and Partnership,Use as context citation only; chase substantive record before selection.,"Source: National Archives and Records Administration, National Archives Catalog, Clinton Presidential Records, Presidential Daily Diary, Ellen McCathran Files, Release LPWJC 2013-0549-F, [01/01/1994-01/15/1994], NAID 147870783, Unclassified diary record. Source pages: page 68.",https://catalog.archives.gov/id/147870783,https://s3.amazonaws.com/NARAprodstorage/lz/presidential-libraries/clinton/foia/2013/2013-0549-F/42-t-101784486-20130549F-003-006-2018.pdf
321,Copy-Ready Drafts,8,working draft ready,1994-02-06,Context,Remarks and an Exchange With Reporters on Bosnia,Crisis Security Files,"Copy working source note, then verify markings, attachments, marginalia, and final placement.","Source: Government Publishing Office, GovInfo, Public Papers of the Presidents of the United States: William J. Clinton, PPP-1994-book1; PPP-1994-book1-doc-pg186-2. Unclassified public record.",https://www.govinfo.gov/app/details/PPP-1994-book1/PPP-1994-book1-doc-pg186-2,https://www.govinfo.gov/content/pkg/PPP-1994-book1/pdf/PPP-1994-book1-doc-pg186-2.pdf
322,Copy-Ready Drafts,8,working draft ready,1994-02-09,Context,Remarks Announcing the NATO Decision on Air Strikes in Bosnia and an Exchange With Reporters,Crisis Security Files,"Copy working source note, then verify markings, attachments, marginalia, and final placement.","Source: Government Publishing Office, GovInfo, Public Papers of the Presidents of the United States: William J. Clinton, PPP-1994-book1; PPP-1994-book1-doc-pg218. Unclassified public record.",https://www.govinfo.gov/app/details/PPP-1994-book1/PPP-1994-book1-doc-pg218,https://www.govinfo.gov/content/pkg/PPP-1994-book1/pdf/PPP-1994-book1-doc-pg218.pdf
323,Copy-Ready Drafts,8,working draft ready,1994-02-18,Release Packet,"Summary of Conclusions, NSC Principals Committee Meeting on Bosnia",Crisis Security Files,"Copy working source note, then verify markings, attachments, marginalia, and final placement.","Source: William J. Clinton Presidential Library, Clinton Digital Library, Clinton Presidential Records, Declassified Documents concerning Bosnia, Release 2010-0533-M, Item 36614. Secret. Extracted from source packet PDF pages 33-35; 3 document pages counted. Review PDF includes a packet annotation sheet.",https://clinton.presidentiallibraries.us/items/show/36614,https://clinton.presidentiallibraries.us/files/original/dca58d1ec9f1ee6508cb03fc7ae5c98f.pdf
324,Copy-Ready Drafts,8,working draft ready,1994-02-19,Context,Presidential Daily Diary reference: Bosnia briefing with administration officials,Crisis Security Files,Use as context citation only; chase substantive record before selection.,"Source: National Archives and Records Administration, National Archives Catalog, Clinton Presidential Records, Presidential Daily Diary, Ellen McCathran Files, Release LPWJC 2013-0549-F, [02/14/1994-02/28/1994], NAID 147870789, Unclassified diary record. Source pages: pages 53 and 58.",https://catalog.archives.gov/id/147870789,https://s3.amazonaws.com/NARAprodstorage/lz/presidential-libraries/clinton/foia/2013/2013-0549-F/42-t-101784486-20130549F-003-009-2018.pdf
325,Copy-Ready Drafts,8,working draft ready,1994-02-20,Context,Presidential Daily Diary reference: Bosnia calls with Woerner and Mitterrand,Crisis Security Files,Use as context citation only; chase substantive record before selection.,"Source: National Archives and Records Administration, National Archives Catalog, Clinton Presidential Records, Presidential Daily Diary, Ellen McCathran Files, Release LPWJC 2013-0549-F, [02/14/1994-02/28/1994], NAID 147870789, Unclassified diary record. Source pages: pages 62-63.",https://catalog.archives.gov/id/147870789,https://s3.amazonaws.com/NARAprodstorage/lz/presidential-libraries/clinton/foia/2013/2013-0549-F/42-t-101784486-20130549F-003-009-2018.pdf
326,Copy-Ready Drafts,8,working draft ready,1994-02-20,Context,Statement on Results of NATO Action on Bosnia,Crisis Security Files,"Copy working source note, then verify markings, attachments, marginalia, and final placement.","Source: Government Publishing Office, GovInfo, Public Papers of the Presidents of the United States: William J. Clinton, PPP-1994-book1; PPP-1994-book1-doc-pg286. Unclassified public record.",https://www.govinfo.gov/app/details/PPP-1994-book1/PPP-1994-book1-doc-pg286,https://www.govinfo.gov/content/pkg/PPP-1994-book1/pdf/PPP-1994-book1-doc-pg286.pdf
327,Copy-Ready Drafts,8,working draft ready,1994-02-21,Context,Presidential Daily Diary reference: Bosnia and Sarajevo meeting and NATO-action statement,Crisis Security Files,Use as context citation only; chase substantive record before selection.,"Source: National Archives and Records Administration, National Archives Catalog, Clinton Presidential Records, Presidential Daily Diary, Ellen McCathran Files, Release LPWJC 2013-0549-F, [02/14/1994-02/28/1994], NAID 147870789, Unclassified diary record. Source pages: page 67.",https://catalog.archives.gov/id/147870789,https://s3.amazonaws.com/NARAprodstorage/lz/presidential-libraries/clinton/foia/2013/2013-0549-F/42-t-101784486-20130549F-003-009-2018.pdf
328,Copy-Ready Drafts,8,working draft ready,1994-02-28,Release Packet,Summary of Conclusions on Bosnia,Crisis Security Files,"Copy working source note, then verify markings, attachments, marginalia, and final placement.","Source: William J. Clinton Presidential Library, Clinton Digital Library, Clinton Presidential Records, Declassified Documents concerning Bosnia, Release 2010-0533-M, Item 36614. Secret. Extracted from source packet PDF pages 36-37; 2 document pages counted. Review PDF includes a packet annotation sheet.",https://clinton.presidentiallibraries.us/items/show/36614,https://clinton.presidentiallibraries.us/files/original/dca58d1ec9f1ee6508cb03fc7ae5c98f.pdf
329,Copy-Ready Drafts,8,working draft ready,1994-03-01,Context,Letter to Congressional Leaders Reporting on NATO Action in Bosnia,Crisis Security Files,"Copy working source note, then verify markings, attachments, marginalia, and final placement.","Source: Government Publishing Office, GovInfo, Public Papers of the Presidents of the United States: William J. Clinton, PPP-1994-book1; PPP-1994-book1-doc-pg354-2. Unclassified public record.",https://www.govinfo.gov/app/details/PPP-1994-book1/PPP-1994-book1-doc-pg354-2,https://www.govinfo.gov/content/pkg/PPP-1994-book1/pdf/PPP-1994-book1-doc-pg354-2.pdf
330,Copy-Ready Drafts,8,working draft ready,1994-03-08,Release Packet,Summary of Conclusions on Bosnia,Crisis Security Files,"Copy working source note, then verify markings, attachments, marginalia, and final placement.","Source: William J. Clinton Presidential Library, Clinton Digital Library, Clinton Presidential Records, Declassified Documents concerning Bosnia, Release 2010-0533-M, Item 36614. Extracted from source packet PDF pages 38-39; 2 document pages counted. Review PDF includes a packet annotation sheet. Secret.",https://clinton.presidentiallibraries.us/items/show/36614,https://clinton.presidentiallibraries.us/files/original/dca58d1ec9f1ee6508cb03fc7ae5c98f.pdf
331,Copy-Ready Drafts,8,working draft ready,1994-03-19,Context,Statement by the Director of Communications on the President's Discussions With the Presidents of Bosnia-Herzegovina and Croatia,Crisis Security Files,"Copy working source note, then verify markings, attachments, marginalia, and final placement.","Source: Government Publishing Office, GovInfo, Public Papers of the Presidents of the United States: William J. Clinton, PPP-1994-book1; PPP-1994-book1-doc-pg503. Unclassified public record.",https://www.govinfo.gov/app/details/PPP-1994-book1/PPP-1994-book1-doc-pg503,https://www.govinfo.gov/content/pkg/PPP-1994-book1/pdf/PPP-1994-book1-doc-pg503.pdf
332,Copy-Ready Drafts,8,working draft ready,1994-04-10,Context,Presidential Daily Diary reference: NATO bombing in Bosnia and Yeltsin conference call,Crisis Security Files,Use as context citation only; chase substantive record before selection.,"Source: National Archives and Records Administration, National Archives Catalog, Clinton Presidential Records, Presidential Daily Diary, Ellen McCathran Files, Release LPWJC 2013-0549-F, [04/01/1994-04/15/1994], NAID 147870795, Unclassified diary record. Source pages: pages 50 and 53.",https://catalog.archives.gov/id/147870795,https://s3.amazonaws.com/NARAprodstorage/lz/presidential-libraries/clinton/foia/2013/2013-0549-F/42-t-101784486-20130549F-004-003-2018.pdf
333,Copy-Ready Drafts,8,working draft ready,1994-04-10,Release Packet,"Summary of Conclusions, NSC Principals Committee Meeting on Bosnia",Crisis Security Files,"Copy working source note, then verify markings, attachments, marginalia, and final placement.","Source: William J. Clinton Presidential Library, Clinton Digital Library, Clinton Presidential Records, Declassified Documents concerning Bosnia, Release 2010-0533-M, Item 36614. Secret. Extracted from source packet PDF pages 40-41; 2 document pages counted. Review PDF includes a packet annotation sheet.",https://clinton.presidentiallibraries.us/items/show/36614,https://clinton.presidentiallibraries.us/files/original/dca58d1ec9f1ee6508cb03fc7ae5c98f.pdf
334,Copy-Ready Drafts,8,working draft ready,1994-04-18,Release Packet,"Summary of Conclusions, NSC Principals Committee Meeting on Bosnia",Crisis Security Files,"Copy working source note, then verify markings, attachments, marginalia, and final placement.","Source: William J. Clinton Presidential Library, Clinton Digital Library, Clinton Presidential Records, Declassified Documents concerning Bosnia, Release 2010-0533-M, Item 36614. Secret. Extracted from source packet PDF pages 42-43; 2 document pages counted. Review PDF includes a packet annotation sheet.",https://clinton.presidentiallibraries.us/items/show/36614,https://clinton.presidentiallibraries.us/files/original/dca58d1ec9f1ee6508cb03fc7ae5c98f.pdf
335,Copy-Ready Drafts,8,working draft ready,1994-04-23,Release Packet,"Summary of Conclusions, NSC Principals Committee Meeting on Bosnia, 1:30 p.m.",Crisis Security Files,"Copy working source note, then verify markings, attachments, marginalia, and final placement.","Source: William J. Clinton Presidential Library, Clinton Digital Library, Clinton Presidential Records, Declassified Documents concerning Bosnia, Release 2010-0533-M, Item 36614. Extracted from source packet PDF pages 45-46; 2 document pages counted. Review PDF includes a packet annotation sheet. Secret.",https://clinton.presidentiallibraries.us/items/show/36614,https://clinton.presidentiallibraries.us/files/original/dca58d1ec9f1ee6508cb03fc7ae5c98f.pdf
336,Copy-Ready Drafts,8,working draft ready,1994-04-23,Release Packet,"Summary of Conclusions, NSC Principals Committee Meeting on Bosnia, 5:00 p.m.",Crisis Security Files,"Copy working source note, then verify markings, attachments, marginalia, and final placement.","Source: William J. Clinton Presidential Library, Clinton Digital Library, Clinton Presidential Records, Declassified Documents concerning Bosnia, Release 2010-0533-M, Item 36614. Secret. Extracted from source packet PDF pages 44; 1 document page counted. Review PDF includes a packet annotation sheet.",https://clinton.presidentiallibraries.us/items/show/36614,https://clinton.presidentiallibraries.us/files/original/dca58d1ec9f1ee6508cb03fc7ae5c98f.pdf
337,Copy-Ready Drafts,8,working draft ready,1994-05-02,Release Packet,Memorandum From Acting S/S Talbott to President Clinton: Your Appearance on CNN Tomorrow,Crisis Security Files,"Copy working source note, then verify markings, attachments, marginalia, and final placement.","Source: Department of State, FOIA Virtual Reading Room, Strobe Talbott FOIA case F-2017-13804, Document C09000058. Unclassified; Nodis. Source pages: 10 pages counted.",https://foia.state.gov/search/results.aspx?searchText=C09000058,https://foia.state.gov/DOCUMENTS/FOIA_L_May2022/FL-2017-13804/DOC_0C09000058/C09000058.pdf
338,Copy-Ready Drafts,8,working draft ready,1994-05-20,Release Packet,Summary of Conclusions on Bosnia,Crisis Security Files,"Copy working source note, then verify markings, attachments, marginalia, and final placement.","Source: William J. Clinton Presidential Library, Clinton Digital Library, Clinton Presidential Records, Declassified Documents concerning Bosnia, Release 2010-0533-M, Item 36614. Secret. Extracted from source packet PDF pages 47-48; 2 document pages counted. Review PDF includes a packet annotation sheet.",https://clinton.presidentiallibraries.us/items/show/36614,https://clinton.presidentiallibraries.us/files/original/dca58d1ec9f1ee6508cb03fc7ae5c98f.pdf
339,Copy-Ready Drafts,8,working draft ready,1994-05-31,Release Packet,"Summary of Conclusions, NSC Principals Committee Meeting on Bosnia",Crisis Security Files,"Copy working source note, then verify markings, attachments, marginalia, and final placement.","Source: William J. Clinton Presidential Library, Clinton Digital Library, Clinton Presidential Records, Declassified Documents concerning Bosnia, Release 2010-0533-M, Item 36614. Extracted from source packet PDF pages 49-50; 2 document pages counted. Review PDF includes a packet annotation sheet. Secret.",https://clinton.presidentiallibraries.us/items/show/36614,https://clinton.presidentiallibraries.us/files/original/dca58d1ec9f1ee6508cb03fc7ae5c98f.pdf
340,Copy-Ready Drafts,8,working draft ready,1994-07-06,Context,Remarks at a Dinner Hosted by President Lech Walesa of Poland in Warsaw,NATO Strategy and Enlargement,"Copy working source note, then verify markings, attachments, marginalia, and final placement.","Source: Government Publishing Office, GovInfo, Public Papers of the Presidents of the United States: William J. Clinton, PPP-1994-book1; PPP-1994-book1-doc-pg1207. Unclassified public record.",https://www.govinfo.gov/app/details/PPP-1994-book1/PPP-1994-book1-doc-pg1207,https://www.govinfo.gov/content/pkg/PPP-1994-book1/pdf/PPP-1994-book1-doc-pg1207.pdf
341,Copy-Ready Drafts,8,working draft ready,1994-07-06,Context,Remarks Following Discussions With President Lech Walesa of Poland and an Exchange With Reporters in Warsaw,NATO Strategy and Enlargement,"Copy working source note, then verify markings, attachments, marginalia, and final placement.","Source: Government Publishing Office, GovInfo, Public Papers of the Presidents of the United States: William J. Clinton, PPP-1994-book1; PPP-1994-book1-doc-pg1205. Unclassified public record.",https://www.govinfo.gov/app/details/PPP-1994-book1/PPP-1994-book1-doc-pg1205,https://www.govinfo.gov/content/pkg/PPP-1994-book1/pdf/PPP-1994-book1-doc-pg1205.pdf
342,Copy-Ready Drafts,8,working draft ready,1994-07-12,Context,"The President's News Conference With European Union Leaders in Berlin, Germany",European Security Architecture,"Copy working source note, then verify markings, attachments, marginalia, and final placement.","Source: Government Publishing Office, GovInfo, Public Papers of the Presidents of the United States: William J. Clinton, PPP-1994-book1; PPP-1994-book1-doc-pg1242. Unclassified public record.",https://www.govinfo.gov/app/details/PPP-1994-book1/PPP-1994-book1-doc-pg1242,https://www.govinfo.gov/content/pkg/PPP-1994-book1/pdf/PPP-1994-book1-doc-pg1242.pdf
343,Copy-Ready Drafts,8,working draft ready,1994-07-27,Release Packet,"Summary of Conclusions, NSC Principals Committee Meeting on Bosnia",Crisis Security Files,"Copy working source note, then verify markings, attachments, marginalia, and final placement.","Source: William J. Clinton Presidential Library, Clinton Digital Library, Clinton Presidential Records, Declassified Documents concerning Bosnia, Release 2010-0533-M, Item 36614. Secret. Extracted from source packet PDF pages 51-52; 2 document pages counted. Review PDF includes a packet annotation sheet.",https://clinton.presidentiallibraries.us/items/show/36614,https://clinton.presidentiallibraries.us/files/original/dca58d1ec9f1ee6508cb03fc7ae5c98f.pdf
344,Copy-Ready Drafts,8,working draft ready,1994-08-10,Release Packet,"Summary of Conclusions, NSC Principals Committee Meeting on Bosnia",Crisis Security Files,"Copy working source note, then verify markings, attachments, marginalia, and final placement.","Source: William J. Clinton Presidential Library, Clinton Digital Library, Clinton Presidential Records, Declassified Documents concerning Bosnia, Release 2010-0533-M, Item 36614. Secret. Extracted from source packet PDF pages 53-54; 2 document pages counted. Review PDF includes a packet annotation sheet.",https://clinton.presidentiallibraries.us/items/show/36614,https://clinton.presidentiallibraries.us/files/original/dca58d1ec9f1ee6508cb03fc7ae5c98f.pdf
345,Copy-Ready Drafts,8,working draft ready,1994-08-13,Context,Statement on the Death of NATO Secretary General Manfred Woerner,European Security Architecture,"Copy working source note, then verify markings, attachments, marginalia, and final placement.","Source: Government Publishing Office, GovInfo, Public Papers of the Presidents of the United States: William J. Clinton, PPP-1994-book2; PPP-1994-book2-doc-pg1467. Unclassified public record.",https://www.govinfo.gov/app/details/PPP-1994-book2/PPP-1994-book2-doc-pg1467,https://www.govinfo.gov/content/pkg/PPP-1994-book2/pdf/PPP-1994-book2-doc-pg1467.pdf
346,Copy-Ready Drafts,8,working draft ready,1994-08-17,Release Packet,"Summary of Conclusions, NSC Principals Committee Meeting on Bosnia",Crisis Security Files,"Copy working source note, then verify markings, attachments, marginalia, and final placement.","Source: William J. Clinton Presidential Library, Clinton Digital Library, Clinton Presidential Records, Declassified Documents concerning Bosnia, Release 2010-0533-M, Item 36614. Secret. Extracted from source packet PDF pages 55-57; 3 document pages counted. Review PDF includes a packet annotation sheet.",https://clinton.presidentiallibraries.us/items/show/36614,https://clinton.presidentiallibraries.us/files/original/dca58d1ec9f1ee6508cb03fc7ae5c98f.pdf
347,Copy-Ready Drafts,8,working draft ready,1994-09-13,Release Packet,"Summary of Conclusions, NSC Principals Committee Meeting on Bosnia",Crisis Security Files,"Copy working source note, then verify markings, attachments, marginalia, and final placement.","Source: William J. Clinton Presidential Library, Clinton Digital Library, Clinton Presidential Records, Declassified Documents concerning Bosnia, Release 2010-0533-M, Item 36614. Secret. Extracted from source packet PDF pages 58-59; 2 document pages counted. Review PDF includes a packet annotation sheet.",https://clinton.presidentiallibraries.us/items/show/36614,https://clinton.presidentiallibraries.us/files/original/dca58d1ec9f1ee6508cb03fc7ae5c98f.pdf
348,Copy-Ready Drafts,8,working draft ready,1994-10-18,Release Packet,"Summary of Conclusions, NSC Principals Committee Meeting on Bosnia",Crisis Security Files,"Copy working source note, then verify markings, attachments, marginalia, and final placement.","Source: William J. Clinton Presidential Library, Clinton Digital Library, Clinton Presidential Records, Declassified Documents concerning Bosnia, Release 2010-0533-M, Item 36614. Secret. Extracted from source packet PDF pages 60-61; 2 document pages counted. Review PDF includes a packet annotation sheet.",https://clinton.presidentiallibraries.us/items/show/36614,https://clinton.presidentiallibraries.us/files/original/dca58d1ec9f1ee6508cb03fc7ae5c98f.pdf
349,Copy-Ready Drafts,8,working draft ready,1994-11-07,Release Packet,Summary of Conclusions on Bosnia,Crisis Security Files,"Copy working source note, then verify markings, attachments, marginalia, and final placement.","Source: William J. Clinton Presidential Library, Clinton Digital Library, Clinton Presidential Records, Declassified Documents concerning Bosnia, Release 2010-0533-M, Item 36614. Secret. Extracted from source packet PDF pages 62-64; 3 document pages counted. Review PDF includes a packet annotation sheet.",https://clinton.presidentiallibraries.us/items/show/36614,https://clinton.presidentiallibraries.us/files/original/dca58d1ec9f1ee6508cb03fc7ae5c98f.pdf
350,Copy-Ready Drafts,8,working draft ready,1994-11-17,Release Packet,"Summary of Conclusions, NSC Principals Committee Meeting on Bosnia",Crisis Security Files,"Copy working source note, then verify markings, attachments, marginalia, and final placement.","Source: William J. Clinton Presidential Library, Clinton Digital Library, Clinton Presidential Records, Declassified Documents concerning Bosnia, Release 2010-0533-M, Item 36614. Secret. Extracted from source packet PDF pages 65-66; 2 document pages counted. Review PDF includes a packet annotation sheet.",https://clinton.presidentiallibraries.us/items/show/36614,https://clinton.presidentiallibraries.us/files/original/dca58d1ec9f1ee6508cb03fc7ae5c98f.pdf
351,Copy-Ready Drafts,8,working draft ready,1994-11-28,Release Packet,"Summary of Conclusions, NSC Principals Committee Meeting on Bosnia",Crisis Security Files,"Copy working source note, then verify markings, attachments, marginalia, and final placement.","Source: William J. Clinton Presidential Library, Clinton Digital Library, Clinton Presidential Records, Declassified Documents concerning Bosnia, Release 2010-0533-M, Item 36614. Secret. Extracted from source packet PDF pages 67-70; 4 document pages counted. Review PDF includes a packet annotation sheet.",https://clinton.presidentiallibraries.us/items/show/36614,https://clinton.presidentiallibraries.us/files/original/dca58d1ec9f1ee6508cb03fc7ae5c98f.pdf
352,Copy-Ready Drafts,8,working draft ready,1994-12-05,Context,"Presidential Daily Diary reference: CSCE Budapest Summit and meetings with Yeltsin, Kohl, Croatian and Bosnian officials",Crisis Security Files,Use as context citation only; chase substantive record before selection.,"Source: National Archives and Records Administration, National Archives Catalog, Clinton Presidential Records, Presidential Daily Diary, Ellen McCathran Files, Release LPWJC 2013-0549-F, [12/01/1994-12/15/1994], NAID 147870813, Unclassified diary record. Source pages: pages 42-44.",https://catalog.archives.gov/id/147870813,https://s3.amazonaws.com/NARAprodstorage/lz/presidential-libraries/clinton/foia/2013/2013-0549-F/42-t-101784486-20130549F-004-012-2018.pdf
353,Copy-Ready Drafts,8,working draft ready,1994-12-12,Release Packet,Letter From Strobe Talbott to Yuri,Crisis Security Files,"Copy working source note, then verify markings, attachments, marginalia, and final placement.","Source: Department of State, FOIA Virtual Reading Room, Strobe Talbott FOIA case F-2017-13804, Document C09000052 (May 2022 release). Unclassified. Source pages: 7 pages counted.",https://foia.state.gov/search/results.aspx?searchText=C09000052,https://foia.state.gov/DOCUMENTS/FOIA_L_May2022/FL-2017-13804/DOC_0C09000052/C09000052.pdf
354,Copy-Ready Drafts,8,working draft ready,1994-12-12,Release Packet,"Summary of Conclusions, NSC Principals Committee Meeting on Bosnia",Crisis Security Files,"Copy working source note, then verify markings, attachments, marginalia, and final placement.","Source: William J. Clinton Presidential Library, Clinton Digital Library, Clinton Presidential Records, Declassified Documents concerning Bosnia, Release 2010-0533-M, Item 36614. Extracted from source packet PDF pages 71-73; 3 document pages counted. Review PDF includes a packet annotation sheet. Secret.",https://clinton.presidentiallibraries.us/items/show/36614,https://clinton.presidentiallibraries.us/files/original/dca58d1ec9f1ee6508cb03fc7ae5c98f.pdf
355,Copy-Ready Drafts,8,working draft ready,1994-12-19,Release Packet,"Summary of Conclusions, NSC Deputies Committee Meeting on Bosnia",Crisis Security Files,"Copy working source note, then verify markings, attachments, marginalia, and final placement.","Source: William J. Clinton Presidential Library, Clinton Digital Library, Clinton Presidential Records, Declassified Documents concerning Bosnia, Release 2010-0533-M, Item 36614. Extracted from source packet PDF pages 74-76; 3 document pages counted. Review PDF includes a packet annotation sheet. Secret.",https://clinton.presidentiallibraries.us/items/show/36614,https://clinton.presidentiallibraries.us/files/original/dca58d1ec9f1ee6508cb03fc7ae5c98f.pdf
356,Copy-Ready Drafts,8,working draft ready,1995-01-01,Scout Lead,Bosnia - August 1995: Early [3],Crisis Security Files,"Copy working source note, then verify markings, attachments, marginalia, and final placement.","Source: National Archives and Records Administration, National Archives Catalog, Records of the National Security Council European Affairs Office (Clinton Administration), Alexander Vershbow's Files, Bosnia - August 1995: Early [3], NAID 120361695.",https://catalog.archives.gov/id/120361695,https://s3.amazonaws.com/NARAprodstorage/lz/presidential-libraries/clinton/foia/2013/2013-0687-f/42-t-7585499-20130687F-012-002-2016.pdf
357,Copy-Ready Drafts,8,working draft ready,1995-01-01,Scout Lead,Bosnia - August 1995: Late [3],Crisis Security Files,"Copy working source note, then verify markings, attachments, marginalia, and final placement.","Source: National Archives and Records Administration, National Archives Catalog, Records of the National Security Council European Affairs Office (Clinton Administration), Alexander Vershbow's Files, Bosnia - August 1995: Late [3], NAID 120361703.",https://catalog.archives.gov/id/120361703,https://s3.amazonaws.com/NARAprodstorage/lz/presidential-libraries/clinton/foia/2013/2013-0687-f/42-t-7585499-20130687F-012-006-2016.pdf
358,Copy-Ready Drafts,8,selection,1995-01-01,Scout Lead,Bosnia - February 1995 [4],Crisis Security Files,"Copy working source note, then verify markings, attachments, marginalia, and final placement.","Source: National Archives and Records Administration, National Archives Catalog, Records of the National Security Council European Affairs Office (Clinton Administration), Alexander Vershbow's Files, Bosnia - February 1995 [4], NAID 120361555.",https://catalog.archives.gov/id/120361555,https://s3.amazonaws.com/NARAprodstorage/lz/presidential-libraries/clinton/foia/2013/2013-0687-f/42-t-7585499-20130687F-006-012-2016.pdf
359,Copy-Ready Drafts,8,working draft ready,1995-01-01,Scout Lead,Bosnia - July 1995: End July-Early August [3],Crisis Security Files,"Copy working source note, then verify markings, attachments, marginalia, and final placement.","Source: National Archives and Records Administration, National Archives Catalog, Records of the National Security Council European Affairs Office (Clinton Administration), Alexander Vershbow's Files, Bosnia - July 1995: End July-Early August [3], NAID 120361685.",https://catalog.archives.gov/id/120361685,https://s3.amazonaws.com/NARAprodstorage/lz/presidential-libraries/clinton/foia/2013/2013-0687-f/42-t-7585499-20130687F-011-015-2016.pdf
360,Copy-Ready Drafts,8,selection,1995-01-01,Scout Lead,Bosnia - July 1995: Mid.-Late [1],Crisis Security Files,"Copy working source note, then verify markings, attachments, marginalia, and final placement.","Source: National Archives and Records Administration, National Archives Catalog, Records of the National Security Council European Affairs Office (Clinton Administration), Alexander Vershbow's Files, Bosnia - July 1995: Mid.-Late [1], NAID 120361671.",https://catalog.archives.gov/id/120361671,https://s3.amazonaws.com/NARAprodstorage/lz/presidential-libraries/clinton/foia/2013/2013-0687-f/42-t-7585499-20130687F-011-008-2016.pdf
361,Copy-Ready Drafts,8,working draft ready,1995-01-01,Scout Lead,Bosnia - July 1995: Mid.-Late [2],Crisis Security Files,"Copy working source note, then verify markings, attachments, marginalia, and final placement.","Source: National Archives and Records Administration, National Archives Catalog, Records of the National Security Council European Affairs Office (Clinton Administration), Alexander Vershbow's Files, Bosnia - July 1995: Mid.-Late [2], NAID 120361673.",https://catalog.archives.gov/id/120361673,https://s3.amazonaws.com/NARAprodstorage/lz/presidential-libraries/clinton/foia/2013/2013-0687-f/42-t-7585499-20130687F-011-009-2016.pdf
362,Copy-Ready Drafts,8,working draft ready,1995-01-01,Scout Lead,Bosnia - July 1995: Mid.-Late [5],Crisis Security Files,"Copy working source note, then verify markings, attachments, marginalia, and final placement.","Source: National Archives and Records Administration, National Archives Catalog, Records of the National Security Council European Affairs Office (Clinton Administration), Alexander Vershbow's Files, Bosnia - July 1995: Mid.-Late [5], NAID 120361679.",https://catalog.archives.gov/id/120361679,https://s3.amazonaws.com/NARAprodstorage/lz/presidential-libraries/clinton/foia/2013/2013-0687-f/42-t-7585499-20130687F-011-012-2016.pdf
363,Copy-Ready Drafts,8,selection,1995-01-01,Scout Lead,Bosnia - June 1995: Early [1],Crisis Security Files,"Copy working source note, then verify markings, attachments, marginalia, and final placement.","Source: National Archives and Records Administration, National Archives Catalog, Records of the National Security Council European Affairs Office (Clinton Administration), Alexander Vershbow's Files, Bosnia - June 1995: Early [1], NAID 120361629.",https://catalog.archives.gov/id/120361629,https://s3.amazonaws.com/NARAprodstorage/lz/presidential-libraries/clinton/foia/2013/2013-0687-f/42-t-7585499-20130687F-009-012-2016.pdf
364,Copy-Ready Drafts,8,working draft ready,1995-01-01,Scout Lead,Bosnia - June 1995: Early [2],Crisis Security Files,"Copy working source note, then verify markings, attachments, marginalia, and final placement.","Source: National Archives and Records Administration, National Archives Catalog, Records of the National Security Council European Affairs Office (Clinton Administration), Alexander Vershbow's Files, Bosnia - June 1995: Early [2], NAID 120361631.",https://catalog.archives.gov/id/120361631,https://s3.amazonaws.com/NARAprodstorage/lz/presidential-libraries/clinton/foia/2013/2013-0687-f/42-t-7585499-20130687F-009-013-2016.pdf
365,Copy-Ready Drafts,8,selection,1995-01-01,Scout Lead,Bosnia - June 1995: Mid.-Late [5],Crisis Security Files,"Copy working source note, then verify markings, attachments, marginalia, and final placement.","Source: National Archives and Records Administration, National Archives Catalog, Records of the National Security Council European Affairs Office (Clinton Administration), Alexander Vershbow's Files, Bosnia - June 1995: Mid.-Late [5], NAID 120361649.",https://catalog.archives.gov/id/120361649,https://s3.amazonaws.com/NARAprodstorage/lz/presidential-libraries/clinton/foia/2013/2013-0687-f/42-t-7585499-20130687F-010-009-2016.pdf
366,Copy-Ready Drafts,8,selection,1995-01-01,Scout Lead,Bosnia - June 1995: Mid.-Late [6],Crisis Security Files,"Copy working source note, then verify markings, attachments, marginalia, and final placement.","Source: National Archives and Records Administration, National Archives Catalog, Records of the National Security Council European Affairs Office (Clinton Administration), Alexander Vershbow's Files, Bosnia - June 1995: Mid.-Late [6], NAID 120361651.",https://catalog.archives.gov/id/120361651,https://s3.amazonaws.com/NARAprodstorage/lz/presidential-libraries/clinton/foia/2013/2013-0687-f/42-t-7585499-20130687F-010-010-2016.pdf
367,Copy-Ready Drafts,8,selection,1995-01-01,Scout Lead,Bosnia - June 1995: Mid.-Late [7],Crisis Security Files,"Copy working source note, then verify markings, attachments, marginalia, and final placement.","Source: National Archives and Records Administration, National Archives Catalog, Records of the National Security Council European Affairs Office (Clinton Administration), Alexander Vershbow's Files, Bosnia - June 1995: Mid.-Late [7], NAID 120361653.",https://catalog.archives.gov/id/120361653,https://s3.amazonaws.com/NARAprodstorage/lz/presidential-libraries/clinton/foia/2013/2013-0687-f/42-t-7585499-20130687F-010-011-2016.pdf
368,Copy-Ready Drafts,8,working draft ready,1995-01-01,Scout Lead,Bosnia - May 1995: Mid.-Late [1],Crisis Security Files,"Copy working source note, then verify markings, attachments, marginalia, and final placement.","Source: National Archives and Records Administration, National Archives Catalog, Records of the National Security Council European Affairs Office (Clinton Administration), Alexander Vershbow's Files, Bosnia - May 1995: Mid.-Late [1], NAID 120361615.",https://catalog.archives.gov/id/120361615,https://s3.amazonaws.com/NARAprodstorage/lz/presidential-libraries/clinton/foia/2013/2013-0687-f/42-t-7585499-20130687F-009-005-2016.pdf
369,Copy-Ready Drafts,8,selection,1995-01-01,Scout Lead,Bosnia - May 1995: Mid.-Late [5],Crisis Security Files,"Copy working source note, then verify markings, attachments, marginalia, and final placement.","Source: National Archives and Records Administration, National Archives Catalog, Records of the National Security Council European Affairs Office (Clinton Administration), Alexander Vershbow's Files, Bosnia - May 1995: Mid.-Late [5], NAID 120361623.",https://catalog.archives.gov/id/120361623,https://s3.amazonaws.com/NARAprodstorage/lz/presidential-libraries/clinton/foia/2013/2013-0687-f/42-t-7585499-20130687F-009-009-2016.pdf
370,Copy-Ready Drafts,8,working draft ready,1995-01-01,Scout Lead,Bosnia - September 1995 (Early) [2],Crisis Security Files,"Copy working source note, then verify markings, attachments, marginalia, and final placement.","Source: National Archives and Records Administration, National Archives Catalog, Records of the National Security Council European Affairs Office (Clinton Administration), Alexander Vershbow's Files, Bosnia - September 1995 (Early) [2], NAID 120361731.",https://catalog.archives.gov/id/120361731,https://s3.amazonaws.com/NARAprodstorage/lz/presidential-libraries/clinton/foia/2013/2013-0687-f/42-t-7585499-20130687F-013-008-2016.pdf
371,Copy-Ready Drafts,8,working draft ready,1995-01-01,Scout Lead,Bosnia - September 1995 (Early): Early Sept. [4],Crisis Security Files,"Copy working source note, then verify markings, attachments, marginalia, and final placement.","Source: National Archives and Records Administration, National Archives Catalog, Records of the National Security Council European Affairs Office (Clinton Administration), Alexander Vershbow's Files, Bosnia - September 1995 (Early): Early Sept. [4], NAID 120361739.",https://catalog.archives.gov/id/120361739,https://s3.amazonaws.com/NARAprodstorage/lz/presidential-libraries/clinton/foia/2013/2013-0687-f/42-t-7585499-20130687F-013-012-2016.pdf
372,Copy-Ready Drafts,8,selection,1995-01-01,Scout Lead,Bosnia - September 1995 (Early): Early-Mid. [1],Crisis Security Files,"Copy working source note, then verify markings, attachments, marginalia, and final placement.","Source: National Archives and Records Administration, National Archives Catalog, Records of the National Security Council European Affairs Office (Clinton Administration), Alexander Vershbow's Files, Bosnia - September 1995 (Early): Early-Mid. [1], NAID 120361743.",https://catalog.archives.gov/id/120361743,https://s3.amazonaws.com/NARAprodstorage/lz/presidential-libraries/clinton/foia/2013/2013-0687-f/42-t-7585499-20130687F-014-002-2016.pdf
373,Copy-Ready Drafts,8,working draft ready,1995-01-01,Scout Lead,Bosnia - September 1995 (Early): Early-Mid. [4],Crisis Security Files,"Copy working source note, then verify markings, attachments, marginalia, and final placement.","Source: National Archives and Records Administration, National Archives Catalog, Records of the National Security Council European Affairs Office (Clinton Administration), Alexander Vershbow's Files, Bosnia - September 1995 (Early): Early-Mid. [4], NAID 120361749.",https://catalog.archives.gov/id/120361749,https://s3.amazonaws.com/NARAprodstorage/lz/presidential-libraries/clinton/foia/2013/2013-0687-f/42-t-7585499-20130687F-014-005-2016.pdf
374,Copy-Ready Drafts,8,selection,1995-01-01,Scout Lead,Bosnia - September 1995 (Late) [4],Crisis Security Files,"Copy working source note, then verify markings, attachments, marginalia, and final placement.","Source: National Archives and Records Administration, National Archives Catalog, Records of the National Security Council European Affairs Office (Clinton Administration), Alexander Vershbow's Files, Bosnia - September 1995 (Late) [4], NAID 120361763.",https://catalog.archives.gov/id/120361763,https://s3.amazonaws.com/NARAprodstorage/lz/presidential-libraries/clinton/foia/2013/2013-0687-f/42-t-7585499-20130687F-014-012-2016.pdf
375,Copy-Ready Drafts,8,working draft ready,1995-01-01,Scout Lead,Bosnia - September 1995 (Late) [5],Crisis Security Files,"Copy working source note, then verify markings, attachments, marginalia, and final placement.","Source: National Archives and Records Administration, National Archives Catalog, Records of the National Security Council European Affairs Office (Clinton Administration), Alexander Vershbow's Files, Bosnia - September 1995 (Late) [5], NAID 120361765.",https://catalog.archives.gov/id/120361765,https://s3.amazonaws.com/NARAprodstorage/lz/presidential-libraries/clinton/foia/2013/2013-0687-f/42-t-7585499-20130687F-015-001-2016.pdf
376,Copy-Ready Drafts,8,selection,1995-01-01,Scout Lead,Bosnia - September 1995 (Late) [6],Crisis Security Files,"Copy working source note, then verify markings, attachments, marginalia, and final placement.","Source: National Archives and Records Administration, National Archives Catalog, Records of the National Security Council European Affairs Office (Clinton Administration), Alexander Vershbow's Files, Bosnia - September 1995 (Late) [6], NAID 120361767.",https://catalog.archives.gov/id/120361767,https://s3.amazonaws.com/NARAprodstorage/lz/presidential-libraries/clinton/foia/2013/2013-0687-f/42-t-7585499-20130687F-015-002-2016.pdf
377,Copy-Ready Drafts,8,working draft ready,1995-01-01,Scout Lead,Bosnia - September 1995 (Late) [7],Crisis Security Files,"Copy working source note, then verify markings, attachments, marginalia, and final placement.","Source: National Archives and Records Administration, National Archives Catalog, Records of the National Security Council European Affairs Office (Clinton Administration), Alexander Vershbow's Files, Bosnia - September 1995 (Late) [7], NAID 120361769.",https://catalog.archives.gov/id/120361769,https://s3.amazonaws.com/NARAprodstorage/lz/presidential-libraries/clinton/foia/2013/2013-0687-f/42-t-7585499-20130687F-015-003-2016.pdf
378,Copy-Ready Drafts,8,selection,1995-01-01,Scout Lead,Bosnia - September 1995 (Late) [8],Crisis Security Files,"Copy working source note, then verify markings, attachments, marginalia, and final placement.","Source: National Archives and Records Administration, National Archives Catalog, Records of the National Security Council European Affairs Office (Clinton Administration), Alexander Vershbow's Files, Bosnia - September 1995 (Late) [8], NAID 120361771.",https://catalog.archives.gov/id/120361771,https://s3.amazonaws.com/NARAprodstorage/lz/presidential-libraries/clinton/foia/2013/2013-0687-f/42-t-7585499-20130687F-015-004-2016.pdf
379,Copy-Ready Drafts,8,selection,1995-01-01,Scout Lead,Bosnia - September 1995 [2],Crisis Security Files,"Copy working source note, then verify markings, attachments, marginalia, and final placement.","Source: National Archives and Records Administration, National Archives Catalog, Records of the National Security Council European Affairs Office (Clinton Administration), Alexander Vershbow's Files, Bosnia - September 1995 [2], NAID 120361711.",https://catalog.archives.gov/id/120361711,https://s3.amazonaws.com/NARAprodstorage/lz/presidential-libraries/clinton/foia/2013/2013-0687-f/42-t-7585499-20130687F-012-010-2016.pdf
380,Copy-Ready Drafts,8,selection,1995-01-01,Scout Lead,Bosnia - September 1995 [4],Crisis Security Files,"Copy working source note, then verify markings, attachments, marginalia, and final placement.","Source: National Archives and Records Administration, National Archives Catalog, Records of the National Security Council European Affairs Office (Clinton Administration), Alexander Vershbow's Files, Bosnia - September 1995 [4], NAID 120361715.",https://catalog.archives.gov/id/120361715,https://s3.amazonaws.com/NARAprodstorage/lz/presidential-libraries/clinton/foia/2013/2013-0687-f/42-t-7585499-20130687F-012-012-2016.pdf
381,Copy-Ready Drafts,8,selection,1995-01-01,Scout Lead,Bosnia Principals Committee/Deputies Committee 1995 Meetings [2],Crisis Security Files,"Copy working source note, then verify markings, attachments, marginalia, and final placement.","Source: National Archives and Records Administration, National Archives Catalog, Records of the National Security Council European Affairs Office (Clinton Administration), Donald Kerrick's Files, Bosnia Principals Committee/Deputies Committee 1995 Meetings [2], NAID 40482494.",https://catalog.archives.gov/id/40482494,https://s3.amazonaws.com/NARAprodstorage/opastorage/live/94/4824/40482494/content/presidential-libraries/clinton/foia/2008/2008-0994-F/2008-0994-F-Bosnia-JPG/Box_024/42-t-7585486-20080994F-024-002-2016/42_t_7585486_20080994F_024_002_2016_Page_001.JPG
382,Copy-Ready Drafts,8,selection,1995-01-01,Scout Lead,"DC0160 DC Meeting on Bosnia-Hercegovina, January 6, 1995",Crisis Security Files,"Copy working source note, then verify markings, attachments, marginalia, and final placement.","Source: National Archives and Records Administration, National Archives Catalog, DC0160 DC Meeting on Bosnia-Hercegovina, January 6, 1995, NAID 41051336.",https://catalog.archives.gov/id/41051336,https://s3.amazonaws.com/NARAprodstorage/lz/presidential-libraries/clinton/7585709/42-t-7585709-20120798F-004-027-2016.pdf
383,Copy-Ready Drafts,8,selection,1995-01-01,Scout Lead,"DC0163 DC Meeting on Bosnia-Hercegovina, January 11, 1995",Crisis Security Files,"Copy working source note, then verify markings, attachments, marginalia, and final placement.","Source: National Archives and Records Administration, National Archives Catalog, DC0163 DC Meeting on Bosnia-Hercegovina, January 11, 1995, NAID 41051337.",https://catalog.archives.gov/id/41051337,https://s3.amazonaws.com/NARAprodstorage/lz/presidential-libraries/clinton/7585709/42-t-7585709-20120798F-004-028-2016.pdf
384,Copy-Ready Drafts,8,selection,1995-01-01,Scout Lead,"DC0165 DC Meeting on Bosnia-Hercegovina and Croatia, January 25, 1995",Crisis Security Files,"Copy working source note, then verify markings, attachments, marginalia, and final placement.","Source: National Archives and Records Administration, National Archives Catalog, DC0165 DC Meeting on Bosnia-Hercegovina and Croatia, January 25, 1995, NAID 41051338.",https://catalog.archives.gov/id/41051338,https://s3.amazonaws.com/NARAprodstorage/lz/presidential-libraries/clinton/7585709/42-t-7585709-20120798F-004-029-2016.pdf
385,Copy-Ready Drafts,8,selection,1995-01-01,Scout Lead,"DC0168 DC Meeting on Bosnia-Hercegovina and Croatia, February 2, 1995",Crisis Security Files,"Copy working source note, then verify markings, attachments, marginalia, and final placement.","Source: National Archives and Records Administration, National Archives Catalog, DC0168 DC Meeting on Bosnia-Hercegovina and Croatia, February 2, 1995, NAID 41051339.",https://catalog.archives.gov/id/41051339,https://s3.amazonaws.com/NARAprodstorage/lz/presidential-libraries/clinton/7585709/42-t-7585709-20120798F-005-001-2016.pdf
386,Copy-Ready Drafts,8,selection,1995-01-01,Scout Lead,"DC0176 DC Meeting on Bosnia-Hercegovina and Croatia, February 22, 1995",Crisis Security Files,"Copy working source note, then verify markings, attachments, marginalia, and final placement.","Source: National Archives and Records Administration, National Archives Catalog, DC0176 DC Meeting on Bosnia-Hercegovina and Croatia, February 22, 1995, NAID 41051340.",https://catalog.archives.gov/id/41051340,https://s3.amazonaws.com/NARAprodstorage/lz/presidential-libraries/clinton/7585709/42-t-7585709-20120798F-005-002-2016.pdf
387,Copy-Ready Drafts,8,selection,1995-01-01,Scout Lead,"DC0178 DC Meeting on Bosnia-Hercegovina and Croatia, February 28, 1995",Crisis Security Files,"Copy working source note, then verify markings, attachments, marginalia, and final placement.","Source: National Archives and Records Administration, National Archives Catalog, DC0178 DC Meeting on Bosnia-Hercegovina and Croatia, February 28, 1995, NAID 41051341.",https://catalog.archives.gov/id/41051341,https://s3.amazonaws.com/NARAprodstorage/lz/presidential-libraries/clinton/7585709/42-t-7585709-20120798F-005-003-2016.pdf
388,Copy-Ready Drafts,8,selection,1995-01-01,Scout Lead,"DC0179 DC Meeting on Bosnia-Hercegovina and Croatia, March 2, 1995",Crisis Security Files,"Copy working source note, then verify markings, attachments, marginalia, and final placement.","Source: National Archives and Records Administration, National Archives Catalog, DC0179 DC Meeting on Bosnia-Hercegovina and Croatia, March 2, 1995, NAID 41051342.",https://catalog.archives.gov/id/41051342,https://s3.amazonaws.com/NARAprodstorage/lz/presidential-libraries/clinton/7585709/42-t-7585709-20120798F-005-004-2016.pdf
389,Copy-Ready Drafts,8,selection,1995-01-01,Scout Lead,"DC0181 DC Meeting on Bosnia-Hercegovina, March 9, 1995",Crisis Security Files,"Copy working source note, then verify markings, attachments, marginalia, and final placement.","Source: National Archives and Records Administration, National Archives Catalog, DC0181 DC Meeting on Bosnia-Hercegovina, March 9, 1995, NAID 41051343.",https://catalog.archives.gov/id/41051343,https://s3.amazonaws.com/NARAprodstorage/lz/presidential-libraries/clinton/7585709/42-t-7585709-20120798F-005-005-2016.pdf
390,Copy-Ready Drafts,8,selection,1995-01-01,Scout Lead,"DC0196 DC Meeting on Bosnia-Hercegovina and Croatia, April 27, 1995",Crisis Security Files,"Copy working source note, then verify markings, attachments, marginalia, and final placement.","Source: National Archives and Records Administration, National Archives Catalog, DC0196 DC Meeting on Bosnia-Hercegovina and Croatia, April 27, 1995, NAID 41051344.",https://catalog.archives.gov/id/41051344,https://s3.amazonaws.com/NARAprodstorage/lz/presidential-libraries/clinton/7585709/42-t-7585709-20120798F-005-006-2016.pdf
391,Copy-Ready Drafts,8,selection,1995-01-01,Scout Lead,"DC0198 DC Meeting on Bosnia-Hercegovina and Croatia, May 4, 1995",Crisis Security Files,"Copy working source note, then verify markings, attachments, marginalia, and final placement.","Source: National Archives and Records Administration, National Archives Catalog, DC0198 DC Meeting on Bosnia-Hercegovina and Croatia, May 4, 1995, NAID 41051345.",https://catalog.archives.gov/id/41051345,https://s3.amazonaws.com/NARAprodstorage/lz/presidential-libraries/clinton/7585709/42-t-7585709-20120798F-005-007-2016.pdf
392,Copy-Ready Drafts,8,selection,1995-01-01,Scout Lead,"DC0199 DC Meeting on Bosnia-Hercegovina and Croatia, May 9, 1995",Crisis Security Files,"Copy working source note, then verify markings, attachments, marginalia, and final placement.","Source: National Archives and Records Administration, National Archives Catalog, DC0199 DC Meeting on Bosnia-Hercegovina and Croatia, May 9, 1995, NAID 41051346.",https://catalog.archives.gov/id/41051346,https://s3.amazonaws.com/NARAprodstorage/lz/presidential-libraries/clinton/7585709/42-t-7585709-20120798F-005-008-2016.pdf
393,Copy-Ready Drafts,8,selection,1995-01-01,Scout Lead,"DC0202 DC Meeting on Bosnia-Hercegovina, 1995",Crisis Security Files,"Copy working source note, then verify markings, attachments, marginalia, and final placement.","Source: National Archives and Records Administration, National Archives Catalog, DC0202 DC Meeting on Bosnia-Hercegovina, 1995, NAID 41051347.",https://catalog.archives.gov/id/41051347,https://s3.amazonaws.com/NARAprodstorage/lz/presidential-libraries/clinton/7585709/42-t-7585709-20120798F-005-009-2016.pdf
394,Copy-Ready Drafts,8,selection,1995-01-01,Scout Lead,"DC0203 DC Meeting on Bosnia-Hercegovina, June 19, 1995",Crisis Security Files,"Copy working source note, then verify markings, attachments, marginalia, and final placement.","Source: National Archives and Records Administration, National Archives Catalog, DC0203 DC Meeting on Bosnia-Hercegovina, June 19, 1995, NAID 41051348.",https://catalog.archives.gov/id/41051348,https://s3.amazonaws.com/NARAprodstorage/lz/presidential-libraries/clinton/7585709/42-t-7585709-20120798F-005-010-2016.pdf
395,Copy-Ready Drafts,8,selection,1995-01-01,Scout Lead,"DC0206 DC Meeting on Bosnia-Hercegovina, July 11-12, 1995",Crisis Security Files,"Copy working source note, then verify markings, attachments, marginalia, and final placement.","Source: National Archives and Records Administration, National Archives Catalog, DC0206 DC Meeting on Bosnia-Hercegovina, July 11-12, 1995, NAID 41051349.",https://catalog.archives.gov/id/41051349,https://s3.amazonaws.com/NARAprodstorage/lz/presidential-libraries/clinton/7585709/42-t-7585709-20120798F-005-011-2016.pdf
396,Copy-Ready Drafts,8,selection,1995-01-01,Scout Lead,"DC0207 DC Meeting on Bosnia-Hercegovina, 1995",Crisis Security Files,"Copy working source note, then verify markings, attachments, marginalia, and final placement.","Source: National Archives and Records Administration, National Archives Catalog, DC0207 DC Meeting on Bosnia-Hercegovina, 1995, NAID 41051350.",https://catalog.archives.gov/id/41051350,https://s3.amazonaws.com/NARAprodstorage/lz/presidential-libraries/clinton/7585709/42-t-7585709-20120798F-005-012-2016.pdf
397,Copy-Ready Drafts,8,selection,1995-01-01,Scout Lead,"DC0208 DC Meeting on Bosnia-Hercegovina, July 24, 1995",Crisis Security Files,"Copy working source note, then verify markings, attachments, marginalia, and final placement.","Source: National Archives and Records Administration, National Archives Catalog, DC0208 DC Meeting on Bosnia-Hercegovina, July 24, 1995, NAID 41051351.",https://catalog.archives.gov/id/41051351,https://s3.amazonaws.com/NARAprodstorage/lz/presidential-libraries/clinton/7585709/42-t-7585709-20120798F-005-013-2016.pdf
398,Copy-Ready Drafts,8,selection,1995-01-01,Scout Lead,"DC0209 DC Meeting on Bosnia-Hercegovina, July 25, 1995",Crisis Security Files,"Copy working source note, then verify markings, attachments, marginalia, and final placement.","Source: National Archives and Records Administration, National Archives Catalog, DC0209 DC Meeting on Bosnia-Hercegovina, July 25, 1995, NAID 41051352.",https://catalog.archives.gov/id/41051352,https://s3.amazonaws.com/NARAprodstorage/lz/presidential-libraries/clinton/7585709/42-t-7585709-20120798F-005-014-2016.pdf
399,Copy-Ready Drafts,8,selection,1995-01-01,Scout Lead,"DC0212 DC Meeting on Bosnia-Hercegovina, August 11, 1995",Crisis Security Files,"Copy working source note, then verify markings, attachments, marginalia, and final placement.","Source: National Archives and Records Administration, National Archives Catalog, DC0212 DC Meeting on Bosnia-Hercegovina, August 11, 1995, NAID 41051353.",https://catalog.archives.gov/id/41051353,https://s3.amazonaws.com/NARAprodstorage/lz/presidential-libraries/clinton/7585709/42-t-7585709-20120798F-005-015-2016.pdf
400,Copy-Ready Drafts,8,selection,1995-01-01,Scout Lead,"DC0214 DC Meeting on Bosnia-Hercegovina, August 14, 1995",Crisis Security Files,"Copy working source note, then verify markings, attachments, marginalia, and final placement.","Source: National Archives and Records Administration, National Archives Catalog, DC0214 DC Meeting on Bosnia-Hercegovina, August 14, 1995, NAID 41051354.",https://catalog.archives.gov/id/41051354,https://s3.amazonaws.com/NARAprodstorage/lz/presidential-libraries/clinton/7585709/42-t-7585709-20120798F-005-016-2016.pdf
401,Copy-Ready Drafts,8,selection,1995-01-01,Scout Lead,"DC0216 DC Meeting on Bosnia-Hercegovina, August 18, 1995",Crisis Security Files,"Copy working source note, then verify markings, attachments, marginalia, and final placement.","Source: National Archives and Records Administration, National Archives Catalog, DC0216 DC Meeting on Bosnia-Hercegovina, August 18, 1995, NAID 41051355.",https://catalog.archives.gov/id/41051355,https://s3.amazonaws.com/NARAprodstorage/lz/presidential-libraries/clinton/7585709/42-t-7585709-20120798F-005-017-2016.pdf
402,Copy-Ready Drafts,8,selection,1995-01-01,Scout Lead,"DC0217 DC Meeting on Bosnia-Hercegovina, August 23, 1995",Crisis Security Files,"Copy working source note, then verify markings, attachments, marginalia, and final placement.","Source: National Archives and Records Administration, National Archives Catalog, DC0217 DC Meeting on Bosnia-Hercegovina, August 23, 1995, NAID 41051356.",https://catalog.archives.gov/id/41051356,https://s3.amazonaws.com/NARAprodstorage/lz/presidential-libraries/clinton/7585709/42-t-7585709-20120798F-005-018-2016.pdf
403,Copy-Ready Drafts,8,selection,1995-01-01,Scout Lead,"DC0218 DC Meeting on Bosnia-Hercegovina, August 28, 1995",Crisis Security Files,"Copy working source note, then verify markings, attachments, marginalia, and final placement.","Source: National Archives and Records Administration, National Archives Catalog, DC0218 DC Meeting on Bosnia-Hercegovina, August 28, 1995, NAID 41051357.",https://catalog.archives.gov/id/41051357,https://s3.amazonaws.com/NARAprodstorage/lz/presidential-libraries/clinton/7585709/42-t-7585709-20120798F-005-019-2016.pdf
404,Copy-Ready Drafts,8,selection,1995-01-01,Scout Lead,"DC0221 DC Meeting on Bosnia-Hercegovina, September 8, 1995",Crisis Security Files,"Copy working source note, then verify markings, attachments, marginalia, and final placement.","Source: National Archives and Records Administration, National Archives Catalog, DC0221 DC Meeting on Bosnia-Hercegovina, September 8, 1995, NAID 41051358.",https://catalog.archives.gov/id/41051358,https://s3.amazonaws.com/NARAprodstorage/lz/presidential-libraries/clinton/7585709/42-t-7585709-20120798F-005-020-2016.pdf
405,Copy-Ready Drafts,8,selection,1995-01-01,Scout Lead,"DC0224 DC Meeting on Bosnia-Hercegovina, September 15, 1995",Crisis Security Files,"Copy working source note, then verify markings, attachments, marginalia, and final placement.","Source: National Archives and Records Administration, National Archives Catalog, DC0224 DC Meeting on Bosnia-Hercegovina, September 15, 1995, NAID 41051359.",https://catalog.archives.gov/id/41051359,https://s3.amazonaws.com/NARAprodstorage/lz/presidential-libraries/clinton/7585709/42-t-7585709-20120798F-005-021-2016.pdf
406,Copy-Ready Drafts,8,selection,1995-01-01,Scout Lead,"DC0226 DC Meeting on Bosnia-Hercegovina, September 29, 1995",Crisis Security Files,"Copy working source note, then verify markings, attachments, marginalia, and final placement.","Source: National Archives and Records Administration, National Archives Catalog, DC0226 DC Meeting on Bosnia-Hercegovina, September 29, 1995, NAID 41051360.",https://catalog.archives.gov/id/41051360,https://s3.amazonaws.com/NARAprodstorage/lz/presidential-libraries/clinton/7585709/42-t-7585709-20120798F-005-022-2016.pdf
407,Copy-Ready Drafts,8,selection,1995-01-01,Scout Lead,"DC0229 DC Meeting on Bosnia-Hercegovina, October 6, 1995",Crisis Security Files,"Copy working source note, then verify markings, attachments, marginalia, and final placement.","Source: National Archives and Records Administration, National Archives Catalog, DC0229 DC Meeting on Bosnia-Hercegovina, October 6, 1995, NAID 41051361.",https://catalog.archives.gov/id/41051361,https://s3.amazonaws.com/NARAprodstorage/lz/presidential-libraries/clinton/7585709/42-t-7585709-20120798F-005-023-2016.pdf
408,Copy-Ready Drafts,8,selection,1995-01-01,Scout Lead,"DC0232 DC Meeting on Bosnia-Hercegovina, October 16, 1995",Crisis Security Files,"Copy working source note, then verify markings, attachments, marginalia, and final placement.","Source: National Archives and Records Administration, National Archives Catalog, DC0232 DC Meeting on Bosnia-Hercegovina, October 16, 1995, NAID 41051362.",https://catalog.archives.gov/id/41051362,https://s3.amazonaws.com/NARAprodstorage/lz/presidential-libraries/clinton/7585709/42-t-7585709-20120798F-005-024-2016.pdf
409,Copy-Ready Drafts,8,selection,1995-01-01,Scout Lead,"DC0235 DC Meeting on Bosnia-Hercegovina, October 18, 1995",Crisis Security Files,"Copy working source note, then verify markings, attachments, marginalia, and final placement.","Source: National Archives and Records Administration, National Archives Catalog, DC0235 DC Meeting on Bosnia-Hercegovina, October 18, 1995, NAID 41051363.",https://catalog.archives.gov/id/41051363,https://s3.amazonaws.com/NARAprodstorage/lz/presidential-libraries/clinton/7585709/42-t-7585709-20120798F-005-025-2016.pdf
410,Copy-Ready Drafts,8,selection,1995-01-01,Scout Lead,"DC0236 DC Meeting on Bosnia-Hercegovina, October 20, 1995",Crisis Security Files,"Copy working source note, then verify markings, attachments, marginalia, and final placement.","Source: National Archives and Records Administration, National Archives Catalog, DC0236 DC Meeting on Bosnia-Hercegovina, October 20, 1995, NAID 41051364.",https://catalog.archives.gov/id/41051364,https://s3.amazonaws.com/NARAprodstorage/lz/presidential-libraries/clinton/7585709/42-t-7585709-20120798F-005-026-2016.pdf
411,Copy-Ready Drafts,8,selection,1995-01-01,Scout Lead,"DC0237 DC Meeting on Bosnia-Hercegovina, October 24, 1995",Crisis Security Files,"Copy working source note, then verify markings, attachments, marginalia, and final placement.","Source: National Archives and Records Administration, National Archives Catalog, DC0237 DC Meeting on Bosnia-Hercegovina, October 24, 1995, NAID 41051365.",https://catalog.archives.gov/id/41051365,https://s3.amazonaws.com/NARAprodstorage/lz/presidential-libraries/clinton/7585709/42-t-7585709-20120798F-005-027-2016.pdf
412,Copy-Ready Drafts,8,selection,1995-01-01,Scout Lead,"DC0239 DC Meeting on Bosnia-Hercegovina, November 1, 1995",Crisis Security Files,"Copy working source note, then verify markings, attachments, marginalia, and final placement.","Source: National Archives and Records Administration, National Archives Catalog, DC0239 DC Meeting on Bosnia-Hercegovina, November 1, 1995, NAID 41051366.",https://catalog.archives.gov/id/41051366,https://s3.amazonaws.com/NARAprodstorage/lz/presidential-libraries/clinton/7585709/42-t-7585709-20120798F-005-028-2016.pdf
413,Copy-Ready Drafts,8,selection,1995-01-01,Scout Lead,"DC0241 DC Meeting on Bosnia-Hercegovina, November 13, 1995",Crisis Security Files,"Copy working source note, then verify markings, attachments, marginalia, and final placement.","Source: National Archives and Records Administration, National Archives Catalog, DC0241 DC Meeting on Bosnia-Hercegovina, November 13, 1995, NAID 41051367.",https://catalog.archives.gov/id/41051367,https://s3.amazonaws.com/NARAprodstorage/lz/presidential-libraries/clinton/7585709/42-t-7585709-20120798F-005-029-2016.pdf
414,Copy-Ready Drafts,8,selection,1995-01-01,Scout Lead,"PC/DC [Principals Committee/Deputies Committee] Meetings on Bosnia, April 1995 [1]",Crisis Security Files,"Copy working source note, then verify markings, attachments, marginalia, and final placement.","Source: National Archives and Records Administration, National Archives Catalog, Records of the National Security Council European Affairs Office (Clinton Administration), Sue Bremner's Files, PC/DC [Principals Committee/Deputies Committee] Meetings on Bosnia, April 1995 [1], NAID 41051297.",https://catalog.archives.gov/id/41051297,https://s3.amazonaws.com/NARAprodstorage/lz/presidential-libraries/clinton/7585472/42-t-7585472-20120798F-002-007-2016.pdf
415,Copy-Ready Drafts,8,selection,1995-01-01,Scout Lead,"PC/DC [Principals Committee/Deputies Committee] Meetings on Bosnia, April 1995 [2]",Crisis Security Files,"Copy working source note, then verify markings, attachments, marginalia, and final placement.","Source: National Archives and Records Administration, National Archives Catalog, Records of the National Security Council European Affairs Office (Clinton Administration), Sue Bremner's Files, PC/DC [Principals Committee/Deputies Committee] Meetings on Bosnia, April 1995 [2], NAID 41051298.",https://catalog.archives.gov/id/41051298,https://s3.amazonaws.com/NARAprodstorage/lz/presidential-libraries/clinton/7585472/42-t-7585472-20120798F-002-008-2016.pdf
416,Copy-Ready Drafts,8,selection,1995-01-01,Scout Lead,"PC/DC [Principals Committee/Deputies Committee] Meetings on Bosnia, April 1995 [3]",Crisis Security Files,"Copy working source note, then verify markings, attachments, marginalia, and final placement.","Source: National Archives and Records Administration, National Archives Catalog, Records of the National Security Council European Affairs Office (Clinton Administration), Sue Bremner's Files, PC/DC [Principals Committee/Deputies Committee] Meetings on Bosnia, April 1995 [3], NAID 41051299.",https://catalog.archives.gov/id/41051299,https://s3.amazonaws.com/NARAprodstorage/lz/presidential-libraries/clinton/7585472/42-t-7585472-20120798F-002-009-2016.pdf
417,Copy-Ready Drafts,8,selection,1995-01-01,Scout Lead,"PC/DC [Principals Committee/Deputies Committee] Meetings on Bosnia, January 1995 [4]",Crisis Security Files,"Copy working source note, then verify markings, attachments, marginalia, and final placement.","Source: National Archives and Records Administration, National Archives Catalog, Records of the National Security Council European Affairs Office (Clinton Administration), Sue Bremner's Files, PC/DC [Principals Committee/Deputies Committee] Meetings on Bosnia, January 1995 [4], NAID 41051283.",https://catalog.archives.gov/id/41051283,https://s3.amazonaws.com/NARAprodstorage/lz/presidential-libraries/clinton/7585472/42-t-7585472-20120798F-001-004-2016.pdf
418,Copy-Ready Drafts,8,selection,1995-01-01,Scout Lead,"PC/DC [Principals Committee/Deputies Committee] Meetings on Bosnia, March 1995 [3]",Crisis Security Files,"Copy working source note, then verify markings, attachments, marginalia, and final placement.","Source: National Archives and Records Administration, National Archives Catalog, Records of the National Security Council European Affairs Office (Clinton Administration), Sue Bremner's Files, PC/DC [Principals Committee/Deputies Committee] Meetings on Bosnia, March 1995 [3], NAID 41051291.",https://catalog.archives.gov/id/41051291,https://s3.amazonaws.com/NARAprodstorage/lz/presidential-libraries/clinton/7585472/42-t-7585472-20120798F-002-001-2016.pdf
419,Copy-Ready Drafts,8,selection,1995-01-01,Scout Lead,"PC/DC [Principals Committee/Deputies Committee] Meetings on Bosnia, March 1995 [4]",Crisis Security Files,"Copy working source note, then verify markings, attachments, marginalia, and final placement.","Source: National Archives and Records Administration, National Archives Catalog, Records of the National Security Council European Affairs Office (Clinton Administration), Sue Bremner's Files, PC/DC [Principals Committee/Deputies Committee] Meetings on Bosnia, March 1995 [4], NAID 41051292.",https://catalog.archives.gov/id/41051292,https://s3.amazonaws.com/NARAprodstorage/lz/presidential-libraries/clinton/7585472/42-t-7585472-20120798F-002-002-2016.pdf
420,Copy-Ready Drafts,8,selection,1995-01-01,Scout Lead,"PC/DC [Principals Committee/Deputies Committee] Meetings on Bosnia, March 1995 [7]",Crisis Security Files,"Copy working source note, then verify markings, attachments, marginalia, and final placement.","Source: National Archives and Records Administration, National Archives Catalog, Records of the National Security Council European Affairs Office (Clinton Administration), Sue Bremner's Files, PC/DC [Principals Committee/Deputies Committee] Meetings on Bosnia, March 1995 [7], NAID 41051295.",https://catalog.archives.gov/id/41051295,https://s3.amazonaws.com/NARAprodstorage/lz/presidential-libraries/clinton/7585472/42-t-7585472-20120798F-002-005-2016.pdf
421,Copy-Ready Drafts,8,selection,1995-01-01,Scout Lead,"PC/DC [Principals Committee/Deputies Committee] Meetings on Bosnia, March 1995 [8]",Crisis Security Files,"Copy working source note, then verify markings, attachments, marginalia, and final placement.","Source: National Archives and Records Administration, National Archives Catalog, Records of the National Security Council European Affairs Office (Clinton Administration), Sue Bremner's Files, PC/DC [Principals Committee/Deputies Committee] Meetings on Bosnia, March 1995 [8], NAID 41051296.",https://catalog.archives.gov/id/41051296,https://s3.amazonaws.com/NARAprodstorage/lz/presidential-libraries/clinton/7585472/42-t-7585472-20120798F-002-006-2016.pdf
422,Copy-Ready Drafts,8,selection,1995-01-01,Scout Lead,"PC/DC [Principals Committee/Deputies Committee] Meetings on Bosnia, May 1995 [1]",Crisis Security Files,"Copy working source note, then verify markings, attachments, marginalia, and final placement.","Source: National Archives and Records Administration, National Archives Catalog, Records of the National Security Council European Affairs Office (Clinton Administration), Sue Bremner's Files, PC/DC [Principals Committee/Deputies Committee] Meetings on Bosnia, May 1995 [1], NAID 41051301.",https://catalog.archives.gov/id/41051301,https://s3.amazonaws.com/NARAprodstorage/lz/presidential-libraries/clinton/7585472/42-t-7585472-20120798F-003-001-2016.pdf
423,Copy-Ready Drafts,8,selection,1995-01-01,Scout Lead,"PC/DC [Principals Committee/Deputies Committee] Meetings on Bosnia, May 1995 [2]",Crisis Security Files,"Copy working source note, then verify markings, attachments, marginalia, and final placement.","Source: National Archives and Records Administration, National Archives Catalog, Records of the National Security Council European Affairs Office (Clinton Administration), Sue Bremner's Files, PC/DC [Principals Committee/Deputies Committee] Meetings on Bosnia, May 1995 [2], NAID 41051302.",https://catalog.archives.gov/id/41051302,https://s3.amazonaws.com/NARAprodstorage/lz/presidential-libraries/clinton/7585472/42-t-7585472-20120798F-003-002-2016.pdf
424,Copy-Ready Drafts,8,selection,1995-01-01,Scout Lead,"PC/DC [Principals Committee/Deputies Committee] Meetings on Bosnia, May 1995 [3]",Crisis Security Files,"Copy working source note, then verify markings, attachments, marginalia, and final placement.","Source: National Archives and Records Administration, National Archives Catalog, Records of the National Security Council European Affairs Office (Clinton Administration), Sue Bremner's Files, PC/DC [Principals Committee/Deputies Committee] Meetings on Bosnia, May 1995 [3], NAID 41051303.",https://catalog.archives.gov/id/41051303,https://s3.amazonaws.com/NARAprodstorage/lz/presidential-libraries/clinton/7585472/42-t-7585472-20120798F-003-003-2016.pdf
425,Copy-Ready Drafts,8,selection,1995-01-01,Scout Lead,"PC/DC [Principals Committee/Deputies Committee] Meetings on Bosnia, May 1995 [4]",Crisis Security Files,"Copy working source note, then verify markings, attachments, marginalia, and final placement.","Source: National Archives and Records Administration, National Archives Catalog, Records of the National Security Council European Affairs Office (Clinton Administration), Sue Bremner's Files, PC/DC [Principals Committee/Deputies Committee] Meetings on Bosnia, May 1995 [4], NAID 41051304.",https://catalog.archives.gov/id/41051304,https://s3.amazonaws.com/NARAprodstorage/lz/presidential-libraries/clinton/7585472/42-t-7585472-20120798F-003-004-2016.pdf
426,Copy-Ready Drafts,8,selection,1995-01-01,Scout Lead,"PC/DC [Principals Committee/Deputies Committee] Meetings on Bosnia, May 1995 [5]",Crisis Security Files,"Copy working source note, then verify markings, attachments, marginalia, and final placement.","Source: National Archives and Records Administration, National Archives Catalog, Records of the National Security Council European Affairs Office (Clinton Administration), Sue Bremner's Files, PC/DC [Principals Committee/Deputies Committee] Meetings on Bosnia, May 1995 [5], NAID 41051305.",https://catalog.archives.gov/id/41051305,https://s3.amazonaws.com/NARAprodstorage/lz/presidential-libraries/clinton/7585472/42-t-7585472-20120798F-003-005-2016.pdf
427,Copy-Ready Drafts,8,selection,1995-01-01,Scout Lead,"PC/DC [Principals Committee/Deputies Committee] Meetings on Bosnia, May 1995 [6]",Crisis Security Files,"Copy working source note, then verify markings, attachments, marginalia, and final placement.","Source: National Archives and Records Administration, National Archives Catalog, Records of the National Security Council European Affairs Office (Clinton Administration), Sue Bremner's Files, PC/DC [Principals Committee/Deputies Committee] Meetings on Bosnia, May 1995 [6], NAID 41051306.",https://catalog.archives.gov/id/41051306,https://s3.amazonaws.com/NARAprodstorage/lz/presidential-libraries/clinton/7585472/42-t-7585472-20120798F-003-006-2016.pdf
428,Copy-Ready Drafts,8,selection,1995-01-01,Scout Lead,"PC0114 PC Meeting on Cechnya (Russia) and Bosnia-Hercegovina, January 20, 1995",Crisis Security Files,"Copy working source note, then verify markings, attachments, marginalia, and final placement.","Source: National Archives and Records Administration, National Archives Catalog, PC0114 PC Meeting on Cechnya (Russia) and Bosnia-Hercegovina, January 20, 1995, NAID 41051446.",https://catalog.archives.gov/id/41051446,https://s3.amazonaws.com/NARAprodstorage/lz/presidential-libraries/clinton/7585709/42-t-7585709-20120798F-009-023-2016.pdf
429,Copy-Ready Drafts,8,selection,1995-01-01,Scout Lead,"PC0118 PC Meeting on Bosnia-Hercegovina and Croatia, February 7, 1995",Crisis Security Files,"Copy working source note, then verify markings, attachments, marginalia, and final placement.","Source: National Archives and Records Administration, National Archives Catalog, PC0118 PC Meeting on Bosnia-Hercegovina and Croatia, February 7, 1995, NAID 41051447.",https://catalog.archives.gov/id/41051447,https://s3.amazonaws.com/NARAprodstorage/lz/presidential-libraries/clinton/7585709/42-t-7585709-20120798F-009-024-2016.pdf
430,Copy-Ready Drafts,8,selection,1995-01-01,Scout Lead,"PC0119 PC Meeting on Bosnia-Hercegovina and Croatia, February 13, 1995",Crisis Security Files,"Copy working source note, then verify markings, attachments, marginalia, and final placement.","Source: National Archives and Records Administration, National Archives Catalog, PC0119 PC Meeting on Bosnia-Hercegovina and Croatia, February 13, 1995, NAID 41051448.",https://catalog.archives.gov/id/41051448,https://s3.amazonaws.com/NARAprodstorage/lz/presidential-libraries/clinton/7585709/42-t-7585709-20120798F-009-025-2016.pdf
431,Copy-Ready Drafts,8,selection,1995-01-01,Scout Lead,"PC0120 PC Meeting on Bosnia-Hercegovina and Croatia, February 21, 1995",Crisis Security Files,"Copy working source note, then verify markings, attachments, marginalia, and final placement.","Source: National Archives and Records Administration, National Archives Catalog, PC0120 PC Meeting on Bosnia-Hercegovina and Croatia, February 21, 1995, NAID 41051449.",https://catalog.archives.gov/id/41051449,https://s3.amazonaws.com/NARAprodstorage/lz/presidential-libraries/clinton/7585709/42-t-7585709-20120798F-009-026-2016.pdf
432,Copy-Ready Drafts,8,selection,1995-01-01,Scout Lead,"PC0123 PC Meeting on Bosnia-Hercegovina and Croatia, March 3, 1995",Crisis Security Files,"Copy working source note, then verify markings, attachments, marginalia, and final placement.","Source: National Archives and Records Administration, National Archives Catalog, PC0123 PC Meeting on Bosnia-Hercegovina and Croatia, March 3, 1995, NAID 41051450.",https://catalog.archives.gov/id/41051450,https://s3.amazonaws.com/NARAprodstorage/lz/presidential-libraries/clinton/7585709/42-t-7585709-20120798F-009-027-2016.pdf
433,Copy-Ready Drafts,8,selection,1995-01-01,Scout Lead,"PC0124 PC Meeting on Bosnia-Hercegovina and Croatia, March 17, 1995 [1]",Crisis Security Files,"Copy working source note, then verify markings, attachments, marginalia, and final placement.","Source: National Archives and Records Administration, National Archives Catalog, PC0124 PC Meeting on Bosnia-Hercegovina and Croatia, March 17, 1995 [1], NAID 41051451.",https://catalog.archives.gov/id/41051451,https://s3.amazonaws.com/NARAprodstorage/lz/presidential-libraries/clinton/7585709/42-t-7585709-20120798F-009-028-2016.pdf
434,Copy-Ready Drafts,8,selection,1995-01-01,Scout Lead,"PC0124 PC Meeting on Bosnia-Hercegovina and Croatia, March 17, 1995 [2]",Crisis Security Files,"Copy working source note, then verify markings, attachments, marginalia, and final placement.","Source: National Archives and Records Administration, National Archives Catalog, PC0124 PC Meeting on Bosnia-Hercegovina and Croatia, March 17, 1995 [2], NAID 41051452.",https://catalog.archives.gov/id/41051452,https://s3.amazonaws.com/NARAprodstorage/lz/presidential-libraries/clinton/7585709/42-t-7585709-20120798F-009-029-2016.pdf
435,Copy-Ready Drafts,8,selection,1995-01-01,Scout Lead,"PC0126 PC Meeting on Bosnia-Hercegovina and Croatia, March 28, 1995",Crisis Security Files,"Copy working source note, then verify markings, attachments, marginalia, and final placement.","Source: National Archives and Records Administration, National Archives Catalog, PC0126 PC Meeting on Bosnia-Hercegovina and Croatia, March 28, 1995, NAID 41051453.",https://catalog.archives.gov/id/41051453,https://s3.amazonaws.com/NARAprodstorage/lz/presidential-libraries/clinton/7585709/42-t-7585709-20120798F-009-030-2016.pdf
436,Copy-Ready Drafts,8,selection,1995-01-01,Scout Lead,"PC0136 PC Meeting on Bosnia-Hercegovina and Croatia, May 19, 1995",Crisis Security Files,"Copy working source note, then verify markings, attachments, marginalia, and final placement.","Source: National Archives and Records Administration, National Archives Catalog, PC0136 PC Meeting on Bosnia-Hercegovina and Croatia, May 19, 1995, NAID 41051456.",https://catalog.archives.gov/id/41051456,https://s3.amazonaws.com/NARAprodstorage/lz/presidential-libraries/clinton/7585709/42-t-7585709-20120798F-009-033-2016.pdf
437,Copy-Ready Drafts,8,selection,1995-01-01,Scout Lead,"PC0137 PC Meeting on Bosnia-Hercegovina and Croatia, May 23, 1995",Crisis Security Files,"Copy working source note, then verify markings, attachments, marginalia, and final placement.","Source: National Archives and Records Administration, National Archives Catalog, PC0137 PC Meeting on Bosnia-Hercegovina and Croatia, May 23, 1995, NAID 41051457.",https://catalog.archives.gov/id/41051457,https://s3.amazonaws.com/NARAprodstorage/lz/presidential-libraries/clinton/7585709/42-t-7585709-20120798F-009-034-2016.pdf
438,Copy-Ready Drafts,8,selection,1995-01-01,Scout Lead,"PC0138 PC Meeting on Bosnia-Hercegovina and Croatia, May 28, 1995",Crisis Security Files,"Copy working source note, then verify markings, attachments, marginalia, and final placement.","Source: National Archives and Records Administration, National Archives Catalog, PC0138 PC Meeting on Bosnia-Hercegovina and Croatia, May 28, 1995, NAID 41051458.",https://catalog.archives.gov/id/41051458,https://s3.amazonaws.com/NARAprodstorage/lz/presidential-libraries/clinton/7585709/42-t-7585709-20120798F-009-035-2016.pdf
439,Copy-Ready Drafts,8,selection,1995-01-01,Scout Lead,"PC0142 PC Meeting on Bosnia-Hercegovina and Croatia, August 1, 1995",Crisis Security Files,"Copy working source note, then verify markings, attachments, marginalia, and final placement.","Source: National Archives and Records Administration, National Archives Catalog, PC0142 PC Meeting on Bosnia-Hercegovina and Croatia, August 1, 1995, NAID 41051461.",https://catalog.archives.gov/id/41051461,https://s3.amazonaws.com/NARAprodstorage/lz/presidential-libraries/clinton/7585709/42-t-7585709-20120798F-009-038-2016.pdf
440,Copy-Ready Drafts,8,working draft ready,1995-01-14,Release Packet,Demarche to Milosevic on Croatia and UNPROFOR,Crisis Security Files,"Copy working source note, then verify markings, attachments, marginalia, and final placement.","Source: William J. Clinton Presidential Library, Clinton Digital Library, Clinton Presidential Records, Declassified Documents Concerning Croatia, Release 2014-0311-M, Item 57229. Confidential. Extracted from source packet PDF pages 6-7; 2 document pages counted. Review PDF includes a packet annotation sheet.",https://clinton.presidentiallibraries.us/items/show/57229,https://clinton.presidentiallibraries.us/files/original/8ca82ec60f1a687eac595b0564ff674c.pdf
441,Copy-Ready Drafts,8,working draft ready,1995-01-17,Release Packet,January 16 Meeting with Milosevic,Crisis Security Files,"Copy working source note, then verify markings, attachments, marginalia, and final placement.","Source: William J. Clinton Presidential Library, Clinton Digital Library, Clinton Presidential Records, Declassified Documents Concerning Croatia, Release 2014-0311-M, Item 57229. Extracted from source packet PDF pages 8-11; 4 document pages counted. Review PDF includes a packet annotation sheet. Sensitive.",https://clinton.presidentiallibraries.us/items/show/57229,https://clinton.presidentiallibraries.us/files/original/8ca82ec60f1a687eac595b0564ff674c.pdf
442,Copy-Ready Drafts,8,working draft ready,1995-01-20,Release Packet,Croatia Strategy,Crisis Security Files,"Copy working source note, then verify markings, attachments, marginalia, and final placement.","Source: William J. Clinton Presidential Library, Clinton Digital Library, Clinton Presidential Records, Declassified Documents Concerning Croatia, Release 2014-0311-M, Item 57229. Secret. Extracted from source packet PDF pages 2-5; 4 document pages counted. Review PDF includes a packet annotation sheet. Date inferred for chronological placement: Internal references place the paper after Zagreb's January 1995 UNPROFOR announcement and before the scheduled January 30 Z-4 presentation.",https://clinton.presidentiallibraries.us/items/show/57229,https://clinton.presidentiallibraries.us/files/original/8ca82ec60f1a687eac595b0564ff674c.pdf
443,Copy-Ready Drafts,8,working draft ready,1995-01-20,Release Packet,"Summary of Conclusions, NSC Principals Committee Meeting on Former Yugoslavia",Crisis Security Files,"Copy working source note, then verify markings, attachments, marginalia, and final placement.","Source: William J. Clinton Presidential Library, Clinton Digital Library, Clinton Presidential Records, Declassified Documents concerning Bosnia, Release 2010-0533-M, Item 36614. Secret. Extracted from source packet PDF pages 77-79; 3 document pages counted. Review PDF includes a packet annotation sheet.",https://clinton.presidentiallibraries.us/items/show/36614,https://clinton.presidentiallibraries.us/files/original/dca58d1ec9f1ee6508cb03fc7ae5c98f.pdf
444,Copy-Ready Drafts,8,selection,1995-02-21,Source Lead,"February 21, 1995 Letter From Strobe To Juergen Chrobog",NATO-Russia and Partnership,"Copy working source note, then verify markings, attachments, marginalia, and final placement.","Source: Department of State, FOIA Virtual Reading Room, Strobe Talbott FOIA release, Document C09000084. Unclassified.",https://foia.state.gov/DOCUMENTS/FOIA_L_Apr2023/FL-2017-13804/DOC_0C09000084/C09000084.pdf,https://foia.state.gov/DOCUMENTS/FOIA_L_Apr2023/FL-2017-13804/DOC_0C09000084/C09000084.pdf
445,Copy-Ready Drafts,8,working draft ready,1995-02-23,Release Packet,Memorandum From Acting Secretary Talbott to Secretary Brown: Your Visit to Spain,Crisis Security Files,"Copy working source note, then verify markings, attachments, marginalia, and final placement.","Source: Department of State, FOIA Virtual Reading Room, Strobe Talbott FOIA case F-2017-13804, Document C09000085. Confidential. Source pages: 6 pages counted.",https://foia.state.gov/search/results.aspx?searchText=C09000085,https://foia.state.gov/DOCUMENTS/FOIA_L_Apr2023/FL-2017-13804/DOC_0C09000085/C09000085.pdf
446,Copy-Ready Drafts,8,working draft ready,1995-03-07,Context,Presidential Daily Diary reference: meeting with U.S. and NATO officials,NATO Strategy and Enlargement,Use as context citation only; chase substantive record before selection.,"Source: National Archives and Records Administration, National Archives Catalog, Clinton Presidential Records, Presidential Daily Diary, Ellen McCathran Files, Release LPWJC 2010-0083-F, [Ellen McCathran - Presidential Daily Diary - Hardcopy  1/9/95; 1/22/95; 1/26/95; 2/4/95; 2/8/95; 3/13/95; 3/13/95], NAID 17368179, Unclassified diary record. Source pages: pages 65 and 70.",https://catalog.archives.gov/id/17368179,https://s3.amazonaws.com/NARAprodstorage/opastorage/live/79/3681/17368179/content/presidential-libraries/clinton/foia/2010-0083-F/2010-0083-F-PDF/Box_001/42-t-7262157-20100083F-001-010-2015.pdf
447,Copy-Ready Drafts,8,working draft ready,1995-04-11,Release Packet,Remarks by Deputy Secretary Talbott: U.S.-Turkish Leadership in the Post-Cold War World,Crisis Security Files,"Copy working source note, then verify markings, attachments, marginalia, and final placement.","Source: Department of State, FOIA Virtual Reading Room, Strobe Talbott FOIA case F-2017-13804, Document C09000078. Unclassified. Source pages: 16 pages counted.",https://foia.state.gov/search/results.aspx?searchText=C09000078,https://foia.state.gov/DOCUMENTS/FOIA_L_Sep2023/FL-2017-13804/DOC_0C09000078/C09000078.pdf
448,Copy-Ready Drafts,8,selection,1995-04-14,Source Lead,"April 14, 1995 Letter From Strobe Talbott To Professor Tucker W/Attachment(s)",NATO-Russia and Partnership,"Copy working source note, then verify markings, attachments, marginalia, and final placement.","Source: Department of State, FOIA Virtual Reading Room, Strobe Talbott FOIA release, Document C09000033. Unclassified.",https://foia.state.gov/DOCUMENTS/FOIA_L_July2022/FL-2017-13804/DOC_0C09000033/C09000033.pdf,https://foia.state.gov/DOCUMENTS/FOIA_L_July2022/FL-2017-13804/DOC_0C09000033/C09000033.pdf
449,Copy-Ready Drafts,8,working draft ready,1995-05-09,Release Packet,"Summary of Conclusions, NSC Deputies Committee Meeting on Bosnia",Crisis Security Files,"Copy working source note, then verify markings, attachments, marginalia, and final placement.","Source: William J. Clinton Presidential Library, Clinton Digital Library, Clinton Presidential Records, Declassified Documents concerning Bosnia, Release 2010-0533-M, Item 36614. Secret. Extracted from source packet PDF pages 80-82; 3 document pages counted. Review PDF includes a packet annotation sheet.",https://clinton.presidentiallibraries.us/items/show/36614,https://clinton.presidentiallibraries.us/files/original/dca58d1ec9f1ee6508cb03fc7ae5c98f.pdf
450,Copy-Ready Drafts,8,working draft ready,1995-05-10,Context,Presidential Daily Diary reference: Moscow meetings and luncheon with Yeltsin,NATO-Russia and Partnership,Use as context citation only; chase substantive record before selection.,"Source: National Archives and Records Administration, National Archives Catalog, Clinton Presidential Records, Presidential Daily Diary, Ellen McCathran Files, Release LPWJC 2013-0549-F, [05/01/1995-05/14/1995], NAID 147870833, Unclassified diary record. Source pages: pages 67-73.",https://catalog.archives.gov/id/147870833,https://s3.amazonaws.com/NARAprodstorage/lz/presidential-libraries/clinton/foia/2013/2013-0549-F/42-t-101784486-20130549F-006-003-2018.pdf
451,Copy-Ready Drafts,8,working draft ready,1995-05-23,Release Packet,"Summary of Conclusions, NSC Principals Committee Meeting on Bosnia",Crisis Security Files,"Copy working source note, then verify markings, attachments, marginalia, and final placement.","Source: William J. Clinton Presidential Library, Clinton Digital Library, Clinton Presidential Records, Declassified Documents concerning Bosnia, Release 2010-0533-M, Item 36614. Secret. Extracted from source packet PDF pages 83-84; 2 document pages counted. Review PDF includes a packet annotation sheet.",https://clinton.presidentiallibraries.us/items/show/36614,https://clinton.presidentiallibraries.us/files/original/dca58d1ec9f1ee6508cb03fc7ae5c98f.pdf
452,Copy-Ready Drafts,8,working draft ready,1995-05-25,Context,Statement on the United Nations/NATO Decision To Launch Airstrikes in Bosnia-Herzegovina,Crisis Security Files,"Copy working source note, then verify markings, attachments, marginalia, and final placement.","Source: Government Publishing Office, GovInfo, Public Papers of the Presidents of the United States: William J. Clinton, PPP-1995-book1; PPP-1995-book1-doc-pg751. Unclassified public record.",https://www.govinfo.gov/app/details/PPP-1995-book1/PPP-1995-book1-doc-pg751,https://www.govinfo.gov/content/pkg/PPP-1995-book1/pdf/PPP-1995-book1-doc-pg751.pdf
453,Copy-Ready Drafts,8,working draft ready,1995-06-07,Release Packet,Official-Informal Message From Talbott to Mamedov,Crisis Security Files,"Copy working source note, then verify markings, attachments, marginalia, and final placement.","Source: Department of State, FOIA Virtual Reading Room, Strobe Talbott FOIA case F-2017-13804, Document C09000098. Secret. Source pages: 6 pages counted.",https://foia.state.gov/search/results.aspx?searchText=C09000098,https://foia.state.gov/DOCUMENTS/FOIA_L_Apr2023/FL-2017-13804/DOC_0C09000098/C09000098.pdf
454,Copy-Ready Drafts,8,working draft ready,1995-06-13,Release Packet,Letter From Yuri Mamedov to Strobe Talbott,Crisis Security Files,"Copy working source note, then verify markings, attachments, marginalia, and final placement.","Source: Department of State, FOIA Virtual Reading Room, Strobe Talbott FOIA case F-2017-13804, Document C09000087. Unclassified. Source pages: 3 pages counted.",https://foia.state.gov/search/results.aspx?searchText=C09000087,https://foia.state.gov/DOCUMENTS/FOIA_L_Apr2023/FL-2017-13804/DOC_0C09000087/C09000087.pdf
455,Copy-Ready Drafts,8,working draft ready,1995-06-14,Context,The President's News Conference With European Union Leaders,European Security Architecture,"Copy working source note, then verify markings, attachments, marginalia, and final placement.","Source: Government Publishing Office, GovInfo, Public Papers of the Presidents of the United States: William J. Clinton, PPP-1995-book1; PPP-1995-book1-doc-pg881-2. Unclassified public record.",https://www.govinfo.gov/app/details/PPP-1995-book1/PPP-1995-book1-doc-pg881-2,https://www.govinfo.gov/content/pkg/PPP-1995-book1/pdf/PPP-1995-book1-doc-pg881-2.pdf
456,Copy-Ready Drafts,8,working draft ready,1995-07-17,Release Packet,Options Paper for Breakfast,Crisis Security Files,"Copy working source note, then verify markings, attachments, marginalia, and final placement.","Source: William J. Clinton Presidential Library, Clinton Digital Library, Clinton Presidential Records, Declassified documents concerning Bosnia, Release 2013-0517-M, Item 101088. Secret. Extracted from source packet PDF pages 6-9; 4 document pages counted. Review PDF includes a packet annotation sheet.",https://clinton.presidentiallibraries.us/items/show/101088,https://clinton.presidentiallibraries.us/files/original/9a9ec5fd06f06d2069a286cf7c02fc03.pdf
457,Copy-Ready Drafts,8,working draft ready,1995-07-22,Release Packet,Memorandum From Anthony Lake to President Clinton: Your Meeting with Christopher and Shalikashvili on the London Meeting on Bosnia,Crisis Security Files,"Copy working source note, then verify markings, attachments, marginalia, and final placement.","Source: William J. Clinton Presidential Library, Clinton Digital Library, Clinton Presidential Records, Declassified documents concerning Bosnia, Release 2013-0517-M, Item 101088. Extracted from source packet PDF pages 103-106; 4 document pages counted. Review PDF includes a packet annotation sheet. Confidential.",https://clinton.presidentiallibraries.us/items/show/101088,https://clinton.presidentiallibraries.us/files/original/9a9ec5fd06f06d2069a286cf7c02fc03.pdf
458,Copy-Ready Drafts,8,working draft ready,1995-07-28,Context,Presidential Daily Diary reference: conference call with Boris Yeltsin,Crisis Security Files,Use as context citation only; chase substantive record before selection.,"Source: National Archives and Records Administration, National Archives Catalog, Clinton Presidential Records, Presidential Daily Diary, Ellen McCathran Files, Release LPWJC 2013-0549-F, [07/01/1995-07/31/1995], NAID 147870839, Unclassified diary record. Source pages: page 50.",https://catalog.archives.gov/id/147870839,https://s3.amazonaws.com/NARAprodstorage/lz/presidential-libraries/clinton/foia/2013/2013-0549-F/42-t-101784486-20130549F-006-006-2018.pdf
459,Copy-Ready Drafts,8,working draft ready,1995-08-01,Release Packet,Summary of Conclusions on Bosnia,Crisis Security Files,"Copy working source note, then verify markings, attachments, marginalia, and final placement.","Source: William J. Clinton Presidential Library, Clinton Digital Library, Clinton Presidential Records, Declassified Documents concerning Bosnia, Release 2010-0533-M, Item 36614. Secret. Extracted from source packet PDF pages 85-86; 2 document pages counted. Review PDF includes a packet annotation sheet.",https://clinton.presidentiallibraries.us/items/show/36614,https://clinton.presidentiallibraries.us/files/original/dca58d1ec9f1ee6508cb03fc7ae5c98f.pdf
460,Copy-Ready Drafts,8,working draft ready,1995-08-03,Release Packet,Memorandum From Ambassador Albright to the National Security Advisor on Bosnia Endgame Strategy,Crisis Security Files,"Copy working source note, then verify markings, attachments, marginalia, and final placement.","Source: William J. Clinton Presidential Library, Clinton Digital Library, Clinton Presidential Records, Declassified Documents concerning Bosnia, Release 2012-0799-M, Item 36591. Extracted from source packet PDF pages 2-8; 7 document pages counted. Review PDF includes a packet annotation sheet. Secret.",https://clinton.presidentiallibraries.us/items/show/36591,https://clinton.presidentiallibraries.us/files/original/eb29cdb4aad08354ef620554cda41298.pdf
461,Copy-Ready Drafts,8,working draft ready,1995-08-04,Release Packet,Endgame Strategy: A Sustainable Defense of a Viable Bosnia after UNPROFOR Withdrawal,Crisis Security Files,"Copy working source note, then verify markings, attachments, marginalia, and final placement.","Source: William J. Clinton Presidential Library, Clinton Digital Library, Clinton Presidential Records, Declassified Documents concerning Bosnia, Release 2012-0799-M, Item 36591. Extracted from source packet PDF pages 15-20; 6 document pages counted. Review PDF includes a packet annotation sheet. Date inferred for chronological placement: Filed as Tab D to Anthony Lake's August 5, 1995 memorandum to the President and adjacent to August 3-4 endgame papers. Secret.",https://clinton.presidentiallibraries.us/items/show/36591,https://clinton.presidentiallibraries.us/files/original/eb29cdb4aad08354ef620554cda41298.pdf
462,Copy-Ready Drafts,8,working draft ready,1995-08-04,Release Packet,Strategy for the Balkan Conflict,Crisis Security Files,"Copy working source note, then verify markings, attachments, marginalia, and final placement.","Source: William J. Clinton Presidential Library, Clinton Digital Library, Clinton Presidential Records, Declassified Documents concerning Bosnia, Release 2012-0799-M, Item 36591. Secret. Extracted from source packet PDF pages 9-14; 6 document pages counted. Review PDF includes a packet annotation sheet.",https://clinton.presidentiallibraries.us/items/show/36591,https://clinton.presidentiallibraries.us/files/original/eb29cdb4aad08354ef620554cda41298.pdf
463,Copy-Ready Drafts,8,working draft ready,1995-08-05,Release Packet,Memorandum From Anthony Lake to President Clinton: Balkan Strategy Options for Discussion,Crisis Security Files,"Copy working source note, then verify markings, attachments, marginalia, and final placement.","Source: William J. Clinton Presidential Library, Clinton Digital Library, Clinton Presidential Records, Declassified Documents concerning Bosnia, Release 2012-0799-M, Item 36591. Extracted from source packet PDF pages 21-24; 4 document pages counted. Review PDF includes a packet annotation sheet. Secret.",https://clinton.presidentiallibraries.us/items/show/36591,https://clinton.presidentiallibraries.us/files/original/eb29cdb4aad08354ef620554cda41298.pdf
464,Copy-Ready Drafts,8,working draft ready,1995-08-15,Release Packet,"Summary of Conclusions, NSC Principals Committee Meeting on Bosnia",Crisis Security Files,"Copy working source note, then verify markings, attachments, marginalia, and final placement.","Source: William J. Clinton Presidential Library, Clinton Digital Library, Clinton Presidential Records, Declassified Documents concerning Bosnia, Release 2010-0533-M, Item 36614. Secret. Extracted from source packet PDF pages 87-88; 2 document pages counted. Review PDF includes a packet annotation sheet.",https://clinton.presidentiallibraries.us/items/show/36614,https://clinton.presidentiallibraries.us/files/original/dca58d1ec9f1ee6508cb03fc7ae5c98f.pdf
465,Copy-Ready Drafts,8,working draft ready,1995-08-22,Release Packet,"Summary of Conclusions, NSC Principals Committee Meeting on Bosnia",Crisis Security Files,"Copy working source note, then verify markings, attachments, marginalia, and final placement.","Source: William J. Clinton Presidential Library, Clinton Digital Library, Clinton Presidential Records, Declassified Documents concerning Bosnia, Release 2010-0533-M, Item 36614. Secret. Extracted from source packet PDF pages 89-90; 2 document pages counted. Review PDF includes a packet annotation sheet.",https://clinton.presidentiallibraries.us/items/show/36614,https://clinton.presidentiallibraries.us/files/original/dca58d1ec9f1ee6508cb03fc7ae5c98f.pdf
466,Copy-Ready Drafts,8,working draft ready,1995-08-23,Release Packet,"Summary of Conclusions, NSC Deputies Committee Meeting on Bosnia",Crisis Security Files,"Copy working source note, then verify markings, attachments, marginalia, and final placement.","Source: William J. Clinton Presidential Library, Clinton Digital Library, Clinton Presidential Records, Declassified Documents concerning Bosnia, Release 2010-0533-M, Item 36614. Extracted from source packet PDF pages 91-95; 5 document pages counted. Review PDF includes a packet annotation sheet. Secret.",https://clinton.presidentiallibraries.us/items/show/36614,https://clinton.presidentiallibraries.us/files/original/dca58d1ec9f1ee6508cb03fc7ae5c98f.pdf
467,Copy-Ready Drafts,8,working draft ready,1995-08-31,Release Packet,Bosnia: Secretary-Kozyrev Letter,Crisis Security Files,"Copy working source note, then verify markings, attachments, marginalia, and final placement.","Source: Department of State, FOIA Virtual Reading Room, Strobe Talbott FOIA case F-2017-13804, Document C09000009. Secret; Nodis. Source pages: 2 pages counted.",https://foia.state.gov/search/results.aspx?searchText=C09000009,https://foia.state.gov/DOCUMENTS/FOIA_L_June2022/FL-2017-13804/DOC_0C09000009/C09000009.pdf
468,Copy-Ready Drafts,8,working draft ready,1995-09-11,Release Packet,"Summary of Conclusions, NSC Principals Committee Meeting on Bosnia",Crisis Security Files,"Copy working source note, then verify markings, attachments, marginalia, and final placement.","Source: William J. Clinton Presidential Library, Clinton Digital Library, Clinton Presidential Records, Declassified Documents concerning Bosnia, Release 2010-0533-M, Item 36614. Secret. Extracted from source packet PDF pages 96-97; 2 document pages counted. Review PDF includes a packet annotation sheet.",https://clinton.presidentiallibraries.us/items/show/36614,https://clinton.presidentiallibraries.us/files/original/dca58d1ec9f1ee6508cb03fc7ae5c98f.pdf
469,Copy-Ready Drafts,8,working draft ready,1995-09-21,Release Packet,"Summary of Conclusions, NSC Principals Committee Meeting on Bosnia",Crisis Security Files,"Copy working source note, then verify markings, attachments, marginalia, and final placement.","Source: William J. Clinton Presidential Library, Clinton Digital Library, Clinton Presidential Records, Declassified Documents concerning Bosnia, Release 2010-0533-M, Item 36614. Secret. Extracted from source packet PDF pages 98-100; 3 document pages counted. Review PDF includes a packet annotation sheet.",https://clinton.presidentiallibraries.us/items/show/36614,https://clinton.presidentiallibraries.us/files/original/dca58d1ec9f1ee6508cb03fc7ae5c98f.pdf
470,Copy-Ready Drafts,8,working draft ready,1995-09-25,Release Packet,"Summary of Conclusions, NSC Principals Committee Meeting on Bosnia",Crisis Security Files,"Copy working source note, then verify markings, attachments, marginalia, and final placement.","Source: William J. Clinton Presidential Library, Clinton Digital Library, Clinton Presidential Records, Declassified Documents concerning Bosnia, Release 2010-0533-M, Item 36614. Secret. Extracted from source packet PDF pages 101-102; 2 document pages counted. Review PDF includes a packet annotation sheet.",https://clinton.presidentiallibraries.us/items/show/36614,https://clinton.presidentiallibraries.us/files/original/dca58d1ec9f1ee6508cb03fc7ae5c98f.pdf
471,Copy-Ready Drafts,8,working draft ready,1995-09-29,Release Packet,"Summary of Conclusions, SVTS Meeting of the NSC Deputies Committee",Crisis Security Files,"Copy working source note, then verify markings, attachments, marginalia, and final placement.","Source: William J. Clinton Presidential Library, Clinton Digital Library, Clinton Presidential Records, Declassified Documents concerning Bosnia, Release 2010-0533-M, Item 36614. Extracted from source packet PDF pages 103-104; 2 document pages counted. Review PDF includes a packet annotation sheet. Secret.",https://clinton.presidentiallibraries.us/items/show/36614,https://clinton.presidentiallibraries.us/files/original/dca58d1ec9f1ee6508cb03fc7ae5c98f.pdf
472,Copy-Ready Drafts,8,working draft ready,1995-10-02,Release Packet,"Summary of Conclusions, NSC Principals Committee Meeting on Bosnia",Crisis Security Files,"Copy working source note, then verify markings, attachments, marginalia, and final placement.","Source: William J. Clinton Presidential Library, Clinton Digital Library, Clinton Presidential Records, Declassified Documents concerning Bosnia, Release 2010-0533-M, Item 36614. Secret. Extracted from source packet PDF pages 105; 1 document page counted. Review PDF includes a packet annotation sheet.",https://clinton.presidentiallibraries.us/items/show/36614,https://clinton.presidentiallibraries.us/files/original/dca58d1ec9f1ee6508cb03fc7ae5c98f.pdf
473,Copy-Ready Drafts,8,working draft ready,1995-10-13,Release Packet,Memorandum from Strobe Talbott to Ambassador Holbrooke,Crisis Security Files,"Copy working source note, then verify markings, attachments, marginalia, and final placement.","Source: Department of State, FOIA Virtual Reading Room, Strobe Talbott FOIA case F-2017-13804, Document C09000010. Secret. Source pages: 3 pages counted.",https://foia.state.gov/search/results.aspx?searchText=C09000010,https://foia.state.gov/DOCUMENTS/FOIA_L_June2022/FL-2017-13804/DOC_0C09000010/C09000010.pdf
474,Copy-Ready Drafts,8,working draft ready,1995-10-19,Release Packet,"Dissent Channel Message: Bringing Russia into IFOR: Wrong Assumption, Wrong Objective",Crisis Security Files,"Copy working source note, then verify markings, attachments, marginalia, and final placement.","Source: Department of State, FOIA Virtual Reading Room, Strobe Talbott FOIA case F-2017-13804, Document C09000055. Confidential. Source pages: 5 pages counted.",https://foia.state.gov/search/results.aspx?searchText=C09000055,https://foia.state.gov/DOCUMENTS/FOIA_L_Mar2025/FL-2017-13804/DOC_0C09000055/C09000055.pdf
475,Copy-Ready Drafts,8,working draft ready,1995-11-07,Release Packet,"Summary of Conclusions, NSC Principals Committee Meeting on Bosnia",Crisis Security Files,"Copy working source note, then verify markings, attachments, marginalia, and final placement.","Source: William J. Clinton Presidential Library, Clinton Digital Library, Clinton Presidential Records, Declassified Documents concerning Bosnia, Release 2010-0533-M, Item 36614. Secret. Extracted from source packet PDF pages 106-108; 3 document pages counted. Review PDF includes a packet annotation sheet.",https://clinton.presidentiallibraries.us/items/show/36614,https://clinton.presidentiallibraries.us/files/original/dca58d1ec9f1ee6508cb03fc7ae5c98f.pdf
476,Copy-Ready Drafts,8,working draft ready,1995-11-20,Context,Presidential Daily Diary reference: Dayton calls with Christopher and Tudjman,Crisis Security Files,Use as context citation only; chase substantive record before selection.,"Source: National Archives and Records Administration, National Archives Catalog, Clinton Presidential Records, Presidential Daily Diary, Ellen McCathran Files, Release LPWJC 2013-0549-F, [11/01/1995-11/30/1995], NAID 147870847, Unclassified diary record. Source pages: pages 38-40.",https://catalog.archives.gov/id/147870847,https://s3.amazonaws.com/NARAprodstorage/lz/presidential-libraries/clinton/foia/2013/2013-0549-F/42-t-101784486-20130549F-006-010-2018.pdf
477,Copy-Ready Drafts,8,working draft ready,1995-11-21,Context,"Presidential Daily Diary reference: Dayton conference call with Tudjman, Izetbegovic, Milosevic, and Christopher",Crisis Security Files,Use as context citation only; chase substantive record before selection.,"Source: National Archives and Records Administration, National Archives Catalog, Clinton Presidential Records, Presidential Daily Diary, Ellen McCathran Files, Release LPWJC 2013-0549-F, [11/01/1995-11/30/1995], NAID 147870847, Unclassified diary record. Source pages: pages 41-42.",https://catalog.archives.gov/id/147870847,https://s3.amazonaws.com/NARAprodstorage/lz/presidential-libraries/clinton/foia/2013/2013-0549-F/42-t-101784486-20130549F-006-010-2018.pdf
478,Copy-Ready Drafts,8,working draft ready,1995-11-22,Release Packet,"Summary of Conclusions, NSC Principals Committee Meeting on Bosnia",Crisis Security Files,"Copy working source note, then verify markings, attachments, marginalia, and final placement.","Source: William J. Clinton Presidential Library, Clinton Digital Library, Clinton Presidential Records, Declassified Documents concerning Bosnia, Release 2010-0533-M, Item 36614. Secret. Extracted from source packet PDF pages 109-111; 3 document pages counted. Review PDF includes a packet annotation sheet.",https://clinton.presidentiallibraries.us/items/show/36614,https://clinton.presidentiallibraries.us/files/original/dca58d1ec9f1ee6508cb03fc7ae5c98f.pdf
479,Copy-Ready Drafts,8,working draft ready,1995-11-27,Context,Address to the Nation on Implementation of the Peace Agreement in Bosnia-Herzegovina,Crisis Security Files,"Copy working source note, then verify markings, attachments, marginalia, and final placement.","Source: Government Publishing Office, GovInfo, Public Papers of the Presidents of the United States: William J. Clinton, PPP-1995-book2; PPP-1995-book2-doc-pg1784. Unclassified public record.",https://www.govinfo.gov/app/details/PPP-1995-book2/PPP-1995-book2-doc-pg1784,https://www.govinfo.gov/content/pkg/PPP-1995-book2/pdf/PPP-1995-book2-doc-pg1784.pdf
480,Copy-Ready Drafts,8,working draft ready,1995-12-03,Context,"The President's News Conference With European Union Leaders in Madrid, Spain",European Security Architecture,"Copy working source note, then verify markings, attachments, marginalia, and final placement.","Source: Government Publishing Office, GovInfo, Public Papers of the Presidents of the United States: William J. Clinton, PPP-1995-book2; PPP-1995-book2-doc-pg1835-2. Unclassified public record.",https://www.govinfo.gov/app/details/PPP-1995-book2/PPP-1995-book2-doc-pg1835-2,https://www.govinfo.gov/content/pkg/PPP-1995-book2/pdf/PPP-1995-book2-doc-pg1835-2.pdf
481,Copy-Ready Drafts,8,working draft ready,1995-12-14,Release Packet,Note from Strobe Talbott to Assistant Secretary Holbrooke,Crisis Security Files,"Copy working source note, then verify markings, attachments, marginalia, and final placement.","Source: Department of State, FOIA Virtual Reading Room, Strobe Talbott FOIA case F-2017-13804, Document C09000068. Unclassified. Source pages: 1 page counted.",https://foia.state.gov/search/results.aspx?searchText=C09000068,https://foia.state.gov/DOCUMENTS/FOIA_L_June2022/FL-2017-13804/DOC_0C09000068/C09000068.pdf
482,Copy-Ready Drafts,8,working draft ready,1995-12-20,Release Packet,Letter From Michael Nacht to Strobe Talbott with Attachments,Crisis Security Files,"Copy working source note, then verify markings, attachments, marginalia, and final placement.","Source: Department of State, FOIA Virtual Reading Room, Strobe Talbott FOIA case F-2017-13804, Document C09000051. Confidential; Eyes Only. Source pages: 4 pages counted.",https://foia.state.gov/search/results.aspx?searchText=C09000051,https://foia.state.gov/DOCUMENTS/FOIA_L_July2022/FL-2017-13804/DOC_0C09000051/C09000051.pdf
483,Copy-Ready Drafts,8,selection,1996-01-01,Scout Lead,Bosnia/Iran/IOB [Intelligence Oversight Board] — Basic Documents 1996 [2],Crisis Security Files,"Copy working source note, then verify markings, attachments, marginalia, and final placement.","Source: National Archives and Records Administration, National Archives Catalog, Records of the National Security Council European Affairs Office (Clinton Administration), Alexander Vershbow's Files, Bosnia/Iran/IOB [Intelligence Oversight Board] — Basic Documents 1996 [2], NAID 236750696.",https://catalog.archives.gov/id/236750696,https://s3.us-east-1.amazonaws.com/NARAprodstorage/lz/presidential-libraries/clinton/wjc-nscea/7585499/7585499-20060996F-002-005-2022-001.JPG
484,Copy-Ready Drafts,8,selection,1996-01-01,Scout Lead,"Bosnia/Iran/IOB [Intelligence Oversight Board], April-May 1996 [1]",Crisis Security Files,"Copy working source note, then verify markings, attachments, marginalia, and final placement.","Source: National Archives and Records Administration, National Archives Catalog, Records of the National Security Council European Affairs Office (Clinton Administration), Alexander Vershbow's Files, Bosnia/Iran/IOB [Intelligence Oversight Board], April-May 1996 [1], NAID 236750692.",https://catalog.archives.gov/id/236750692,https://s3.us-east-1.amazonaws.com/NARAprodstorage/lz/presidential-libraries/clinton/wjc-nscea/7585499/7585499-20060996F-002-001-2022-001.JPG
485,Copy-Ready Drafts,8,working draft ready,1996-01-01,Scout Lead,"Bosnia/Iran/IOB [Intelligence Oversight Board], April-May 1996 [2]",Crisis Security Files,"Copy working source note, then verify markings, attachments, marginalia, and final placement.","Source: National Archives and Records Administration, National Archives Catalog, Records of the National Security Council European Affairs Office (Clinton Administration), Alexander Vershbow's Files, Bosnia/Iran/IOB [Intelligence Oversight Board], April-May 1996 [2], NAID 236750693.",https://catalog.archives.gov/id/236750693,https://s3.us-east-1.amazonaws.com/NARAprodstorage/lz/presidential-libraries/clinton/wjc-nscea/7585499/7585499-20060996F-002-002-2022-001.JPG
486,Copy-Ready Drafts,8,working draft ready,1996-01-01,Scout Lead,"Bosnia/Iran/IOB [Intelligence Oversight Board], April-May 1996 [3]",Crisis Security Files,"Copy working source note, then verify markings, attachments, marginalia, and final placement.","Source: National Archives and Records Administration, National Archives Catalog, Records of the National Security Council European Affairs Office (Clinton Administration), Alexander Vershbow's Files, Bosnia/Iran/IOB [Intelligence Oversight Board], April-May 1996 [3], NAID 236750694.",https://catalog.archives.gov/id/236750694,https://s3.us-east-1.amazonaws.com/NARAprodstorage/lz/presidential-libraries/clinton/wjc-nscea/7585499/7585499-20060996F-002-003-2022-001.JPG
487,Copy-Ready Drafts,8,selection,1996-01-01,Scout Lead,"Bosnia/Iran/IOB [Intelligence Oversight Board], End of May 1996 [1]",Crisis Security Files,"Copy working source note, then verify markings, attachments, marginalia, and final placement.","Source: National Archives and Records Administration, National Archives Catalog, Records of the National Security Council European Affairs Office (Clinton Administration), Alexander Vershbow's Files, Bosnia/Iran/IOB [Intelligence Oversight Board], End of May 1996 [1], NAID 236750697.",https://catalog.archives.gov/id/236750697,https://s3.us-east-1.amazonaws.com/NARAprodstorage/lz/presidential-libraries/clinton/wjc-nscea/7585499/7585499-20060996F-002-006-2022-001.JPG
488,Copy-Ready Drafts,8,selection,1996-01-01,Scout Lead,"Bosnia/Iran/IOB [Intelligence Oversight Board], End of May 1996 [2]",Crisis Security Files,"Copy working source note, then verify markings, attachments, marginalia, and final placement.","Source: National Archives and Records Administration, National Archives Catalog, Records of the National Security Council European Affairs Office (Clinton Administration), Alexander Vershbow's Files, Bosnia/Iran/IOB [Intelligence Oversight Board], End of May 1996 [2], NAID 236750698.",https://catalog.archives.gov/id/236750698,https://s3.us-east-1.amazonaws.com/NARAprodstorage/lz/presidential-libraries/clinton/wjc-nscea/7585499/7585499-20060996F-002-007-2022-001.JPG
489,Copy-Ready Drafts,8,selection,1996-01-01,Scout Lead,"DC0254 DC Meeting on Bosnia-Hercegovina, January 19, 1996",Crisis Security Files,"Copy working source note, then verify markings, attachments, marginalia, and final placement.","Source: National Archives and Records Administration, National Archives Catalog, DC0254 DC Meeting on Bosnia-Hercegovina, January 19, 1996, NAID 41051370.",https://catalog.archives.gov/id/41051370,https://s3.amazonaws.com/NARAprodstorage/lz/presidential-libraries/clinton/7585709/42-t-7585709-20120798F-005-032-2016.pdf
490,Copy-Ready Drafts,8,selection,1996-01-01,Scout Lead,"DC0256 DC Meeting on Bosnia-Hercegovina, February 2, 1996",Crisis Security Files,"Copy working source note, then verify markings, attachments, marginalia, and final placement.","Source: National Archives and Records Administration, National Archives Catalog, DC0256 DC Meeting on Bosnia-Hercegovina, February 2, 1996, NAID 41051371.",https://catalog.archives.gov/id/41051371,https://s3.amazonaws.com/NARAprodstorage/lz/presidential-libraries/clinton/7585709/42-t-7585709-20120798F-005-033-2016.pdf
491,Copy-Ready Drafts,8,selection,1996-01-01,Scout Lead,"DC0259 DC Meeting on Bosnia-Hercegovina, February 14, 1996",Crisis Security Files,"Copy working source note, then verify markings, attachments, marginalia, and final placement.","Source: National Archives and Records Administration, National Archives Catalog, DC0259 DC Meeting on Bosnia-Hercegovina, February 14, 1996, NAID 41051372.",https://catalog.archives.gov/id/41051372,https://s3.amazonaws.com/NARAprodstorage/lz/presidential-libraries/clinton/7585709/42-t-7585709-20120798F-005-034-2016.pdf
492,Copy-Ready Drafts,8,selection,1996-01-01,Scout Lead,"DC0264 DC Meeting on Bosnia-Hercegovina, February 29, 1996",Crisis Security Files,"Copy working source note, then verify markings, attachments, marginalia, and final placement.","Source: National Archives and Records Administration, National Archives Catalog, DC0264 DC Meeting on Bosnia-Hercegovina, February 29, 1996, NAID 41051373.",https://catalog.archives.gov/id/41051373,https://s3.amazonaws.com/NARAprodstorage/lz/presidential-libraries/clinton/7585709/42-t-7585709-20120798F-005-035-2016.pdf
493,Copy-Ready Drafts,8,selection,1996-01-01,Scout Lead,"DC0271 DC Meeting on Bosnia-Hercegovina, March 26, 1996",Crisis Security Files,"Copy working source note, then verify markings, attachments, marginalia, and final placement.","Source: National Archives and Records Administration, National Archives Catalog, DC0271 DC Meeting on Bosnia-Hercegovina, March 26, 1996, NAID 41051374.",https://catalog.archives.gov/id/41051374,https://s3.amazonaws.com/NARAprodstorage/lz/presidential-libraries/clinton/7585709/42-t-7585709-20120798F-005-036-2016.pdf
494,Copy-Ready Drafts,8,selection,1996-01-01,Scout Lead,"DC0274 DC Meeting on Bosnia-Hercegovina, April 11, 1996",Crisis Security Files,"Copy working source note, then verify markings, attachments, marginalia, and final placement.","Source: National Archives and Records Administration, National Archives Catalog, DC0274 DC Meeting on Bosnia-Hercegovina, April 11, 1996, NAID 41051376.",https://catalog.archives.gov/id/41051376,https://s3.amazonaws.com/NARAprodstorage/lz/presidential-libraries/clinton/7585709/42-t-7585709-20120798F-005-038-2016.pdf
495,Copy-Ready Drafts,8,selection,1996-01-01,Scout Lead,"DC0277 DC Meeting on Bosnia-Hercegovina, April 24, 1996",Crisis Security Files,"Copy working source note, then verify markings, attachments, marginalia, and final placement.","Source: National Archives and Records Administration, National Archives Catalog, DC0277 DC Meeting on Bosnia-Hercegovina, April 24, 1996, NAID 41051377.",https://catalog.archives.gov/id/41051377,https://s3.amazonaws.com/NARAprodstorage/lz/presidential-libraries/clinton/7585709/42-t-7585709-20120798F-006-001-2016.pdf
496,Copy-Ready Drafts,8,selection,1996-01-01,Scout Lead,"DC0278 DC Meeting on Bosnia-Hercegovina, May 1, 1996",Crisis Security Files,"Copy working source note, then verify markings, attachments, marginalia, and final placement.","Source: National Archives and Records Administration, National Archives Catalog, DC0278 DC Meeting on Bosnia-Hercegovina, May 1, 1996, NAID 41051378.",https://catalog.archives.gov/id/41051378,https://s3.amazonaws.com/NARAprodstorage/lz/presidential-libraries/clinton/7585709/42-t-7585709-20120798F-006-002-2016.pdf
497,Copy-Ready Drafts,8,selection,1996-01-01,Scout Lead,"DC0281 DC Meeting on Bosnia-Hercegovina, May 8, 1996",Crisis Security Files,"Copy working source note, then verify markings, attachments, marginalia, and final placement.","Source: National Archives and Records Administration, National Archives Catalog, DC0281 DC Meeting on Bosnia-Hercegovina, May 8, 1996, NAID 41051379.",https://catalog.archives.gov/id/41051379,https://s3.amazonaws.com/NARAprodstorage/lz/presidential-libraries/clinton/7585709/42-t-7585709-20120798F-006-003-2016.pdf
498,Copy-Ready Drafts,8,selection,1996-01-01,Scout Lead,"DC0284 DC Meeting on Bosnia-Hercegovina, May 15, 1996",Crisis Security Files,"Copy working source note, then verify markings, attachments, marginalia, and final placement.","Source: National Archives and Records Administration, National Archives Catalog, DC0284 DC Meeting on Bosnia-Hercegovina, May 15, 1996, NAID 41051380.",https://catalog.archives.gov/id/41051380,https://s3.amazonaws.com/NARAprodstorage/lz/presidential-libraries/clinton/7585709/42-t-7585709-20120798F-006-004-2016.pdf
499,Copy-Ready Drafts,8,selection,1996-01-01,Scout Lead,"DC0295 DC Meeting on Bosnia-Hercegovina, June 20, 1996",Crisis Security Files,"Copy working source note, then verify markings, attachments, marginalia, and final placement.","Source: National Archives and Records Administration, National Archives Catalog, DC0295 DC Meeting on Bosnia-Hercegovina, June 20, 1996, NAID 41051385.",https://catalog.archives.gov/id/41051385,https://s3.amazonaws.com/NARAprodstorage/lz/presidential-libraries/clinton/7585709/42-t-7585709-20120798F-006-009-2016.pdf
500,Copy-Ready Drafts,8,selection,1996-01-01,Scout Lead,"DC0299 DC Meeting on Bosnia-Hercegovina, July 25, 1996",Crisis Security Files,"Copy working source note, then verify markings, attachments, marginalia, and final placement.","Source: National Archives and Records Administration, National Archives Catalog, DC0299 DC Meeting on Bosnia-Hercegovina, July 25, 1996, NAID 41051387.",https://catalog.archives.gov/id/41051387,https://s3.amazonaws.com/NARAprodstorage/lz/presidential-libraries/clinton/7585709/42-t-7585709-20120798F-006-011-2016.pdf
501,Copy-Ready Drafts,8,selection,1996-01-01,Scout Lead,"DC0301 DC Meeting on Bosnia-Hercegovina, August 1, 1996",Crisis Security Files,"Copy working source note, then verify markings, attachments, marginalia, and final placement.","Source: National Archives and Records Administration, National Archives Catalog, DC0301 DC Meeting on Bosnia-Hercegovina, August 1, 1996, NAID 41051388.",https://catalog.archives.gov/id/41051388,https://s3.amazonaws.com/NARAprodstorage/lz/presidential-libraries/clinton/7585709/42-t-7585709-20120798F-007-001-2016.pdf
502,Copy-Ready Drafts,8,selection,1996-01-01,Scout Lead,"DC0308 DC Meeting on Bosnia-Hercegovina, August 27, 1996",Crisis Security Files,"Copy working source note, then verify markings, attachments, marginalia, and final placement.","Source: National Archives and Records Administration, National Archives Catalog, DC0308 DC Meeting on Bosnia-Hercegovina, August 27, 1996, NAID 41051391.",https://catalog.archives.gov/id/41051391,https://s3.amazonaws.com/NARAprodstorage/lz/presidential-libraries/clinton/7585709/42-t-7585709-20120798F-007-004-2016.pdf
503,Copy-Ready Drafts,8,selection,1996-01-01,Scout Lead,"DC0311 DC Meeting on Bosnia-Hercegovina, September 19, 1996",Crisis Security Files,"Copy working source note, then verify markings, attachments, marginalia, and final placement.","Source: National Archives and Records Administration, National Archives Catalog, DC0311 DC Meeting on Bosnia-Hercegovina, September 19, 1996, NAID 41051393.",https://catalog.archives.gov/id/41051393,https://s3.amazonaws.com/NARAprodstorage/lz/presidential-libraries/clinton/7585709/42-t-7585709-20120798F-007-006-2016.pdf
504,Copy-Ready Drafts,8,selection,1996-01-01,Scout Lead,"DC0313 DC Meeting on Bosnia-Hercegovina, 1996",Crisis Security Files,"Copy working source note, then verify markings, attachments, marginalia, and final placement.","Source: National Archives and Records Administration, National Archives Catalog, DC0313 DC Meeting on Bosnia-Hercegovina, 1996, NAID 41051394.",https://catalog.archives.gov/id/41051394,https://s3.amazonaws.com/NARAprodstorage/lz/presidential-libraries/clinton/7585709/42-t-7585709-20120798F-007-007-2016.pdf
505,Copy-Ready Drafts,8,selection,1996-01-01,Scout Lead,"DC0316 DC Meeting on Bosnia-Hercegovina, October 1, 1996",Crisis Security Files,"Copy working source note, then verify markings, attachments, marginalia, and final placement.","Source: National Archives and Records Administration, National Archives Catalog, DC0316 DC Meeting on Bosnia-Hercegovina, October 1, 1996, NAID 41051395.",https://catalog.archives.gov/id/41051395,https://s3.amazonaws.com/NARAprodstorage/lz/presidential-libraries/clinton/7585709/42-t-7585709-20120798F-007-008-2016.pdf
506,Copy-Ready Drafts,8,selection,1996-01-01,Scout Lead,"DC0318 DC Meeting on Bosnia-Hercegovina, October 9, 1996",Crisis Security Files,"Copy working source note, then verify markings, attachments, marginalia, and final placement.","Source: National Archives and Records Administration, National Archives Catalog, DC0318 DC Meeting on Bosnia-Hercegovina, October 9, 1996, NAID 41051396.",https://catalog.archives.gov/id/41051396,https://s3.amazonaws.com/NARAprodstorage/lz/presidential-libraries/clinton/7585709/42-t-7585709-20120798F-007-009-2016.pdf
507,Copy-Ready Drafts,8,selection,1996-01-01,Scout Lead,"DC0320 DC Meeting on Bosnia-Hercegovina, October 18, 1996",Crisis Security Files,"Copy working source note, then verify markings, attachments, marginalia, and final placement.","Source: National Archives and Records Administration, National Archives Catalog, DC0320 DC Meeting on Bosnia-Hercegovina, October 18, 1996, NAID 41051397.",https://catalog.archives.gov/id/41051397,https://s3.amazonaws.com/NARAprodstorage/lz/presidential-libraries/clinton/7585709/42-t-7585709-20120798F-007-010-2016.pdf
508,Copy-Ready Drafts,8,selection,1996-01-01,Scout Lead,"DC0323 DC Meeting on Bosnia-Hercegovina, November 7, 1996",Crisis Security Files,"Copy working source note, then verify markings, attachments, marginalia, and final placement.","Source: National Archives and Records Administration, National Archives Catalog, DC0323 DC Meeting on Bosnia-Hercegovina, November 7, 1996, NAID 41051398.",https://catalog.archives.gov/id/41051398,https://s3.amazonaws.com/NARAprodstorage/lz/presidential-libraries/clinton/7585709/42-t-7585709-20120798F-007-011-2016.pdf
509,Copy-Ready Drafts,8,selection,1996-01-01,Scout Lead,"PC/DC [Principals Committee/Deputies Committee] Meetings on Bosnia, March 1996 [5]",Crisis Security Files,"Copy working source note, then verify markings, attachments, marginalia, and final placement.","Source: National Archives and Records Administration, National Archives Catalog, Records of the National Security Council European Affairs Office (Clinton Administration), Sue Bremner's Files, PC/DC [Principals Committee/Deputies Committee] Meetings on Bosnia, March 1996 [5], NAID 41051293.",https://catalog.archives.gov/id/41051293,https://s3.amazonaws.com/NARAprodstorage/lz/presidential-libraries/clinton/7585472/42-t-7585472-20120798F-002-003-2016.pdf
510,Copy-Ready Drafts,8,selection,1996-01-01,Scout Lead,"PC/DC [Principals Committee/Deputies Committee] Meetings on Bosnia, March 1996 [6]",Crisis Security Files,"Copy working source note, then verify markings, attachments, marginalia, and final placement.","Source: National Archives and Records Administration, National Archives Catalog, Records of the National Security Council European Affairs Office (Clinton Administration), Sue Bremner's Files, PC/DC [Principals Committee/Deputies Committee] Meetings on Bosnia, March 1996 [6], NAID 41051294.",https://catalog.archives.gov/id/41051294,https://s3.amazonaws.com/NARAprodstorage/lz/presidential-libraries/clinton/7585472/42-t-7585472-20120798F-002-004-2016.pdf
511,Copy-Ready Drafts,8,selection,1996-01-01,Scout Lead,"PC0169 PC Meeting on Bosnia-Hercegovina, February 20, 1996",Crisis Security Files,"Copy working source note, then verify markings, attachments, marginalia, and final placement.","Source: National Archives and Records Administration, National Archives Catalog, PC0169 PC Meeting on Bosnia-Hercegovina, February 20, 1996, NAID 41051477.",https://catalog.archives.gov/id/41051477,https://s3.amazonaws.com/NARAprodstorage/lz/presidential-libraries/clinton/7585709/42-t-7585709-20120798F-009-054-2016.pdf
512,Copy-Ready Drafts,8,selection,1996-01-01,Scout Lead,"PC0171 PC Meeting on Bosnia-Hercegovina, March 1, 1996",Crisis Security Files,"Copy working source note, then verify markings, attachments, marginalia, and final placement.","Source: National Archives and Records Administration, National Archives Catalog, PC0171 PC Meeting on Bosnia-Hercegovina, March 1, 1996, NAID 41051478.",https://catalog.archives.gov/id/41051478,https://s3.amazonaws.com/NARAprodstorage/lz/presidential-libraries/clinton/7585709/42-t-7585709-20120798F-009-055-2016.pdf
513,Copy-Ready Drafts,8,selection,1996-01-01,Scout Lead,"PC0173 PC Meeting on Bosnia-Hercegovina, March 29, 1996",Crisis Security Files,"Copy working source note, then verify markings, attachments, marginalia, and final placement.","Source: National Archives and Records Administration, National Archives Catalog, PC0173 PC Meeting on Bosnia-Hercegovina, March 29, 1996, NAID 41051479.",https://catalog.archives.gov/id/41051479,https://s3.amazonaws.com/NARAprodstorage/lz/presidential-libraries/clinton/7585709/42-t-7585709-20120798F-009-056-2016.pdf
514,Copy-Ready Drafts,8,selection,1996-01-01,Scout Lead,"PC0174 PC Meeting on Bosnia-Hercegovina, May 3, 1996",Crisis Security Files,"Copy working source note, then verify markings, attachments, marginalia, and final placement.","Source: National Archives and Records Administration, National Archives Catalog, PC0174 PC Meeting on Bosnia-Hercegovina, May 3, 1996, NAID 41051480.",https://catalog.archives.gov/id/41051480,https://s3.amazonaws.com/NARAprodstorage/lz/presidential-libraries/clinton/7585709/42-t-7585709-20120798F-009-057-2016.pdf
515,Copy-Ready Drafts,8,selection,1996-01-01,Scout Lead,"PC0180 PC Meeting on Bosnia-Hercegovina, June 11, 1996",Crisis Security Files,"Copy working source note, then verify markings, attachments, marginalia, and final placement.","Source: National Archives and Records Administration, National Archives Catalog, PC0180 PC Meeting on Bosnia-Hercegovina, June 11, 1996, NAID 41051482.",https://catalog.archives.gov/id/41051482,https://s3.amazonaws.com/NARAprodstorage/lz/presidential-libraries/clinton/7585709/42-t-7585709-20120798F-010-001-2016.pdf
516,Copy-Ready Drafts,8,selection,1996-01-01,Scout Lead,"PC0183 PC Meeting on Bosnia-Hercegovina, June 25, 1996",Crisis Security Files,"Copy working source note, then verify markings, attachments, marginalia, and final placement.","Source: National Archives and Records Administration, National Archives Catalog, PC0183 PC Meeting on Bosnia-Hercegovina, June 25, 1996, NAID 41051483.",https://catalog.archives.gov/id/41051483,https://s3.amazonaws.com/NARAprodstorage/lz/presidential-libraries/clinton/7585709/42-t-7585709-20120798F-010-002-2016.pdf
517,Copy-Ready Drafts,8,selection,1996-01-01,Scout Lead,"PC0202 PC Meeting on Bosnia-Hercegovina, 1996",Crisis Security Files,"Copy working source note, then verify markings, attachments, marginalia, and final placement.","Source: National Archives and Records Administration, National Archives Catalog, PC0202 PC Meeting on Bosnia-Hercegovina, 1996, NAID 41051486.",https://catalog.archives.gov/id/41051486,https://s3.amazonaws.com/NARAprodstorage/lz/presidential-libraries/clinton/7585709/42-t-7585709-20120798F-010-005-2016.pdf
518,Copy-Ready Drafts,8,working draft ready,1996-01-11,Context,Address to the People of Bosnia,Crisis Security Files,"Copy working source note, then verify markings, attachments, marginalia, and final placement.","Source: Government Publishing Office, GovInfo, Public Papers of the Presidents of the United States: William J. Clinton, PPP-1996-book1; PPP-1996-book1-doc-pg45. Unclassified public record.",https://www.govinfo.gov/app/details/PPP-1996-book1/PPP-1996-book1-doc-pg45,https://www.govinfo.gov/content/pkg/PPP-1996-book1/pdf/PPP-1996-book1-doc-pg45.pdf
519,Copy-Ready Drafts,8,working draft ready,1996-01-12,Context,Presidential Daily Diary reference: secure voice call with NATO Secretary General Javier Solana,Crisis Security Files,Use as context citation only; chase substantive record before selection.,"Source: National Archives and Records Administration, National Archives Catalog, Clinton Presidential Records, Presidential Daily Diary, Ellen McCathran Files, Release LPWJC 2013-0549-F, [01/01/1996-01/31/1996], NAID 147870851, Unclassified diary record. Source pages: page 21.",https://catalog.archives.gov/id/147870851,https://s3.amazonaws.com/NARAprodstorage/lz/presidential-libraries/clinton/foia/2013/2013-0549-F/42-t-101784486-20130549F-006-012-2018.pdf
520,Copy-Ready Drafts,8,working draft ready,1996-01-13,Context,Exchange With Reporters Prior to Discussions With President Alija Izetbegovic of Bosnia-Herzegovina at Tuzla Airfield,Crisis Security Files,"Copy working source note, then verify markings, attachments, marginalia, and final placement.","Source: Government Publishing Office, GovInfo, Public Papers of the Presidents of the United States: William J. Clinton, PPP-1996-book1; PPP-1996-book1-doc-pg62. Unclassified public record.",https://www.govinfo.gov/app/details/PPP-1996-book1/PPP-1996-book1-doc-pg62,https://www.govinfo.gov/content/pkg/PPP-1996-book1/pdf/PPP-1996-book1-doc-pg62.pdf
521,Copy-Ready Drafts,8,working draft ready,1996-01-13,Context,Presidential Daily Diary reference: call with Slobodan Milosevic,Crisis Security Files,Use as context citation only; chase substantive record before selection.,"Source: National Archives and Records Administration, National Archives Catalog, Clinton Presidential Records, Presidential Daily Diary, Ellen McCathran Files, Release LPWJC 2013-0549-F, [01/01/1996-01/31/1996], NAID 147870851, Unclassified diary record. Source pages: page 22.",https://catalog.archives.gov/id/147870851,https://s3.amazonaws.com/NARAprodstorage/lz/presidential-libraries/clinton/foia/2013/2013-0549-F/42-t-101784486-20130549F-006-012-2018.pdf
522,Copy-Ready Drafts,8,working draft ready,1996-01-13,Context,"Remarks to American Troops at Tuzla Airfield, Bosnia-Herzegovina",Crisis Security Files,"Copy working source note, then verify markings, attachments, marginalia, and final placement.","Source: Government Publishing Office, GovInfo, Public Papers of the Presidents of the United States: William J. Clinton, PPP-1996-book1; PPP-1996-book1-doc-pg60. Unclassified public record.",https://www.govinfo.gov/app/details/PPP-1996-book1/PPP-1996-book1-doc-pg60,https://www.govinfo.gov/content/pkg/PPP-1996-book1/pdf/PPP-1996-book1-doc-pg60.pdf
523,Copy-Ready Drafts,8,working draft ready,1996-02-23,Context,Presidential Daily Diary reference: conference call with Boris Yeltsin,NATO-Russia and Partnership,Use as context citation only; chase substantive record before selection.,"Source: National Archives and Records Administration, National Archives Catalog, Clinton Presidential Records, Presidential Daily Diary, Ellen McCathran Files, Release LPWJC 2013-0549-F, [02/01/1996-02/29/1996], NAID 147870853, Unclassified diary record. Source pages: page 36.",https://catalog.archives.gov/id/147870853,https://s3.amazonaws.com/NARAprodstorage/lz/presidential-libraries/clinton/foia/2013/2013-0549-F/42-t-101784486-20130549F-006-013-2018.pdf
524,Copy-Ready Drafts,8,selection,1996-04-16,Source Lead,DRAFT MEMORANDUM TO THE PRESIDENT,NATO-Russia and Partnership,"Copy working source note, then verify markings, attachments, marginalia, and final placement.","Source: Department of State, FOIA Virtual Reading Room, Strobe Talbott FOIA release, Document C09000077. Secret; Nodis; Eyes Only.",https://foia.state.gov/DOCUMENTS/FOIA_L_Apr2023/FL-2017-13804/DOC_0C09000077/C09000077.pdf,https://foia.state.gov/DOCUMENTS/FOIA_L_Apr2023/FL-2017-13804/DOC_0C09000077/C09000077.pdf
525,Copy-Ready Drafts,8,selection,1996-05-08,Source Lead,PAPER FOR MAMEDOV ON CFE,NATO-Russia and Partnership,"Copy working source note, then verify markings, attachments, marginalia, and final placement.","Source: Department of State, FOIA Virtual Reading Room, Strobe Talbott FOIA release, Document C09000044. Nodis.",https://foia.state.gov/DOCUMENTS/FOIA_L_June2024/FL-2017-13804/DOC_0C09000044/C09000044.pdf,https://foia.state.gov/DOCUMENTS/FOIA_L_June2024/FL-2017-13804/DOC_0C09000044/C09000044.pdf
526,Copy-Ready Drafts,8,working draft ready,1996-06-12,Context,The President's News Conference With European Union Leaders,European Security Architecture,"Copy working source note, then verify markings, attachments, marginalia, and final placement.","Source: Government Publishing Office, GovInfo, Public Papers of the Presidents of the United States: William J. Clinton, PPP-1996-book1; PPP-1996-book1-doc-pg901. Unclassified public record.",https://www.govinfo.gov/app/details/PPP-1996-book1/PPP-1996-book1-doc-pg901,https://www.govinfo.gov/content/pkg/PPP-1996-book1/pdf/PPP-1996-book1-doc-pg901.pdf
527,Copy-Ready Drafts,8,selection,1996-06-18,Source Lead,Transmittal Memorandum of Telephone Conversation with Russian Boris Yeltsin w/Attachment(s),NATO-Russia and Partnership,"Copy working source note, then verify markings, attachments, marginalia, and final placement.","Source: Department of State, FOIA Virtual Reading Room, Strobe Talbott FOIA release, Document C09000056. Confidential; Nodis.",https://foia.state.gov/DOCUMENTS/FOIA_L_Mar2025/FL-2017-13804/DOC_0C09000056/C09000056.pdf,https://foia.state.gov/DOCUMENTS/FOIA_L_Mar2025/FL-2017-13804/DOC_0C09000056/C09000056.pdf
528,Copy-Ready Drafts,8,selection,1996-07-03,Source Lead,Meeting with Polish President Kwasniewski,NATO-Russia and Partnership,"Copy working source note, then verify markings, attachments, marginalia, and final placement.","Source: Department of State, FOIA Virtual Reading Room, Strobe Talbott FOIA release, Document C09000079. Confidential.",https://foia.state.gov/DOCUMENTS/FOIA_L_Apr2023/FL-2017-13804/DOC_0C09000079/C09000079.pdf,https://foia.state.gov/DOCUMENTS/FOIA_L_Apr2023/FL-2017-13804/DOC_0C09000079/C09000079.pdf
529,Copy-Ready Drafts,8,selection,1996-07-09,Source Lead,"July 9, 1996 Note From Strobe To Chris",NATO-Russia and Partnership,"Copy working source note, then verify markings, attachments, marginalia, and final placement.","Source: Department of State, FOIA Virtual Reading Room, Strobe Talbott FOIA release, Document C09000074. Unclassified.",https://foia.state.gov/DOCUMENTS/FOIA_L_Apr2023/FL-2017-13804/DOC_0C09000074/C09000074.pdf,https://foia.state.gov/DOCUMENTS/FOIA_L_Apr2023/FL-2017-13804/DOC_0C09000074/C09000074.pdf
530,Copy-Ready Drafts,8,selection,1996-07-30,Source Lead,Supplemental Statement of Performance of Period Covered: 4/16/95 - 6/30/96,NATO-Russia and Partnership,"Copy working source note, then verify markings, attachments, marginalia, and final placement.","Source: Department of State, FOIA Virtual Reading Room, Strobe Talbott FOIA release, Document C09000063. Unclassified.",https://foia.state.gov/DOCUMENTS/FOIA_L_June2024/FL-2017-13804/DOC_0C09000063/C09000063.pdf,https://foia.state.gov/DOCUMENTS/FOIA_L_June2024/FL-2017-13804/DOC_0C09000063/C09000063.pdf
531,Copy-Ready Drafts,8,selection,1996-08-21,Source Lead,"August 21, 1996 Note From Strobe Talbott To Sandy W/Attachment(s)",European Security Architecture,"Copy working source note, then verify markings, attachments, marginalia, and final placement.","Source: Department of State, FOIA Virtual Reading Room, Strobe Talbott FOIA release, Document C09000016. Confidential.",https://foia.state.gov/DOCUMENTS/FOIA_L_July2022/FL-2017-13804/DOC_0C09000016/C09000016.pdf,https://foia.state.gov/DOCUMENTS/FOIA_L_July2022/FL-2017-13804/DOC_0C09000016/C09000016.pdf
532,Copy-Ready Drafts,8,selection,1996-10-13,Source Lead,A/S GATI TOUR D'HORIZON WITH DFM MAMEDOV,NATO-Russia and Partnership,"Copy working source note, then verify markings, attachments, marginalia, and final placement.","Source: Department of State, FOIA Virtual Reading Room, Strobe Talbott FOIA release, Document C09000065. Confidential; Nodis.",https://foia.state.gov/DOCUMENTS/FOIA_L_Mar2025/FL-2017-13804/DOC_0C09000065/C09000065.pdf,https://foia.state.gov/DOCUMENTS/FOIA_L_Mar2025/FL-2017-13804/DOC_0C09000065/C09000065.pdf
533,Copy-Ready Drafts,8,selection,1996-11-18,Source Lead,"November 18, 1996 Letter From Strobe Talbott To Javier Solana",European Security Architecture,"Copy working source note, then verify markings, attachments, marginalia, and final placement.","Source: Department of State, FOIA Virtual Reading Room, Strobe Talbott FOIA release, Document C09000027. Confidential.",https://foia.state.gov/DOCUMENTS/FOIA_L_May2022/FL-2017-13804/DOC_0C09000027/C09000027.pdf,https://foia.state.gov/DOCUMENTS/FOIA_L_May2022/FL-2017-13804/DOC_0C09000027/C09000027.pdf
534,Copy-Ready Drafts,8,selection,1996-12-04,Source Lead,"December 4, 1996 Note FROM STROBE TALBOTT, IN OSLO TO THE SECRETARY OF STATE - ALL COPIES TO THE SECRETARY",Crisis Security Files,"Copy working source note, then verify markings, attachments, marginalia, and final placement.","Source: Department of State, FOIA Virtual Reading Room, Strobe Talbott FOIA release, Document C09000030. Unclassified.",https://foia.state.gov/DOCUMENTS/FOIA_L_Apr2024/FL-2017-13804/DOC_0C09000030/C09000030.pdf,https://foia.state.gov/DOCUMENTS/FOIA_L_Apr2024/FL-2017-13804/DOC_0C09000030/C09000030.pdf
535,Copy-Ready Drafts,8,working draft ready,1996-12-16,Context,The President's News Conference With European Union Leaders,European Security Architecture,"Copy working source note, then verify markings, attachments, marginalia, and final placement.","Source: Government Publishing Office, GovInfo, Public Papers of the Presidents of the United States: William J. Clinton, PPP-1996-book2; PPP-1996-book2-doc-pg2211. Unclassified public record.",https://www.govinfo.gov/app/details/PPP-1996-book2/PPP-1996-book2-doc-pg2211,https://www.govinfo.gov/content/pkg/PPP-1996-book2/pdf/PPP-1996-book2-doc-pg2211.pdf
536,Copy-Ready Drafts,8,selection,1997-01-21,Source Lead,"January 21, 1997 Note From Strobe Talbott To Barbara Larkin",NATO-Russia and Partnership,"Copy working source note, then verify markings, attachments, marginalia, and final placement.","Source: Department of State, FOIA Virtual Reading Room, Strobe Talbott FOIA release, Document C09000069. Unclassified.",https://foia.state.gov/DOCUMENTS/FOIA_L_Jan2024/FL-2017-13804/DOC_0C09000069/C09000069.pdf,https://foia.state.gov/DOCUMENTS/FOIA_L_Jan2024/FL-2017-13804/DOC_0C09000069/C09000069.pdf
537,Copy-Ready Drafts,8,selection,1997-02-10,Source Lead,"Prep meeting for Albright/Primakov Ministerial NATO-Russia Interagency flying squad 4:30 p.m. February 10, 1997",NATO-Russia and Partnership,"Copy working source note, then verify markings, attachments, marginalia, and final placement.","Source: Department of State, FOIA Virtual Reading Room, Strobe Talbott FOIA release, Document C09000109. Unclassified.",https://foia.state.gov/DOCUMENTS/FOIA_L_Feb2024/FL-2017-13804/DOC_0C09000109/C09000109.pdf,https://foia.state.gov/DOCUMENTS/FOIA_L_Feb2024/FL-2017-13804/DOC_0C09000109/C09000109.pdf
538,Copy-Ready Drafts,8,selection,1997-03-08,Source Lead,"March 8, 1997 Note From Strobe Talbott To Barbara Larkin",NATO-Russia and Partnership,"Copy working source note, then verify markings, attachments, marginalia, and final placement.","Source: Department of State, FOIA Virtual Reading Room, Strobe Talbott FOIA release, Document C09000096. Unclassified.",https://foia.state.gov/DOCUMENTS/FOIA_L_Feb2024/FL-2017-13804/DOC_0C09000096/C09000096.pdf,https://foia.state.gov/DOCUMENTS/FOIA_L_Feb2024/FL-2017-13804/DOC_0C09000096/C09000096.pdf
539,Copy-Ready Drafts,8,selection,1997-03-19,Source Lead,"March 19, 1997 Note From Strobe Talbott To Jeremy Rosner w/Attachment(s)",NATO-Russia and Partnership,"Copy working source note, then verify markings, attachments, marginalia, and final placement.","Source: Department of State, FOIA Virtual Reading Room, Strobe Talbott FOIA release, Document C09000097. Unclassified.",https://foia.state.gov/DOCUMENTS/FOIA_L_Feb2024/FL-2017-13804/DOC_0C09000097/C09000097.pdf,https://foia.state.gov/DOCUMENTS/FOIA_L_Feb2024/FL-2017-13804/DOC_0C09000097/C09000097.pdf
540,Copy-Ready Drafts,8,selection,1997-03-21,Source Lead,JOINT STATEMENT ON U.S.-RUSSIA ECONOMIC INITIATIVE,NATO-Russia and Partnership,"Copy working source note, then verify markings, attachments, marginalia, and final placement.","Source: Department of State, FOIA Virtual Reading Room, Strobe Talbott FOIA release, Document C09000013. Unclassified.",https://foia.state.gov/DOCUMENTS/FOIA_L_July2024/FL-2017-13804/DOC_0C09000013/C09000013.pdf,https://foia.state.gov/DOCUMENTS/FOIA_L_July2024/FL-2017-13804/DOC_0C09000013/C09000013.pdf
541,Copy-Ready Drafts,8,working draft ready,1997-03-26,Context,Remarks Prior to Discussions With President Alija Izetbegovic of Bosnia-Herzegovina and an Exchange With Reporters,Crisis Security Files,"Copy working source note, then verify markings, attachments, marginalia, and final placement.","Source: Government Publishing Office, GovInfo, Public Papers of the Presidents of the United States: William J. Clinton, PPP-1997-book1; PPP-1997-book1-doc-pg350. Unclassified public record.",https://www.govinfo.gov/app/details/PPP-1997-book1/PPP-1997-book1-doc-pg350,https://www.govinfo.gov/content/pkg/PPP-1997-book1/pdf/PPP-1997-book1-doc-pg350.pdf
542,Copy-Ready Drafts,8,working draft ready,1997-05-14,Context,Remarks on the NATO-Russia Founding Act and an Exchange With Reporters,NATO-Russia and Partnership,"Copy working source note, then verify markings, attachments, marginalia, and final placement.","Source: Government Publishing Office, GovInfo, Public Papers of the Presidents of the United States: William J. Clinton, PPP-1997-book1; PPP-1997-book1-doc-pg598. Unclassified public record.",https://www.govinfo.gov/app/details/PPP-1997-book1/PPP-1997-book1-doc-pg598,https://www.govinfo.gov/content/pkg/PPP-1997-book1/pdf/PPP-1997-book1-doc-pg598.pdf
543,Copy-Ready Drafts,8,working draft ready,1997-05-19,Context,Remarks Prior to Discussions With NATO Secretary General Javier Solana and an Exchange With Reporters,European Security Architecture,"Copy working source note, then verify markings, attachments, marginalia, and final placement.","Source: Government Publishing Office, GovInfo, Public Papers of the Presidents of the United States: William J. Clinton, PPP-1997-book1; PPP-1997-book1-doc-pg618. Unclassified public record.",https://www.govinfo.gov/app/details/PPP-1997-book1/PPP-1997-book1-doc-pg618,https://www.govinfo.gov/content/pkg/PPP-1997-book1/pdf/PPP-1997-book1-doc-pg618.pdf
544,Copy-Ready Drafts,8,working draft ready,1997-05-27,Context,"Remarks at the Signing Ceremony for the NATO-Russia Founding Act in Paris, France",NATO-Russia and Partnership,"Copy working source note, then verify markings, attachments, marginalia, and final placement.","Source: Government Publishing Office, GovInfo, Public Papers of the Presidents of the United States: William J. Clinton, PPP-1997-book1; PPP-1997-book1-doc-pg657. Unclassified public record.",https://www.govinfo.gov/app/details/PPP-1997-book1/PPP-1997-book1-doc-pg657,https://www.govinfo.gov/content/pkg/PPP-1997-book1/pdf/PPP-1997-book1-doc-pg657.pdf
545,Copy-Ready Drafts,8,working draft ready,1997-05-28,Context,"The President's News Conference With European Union Leaders in The Hague, The Netherlands",European Security Architecture,"Copy working source note, then verify markings, attachments, marginalia, and final placement.","Source: Government Publishing Office, GovInfo, Public Papers of the Presidents of the United States: William J. Clinton, PPP-1997-book1; PPP-1997-book1-doc-pg659-2. Unclassified public record.",https://www.govinfo.gov/app/details/PPP-1997-book1/PPP-1997-book1-doc-pg659-2,https://www.govinfo.gov/content/pkg/PPP-1997-book1/pdf/PPP-1997-book1-doc-pg659-2.pdf
546,Copy-Ready Drafts,8,selection,1997-06-19,Source Lead,"MEMCON OF SECRETARY ALBRIGHT/RUSSIAN FOREIGN MINISTER PRIMAKOV DINNER AT THE G-8 DENVER SUMMIT, BUCKHORN EXCHANGE, JUNE 19, 1997",NATO-Russia and Partnership,"Copy working source note, then verify markings, attachments, marginalia, and final placement.","Source: Department of State, FOIA Virtual Reading Room, Strobe Talbott FOIA release, Document C09000046. Confidential.",https://foia.state.gov/DOCUMENTS/FOIA_L_Oct2024/FL-2017-13804/DOC_0C09000046/C09000046.pdf,https://foia.state.gov/DOCUMENTS/FOIA_L_Oct2024/FL-2017-13804/DOC_0C09000046/C09000046.pdf
547,Copy-Ready Drafts,8,working draft ready,1997-07-03,Context,Presidential Daily Diary reference: pre-Madrid conference call with Helmut Kohl,NATO Strategy and Enlargement,Use as context citation only; chase substantive record before selection.,"Source: National Archives and Records Administration, National Archives Catalog, Clinton Presidential Records, Presidential Daily Diary, Ellen McCathran Files, Release LPWJC 2013-0549-F, [07/01/1997-07/31/1997], NAID 147870887, Unclassified diary record. Source pages: page 8.",https://catalog.archives.gov/id/147870887,https://s3.amazonaws.com/NARAprodstorage/lz/presidential-libraries/clinton/foia/2013/2013-0549-F/42-t-101784486-20130549F-007-017-2018.pdf
548,Copy-Ready Drafts,8,working draft ready,1997-07-03,Context,Remarks at a NATO Summit Sendoff by American Veterans,European Security Architecture,"Copy working source note, then verify markings, attachments, marginalia, and final placement.","Source: Government Publishing Office, GovInfo, Public Papers of the Presidents of the United States: William J. Clinton, PPP-1997-book2; PPP-1997-book2-doc-pg912. Unclassified public record.",https://www.govinfo.gov/app/details/PPP-1997-book2/PPP-1997-book2-doc-pg912,https://www.govinfo.gov/content/pkg/PPP-1997-book2/pdf/PPP-1997-book2-doc-pg912.pdf
549,Copy-Ready Drafts,8,working draft ready,1997-07-09,Context,Remarks at the Signing Ceremony for the NATO-Ukraine Charter in Madrid,European Security Architecture,"Copy working source note, then verify markings, attachments, marginalia, and final placement.","Source: Government Publishing Office, GovInfo, Public Papers of the Presidents of the United States: William J. Clinton, PPP-1997-book2; PPP-1997-book2-doc-pg927. Unclassified public record.",https://www.govinfo.gov/app/details/PPP-1997-book2/PPP-1997-book2-doc-pg927,https://www.govinfo.gov/content/pkg/PPP-1997-book2/pdf/PPP-1997-book2-doc-pg927.pdf
550,Copy-Ready Drafts,8,working draft ready,1997-07-10,Context,Remarks at a Dinner Hosted by President Aleksander Kwasniewski of Poland in Warsaw,NATO Strategy and Enlargement,"Copy working source note, then verify markings, attachments, marginalia, and final placement.","Source: Government Publishing Office, GovInfo, Public Papers of the Presidents of the United States: William J. Clinton, PPP-1997-book2; PPP-1997-book2-doc-pg941. Unclassified public record.",https://www.govinfo.gov/app/details/PPP-1997-book2/PPP-1997-book2-doc-pg941,https://www.govinfo.gov/content/pkg/PPP-1997-book2/pdf/PPP-1997-book2-doc-pg941.pdf
551,Copy-Ready Drafts,8,selection,1997-07-21,Source Lead,"July 21, 1997 Note From Strobe Talbott To Ron Asmus w/Attachment(s)",NATO-Russia and Partnership,"Copy working source note, then verify markings, attachments, marginalia, and final placement.","Source: Department of State, FOIA Virtual Reading Room, Strobe Talbott FOIA release, Document C09000095. Unclassified.",https://foia.state.gov/DOCUMENTS/FOIA_L_Jan2024/FL-2017-13804/DOC_0C09000095/C09000095.pdf,https://foia.state.gov/DOCUMENTS/FOIA_L_Jan2024/FL-2017-13804/DOC_0C09000095/C09000095.pdf
552,Copy-Ready Drafts,8,selection,1997-07-27,Source Lead,"July 27, 1997 Note From Strobe Talbott To Jeremy Rosner w/Attachment(s)",NATO Strategy and Enlargement,"Copy working source note, then verify markings, attachments, marginalia, and final placement.","Source: Department of State, FOIA Virtual Reading Room, Strobe Talbott FOIA release, Document C09000089. Unclassified.",https://foia.state.gov/DOCUMENTS/FOIA_L_Jan2024/FL-2017-13804/DOC_0C09000089/C09000089.pdf,https://foia.state.gov/DOCUMENTS/FOIA_L_Jan2024/FL-2017-13804/DOC_0C09000089/C09000089.pdf
553,Copy-Ready Drafts,8,selection,1997-08-12,Source Lead,Using Hashimoto's speech.,NATO-Russia and Partnership,"Copy working source note, then verify markings, attachments, marginalia, and final placement.","Source: Department of State, FOIA Virtual Reading Room, Strobe Talbott FOIA release, Document C09000007. Unclassified.",https://foia.state.gov/DOCUMENTS/FOIA_L_Sep2022/FL-2017-13804/DOC_0C09000007/C09000007.pdf,https://foia.state.gov/DOCUMENTS/FOIA_L_Sep2022/FL-2017-13804/DOC_0C09000007/C09000007.pdf
554,Copy-Ready Drafts,8,selection,1997-10-17,Source Lead,"October 17, 1997 Letter From Strobe Talbott To Lina Sarello w/Attachment(s)",European Security Architecture,"Copy working source note, then verify markings, attachments, marginalia, and final placement.","Source: Department of State, FOIA Virtual Reading Room, Strobe Talbott FOIA release, Document C09000052. Unclassified.",https://foia.state.gov/DOCUMENTS/FOIA_L_Jan2024/FL-2017-13804/DOC_0C09000052/C09000052.pdf,https://foia.state.gov/DOCUMENTS/FOIA_L_Jan2024/FL-2017-13804/DOC_0C09000052/C09000052.pdf
555,Copy-Ready Drafts,8,selection,1997-10-17,Source Lead,"October 17, 2017 Letter From Strobe Talbott To Barbara Angrisano",European Security Architecture,"Copy working source note, then verify markings, attachments, marginalia, and final placement.","Source: Department of State, FOIA Virtual Reading Room, Strobe Talbott FOIA release, Document C09000051. Unclassified.",https://foia.state.gov/DOCUMENTS/FOIA_L_Jan2024/FL-2017-13804/DOC_0C09000051/C09000051.pdf,https://foia.state.gov/DOCUMENTS/FOIA_L_Jan2024/FL-2017-13804/DOC_0C09000051/C09000051.pdf
556,Copy-Ready Drafts,8,working draft ready,1997-12-05,Context,Remarks Prior to Discussions With European Union Leaders and an Exchange With Reporters,European Security Architecture,"Copy working source note, then verify markings, attachments, marginalia, and final placement.","Source: Government Publishing Office, GovInfo, Public Papers of the Presidents of the United States: William J. Clinton, PPP-1997-book2; PPP-1997-book2-doc-pg1718-3. Unclassified public record.",https://www.govinfo.gov/app/details/PPP-1997-book2/PPP-1997-book2-doc-pg1718-3,https://www.govinfo.gov/content/pkg/PPP-1997-book2/pdf/PPP-1997-book2-doc-pg1718-3.pdf
557,Copy-Ready Drafts,8,working draft ready,1997-12-22,Context,"Remarks to the Troops in Tuzla, Bosnia-Herzegovina",Crisis Security Files,"Copy working source note, then verify markings, attachments, marginalia, and final placement.","Source: Government Publishing Office, GovInfo, Public Papers of the Presidents of the United States: William J. Clinton, PPP-1997-book2; PPP-1997-book2-doc-pg1817. Unclassified public record.",https://www.govinfo.gov/app/details/PPP-1997-book2/PPP-1997-book2-doc-pg1817,https://www.govinfo.gov/content/pkg/PPP-1997-book2/pdf/PPP-1997-book2-doc-pg1817.pdf
558,Copy-Ready Drafts,8,selection,1998-01-20,Source Lead,RUSSIA-IRAN MISSILES: NEXT STEPS,NATO-Russia and Partnership,"Copy working source note, then verify markings, attachments, marginalia, and final placement.","Source: Department of State, FOIA Virtual Reading Room, Strobe Talbott FOIA release, Document C09000035. Secret; Nodis.",https://foia.state.gov/DOCUMENTS/FOIA_L_Mar2025/FL-2017-13804/DOC_0C09000035/C09000035.pdf,https://foia.state.gov/DOCUMENTS/FOIA_L_Mar2025/FL-2017-13804/DOC_0C09000035/C09000035.pdf
559,Copy-Ready Drafts,8,selection,1998-01-22,Source Lead,Chernomyrdin Increases Controls on Mass-Destruction Weapons w/Attachment(s),NATO-Russia and Partnership,"Copy working source note, then verify markings, attachments, marginalia, and final placement.","Source: Department of State, FOIA Virtual Reading Room, Strobe Talbott FOIA release, Document C09000037. Unclassified.",https://foia.state.gov/DOCUMENTS/FOIA_L_Mar2025/FL-2017-13804/DOC_0C09000037/C09000037.pdf,https://foia.state.gov/DOCUMENTS/FOIA_L_Mar2025/FL-2017-13804/DOC_0C09000037/C09000037.pdf
560,Copy-Ready Drafts,8,working draft ready,1998-02-11,Context,"Message to the Senate Transmitting the Protocols of Accession to NATO for Poland, Hungary, and the Czech Republic",European Security Architecture,"Copy working source note, then verify markings, attachments, marginalia, and final placement.","Source: Government Publishing Office, GovInfo, Public Papers of the Presidents of the United States: William J. Clinton, PPP-1998-book1; PPP-1998-book1-doc-pg208. Unclassified public record.",https://www.govinfo.gov/app/details/PPP-1998-book1/PPP-1998-book1-doc-pg208,https://www.govinfo.gov/content/pkg/PPP-1998-book1/pdf/PPP-1998-book1-doc-pg208.pdf
561,Copy-Ready Drafts,8,working draft ready,1998-02-11,Context,"Remarks on Signing the Transmittal to the Senate of the Protocols of Accession to NATO for Poland, Hungary, and the Czech Republic",European Security Architecture,"Copy working source note, then verify markings, attachments, marginalia, and final placement.","Source: Government Publishing Office, GovInfo, Public Papers of the Presidents of the United States: William J. Clinton, PPP-1998-book1; PPP-1998-book1-doc-pg206. Unclassified public record.",https://www.govinfo.gov/app/details/PPP-1998-book1/PPP-1998-book1-doc-pg206,https://www.govinfo.gov/content/pkg/PPP-1998-book1/pdf/PPP-1998-book1-doc-pg206.pdf
562,Copy-Ready Drafts,8,working draft ready,1998-03-03,Context,Statement on Senate Support for NATO Enlargement,European Security Architecture,"Copy working source note, then verify markings, attachments, marginalia, and final placement.","Source: Government Publishing Office, GovInfo, Public Papers of the Presidents of the United States: William J. Clinton, PPP-1998-book1; PPP-1998-book1-doc-pg319. Unclassified public record.",https://www.govinfo.gov/app/details/PPP-1998-book1/PPP-1998-book1-doc-pg319,https://www.govinfo.gov/content/pkg/PPP-1998-book1/pdf/PPP-1998-book1-doc-pg319.pdf
563,Copy-Ready Drafts,8,selection,1998-03-12,Source Lead,"March 12, 1998 Letter From Strobe Talbott To Nuzhet Kandemir w/Attachment(s)",European Security Architecture,"Copy working source note, then verify markings, attachments, marginalia, and final placement.","Source: Department of State, FOIA Virtual Reading Room, Strobe Talbott FOIA release, Document C09000091. Unclassified.",https://foia.state.gov/DOCUMENTS/FOIA_L_Oct2023/FL-2017-13804/DOC_0C09000091/C09000091.pdf,https://foia.state.gov/DOCUMENTS/FOIA_L_Oct2023/FL-2017-13804/DOC_0C09000091/C09000091.pdf
564,Copy-Ready Drafts,8,working draft ready,1998-03-25,Context,Presidential Daily Diary reference: NATO enlargement ratification briefing and remarks,NATO Strategy and Enlargement,Use as context citation only; chase substantive record before selection.,"Source: National Archives and Records Administration, National Archives Catalog, Clinton Presidential Records, Presidential Daily Diary, Ellen McCathran Files, Release LPWJC 2013-0549-F, [03/15/1998-03/31/1998], NAID 147870909, Unclassified diary record. Source pages: pages 52-53.",https://catalog.archives.gov/id/147870909,https://s3.amazonaws.com/NARAprodstorage/lz/presidential-libraries/clinton/foia/2013/2013-0549-F/42-t-101784486-20130549F-008-011-2018.pdf
565,Copy-Ready Drafts,8,selection,1998-03-25,Source Lead,"March 25, 1998 Letter From Strobe Talbott To James Rosappe",Crisis Security Files,"Copy working source note, then verify markings, attachments, marginalia, and final placement.","Source: Department of State, FOIA Virtual Reading Room, Strobe Talbott FOIA release, Document C09000117. Unclassified.",https://foia.state.gov/DOCUMENTS/FOIA_L_Oct2023/FL-2017-13804/DOC_0C09000117/C09000117.pdf,https://foia.state.gov/DOCUMENTS/FOIA_L_Oct2023/FL-2017-13804/DOC_0C09000117/C09000117.pdf
566,Copy-Ready Drafts,8,selection,1998-03-25,Source Lead,"March 25, 1998 Letter From Strobe Talbott To Paul Reid",Crisis Security Files,"Copy working source note, then verify markings, attachments, marginalia, and final placement.","Source: Department of State, FOIA Virtual Reading Room, Strobe Talbott FOIA release, Document C09000122. Unclassified.",https://foia.state.gov/DOCUMENTS/FOIA_L_Oct2023/FL-2017-13804/DOC_0C09000122/C09000122.pdf,https://foia.state.gov/DOCUMENTS/FOIA_L_Oct2023/FL-2017-13804/DOC_0C09000122/C09000122.pdf
567,Copy-Ready Drafts,8,working draft ready,1998-04-30,Context,Presidential Daily Diary reference: bipartisan support meeting for NATO enlargement,NATO Strategy and Enlargement,Use as context citation only; chase substantive record before selection.,"Source: National Archives and Records Administration, National Archives Catalog, Clinton Presidential Records, Presidential Daily Diary, Ellen McCathran Files, Release LPWJC 2013-0549-F, [04/15/1998-04/30/1998], NAID 147870913, Unclassified diary record. Source pages: page 81.",https://catalog.archives.gov/id/147870913,https://s3.amazonaws.com/NARAprodstorage/lz/presidential-libraries/clinton/foia/2013/2013-0549-F/42-t-101784486-20130549F-009-002-2018.pdf
568,Copy-Ready Drafts,8,working draft ready,1998-04-30,Context,"Statement on Senate Ratification of the Protocols of Accession to NATO for Poland, Hungary, and the Czech Republic",European Security Architecture,"Copy working source note, then verify markings, attachments, marginalia, and final placement.","Source: Government Publishing Office, GovInfo, Public Papers of the Presidents of the United States: William J. Clinton, PPP-1998-book1; PPP-1998-book1-doc-pg653. Unclassified public record.",https://www.govinfo.gov/app/details/PPP-1998-book1/PPP-1998-book1-doc-pg653,https://www.govinfo.gov/content/pkg/PPP-1998-book1/pdf/PPP-1998-book1-doc-pg653.pdf
569,Copy-Ready Drafts,8,selection,1998-05-05,Source Lead,Meeting with Prime Minister Romano Prodi w/Attachment(s),NATO Strategy and Enlargement,"Copy working source note, then verify markings, attachments, marginalia, and final placement.","Source: Department of State, FOIA Virtual Reading Room, Strobe Talbott FOIA release, Document C09000053. Unclassified.",https://foia.state.gov/DOCUMENTS/FOIA_L_Mar2023/FL-2017-13804/DOC_0C09000053/C09000053.pdf,https://foia.state.gov/DOCUMENTS/FOIA_L_Mar2023/FL-2017-13804/DOC_0C09000053/C09000053.pdf
570,Copy-Ready Drafts,8,working draft ready,1998-05-08,Context,Presidential Daily Diary reference: calls with Javier Solana and Vaclav Havel,NATO Strategy and Enlargement,Use as context citation only; chase substantive record before selection.,"Source: National Archives and Records Administration, National Archives Catalog, Clinton Presidential Records, Presidential Daily Diary, Ellen McCathran Files, Release LPWJC 2013-0549-F, [05/01/1998-05/15/1998], NAID 147870915, Unclassified diary record. Source pages: pages 11 and 13.",https://catalog.archives.gov/id/147870915,https://s3.amazonaws.com/NARAprodstorage/lz/presidential-libraries/clinton/foia/2013/2013-0549-F/42-t-101784486-20130549F-009-003-2018.pdf
571,Copy-Ready Drafts,8,working draft ready,1998-05-12,Context,Presidential Daily Diary reference: NATO accession ratification ceremony,NATO Strategy and Enlargement,Use as context citation only; chase substantive record before selection.,"Source: National Archives and Records Administration, National Archives Catalog, Clinton Presidential Records, Presidential Daily Diary, Ellen McCathran Files, Release LPWJC 2010-0083-F, [Ellen McCathran - Presidential Daily Diary - Hardcopy 5/3/98; 5/21/98; 5/22/98; 5/24/98; 6/3/98; 6/11/98; 6/21/98], NAID 17368188, Unclassified diary record. Source pages: pages 12-13.",https://catalog.archives.gov/id/17368188,https://s3.amazonaws.com/NARAprodstorage/opastorage/live/88/3681/17368188/content/presidential-libraries/clinton/foia/2010-0083-F/2010-0083-F-PDF/Box_002/42-t-7262157-20100083F-002-006-2015.pdf
572,Copy-Ready Drafts,8,working draft ready,1998-05-18,Context,"The President's News Conference With European Union Leaders in London, United Kingdom",European Security Architecture,"Copy working source note, then verify markings, attachments, marginalia, and final placement.","Source: Government Publishing Office, GovInfo, Public Papers of the Presidents of the United States: William J. Clinton, PPP-1998-book1; PPP-1998-book1-doc-pg791. Unclassified public record.",https://www.govinfo.gov/app/details/PPP-1998-book1/PPP-1998-book1-doc-pg791,https://www.govinfo.gov/content/pkg/PPP-1998-book1/pdf/PPP-1998-book1-doc-pg791.pdf
573,Copy-Ready Drafts,8,selection,1998-05-20,Source Lead,"MEMORANDUM OF CONVERSATION BETWEEN PREISDENT CLINTON AND THE PRESIDENT OF RUSSIA BORIS YELTSIN ON 5/12/1998, S/S#9808780 w/Attached Cover Sheet",NATO-Russia and Partnership,"Copy working source note, then verify markings, attachments, marginalia, and final placement.","Source: Department of State, FOIA Virtual Reading Room, Strobe Talbott FOIA release, Document C09000006. Unclassified; Nodis; Eyes Only.",https://foia.state.gov/DOCUMENTS/FOIA_L_Mar2023/FL-2017-13804/DOC_0C09000006/C09000006.pdf,https://foia.state.gov/DOCUMENTS/FOIA_L_Mar2023/FL-2017-13804/DOC_0C09000006/C09000006.pdf
574,Copy-Ready Drafts,8,working draft ready,1998-05-21,Context,"Message to the Congress Reporting a Certification Required by the Ratification Resolution for the Protocols of Accession to NATO for Poland, Hungary, and the Czech Republic",European Security Architecture,"Copy working source note, then verify markings, attachments, marginalia, and final placement.","Source: Government Publishing Office, GovInfo, Public Papers of the Presidents of the United States: William J. Clinton, PPP-1998-book1; PPP-1998-book1-doc-pg820-2. Unclassified public record.",https://www.govinfo.gov/app/details/PPP-1998-book1/PPP-1998-book1-doc-pg820-2,https://www.govinfo.gov/content/pkg/PPP-1998-book1/pdf/PPP-1998-book1-doc-pg820-2.pdf
575,Copy-Ready Drafts,8,working draft ready,1998-05-21,Context,"Message to the Congress Reporting Certifications Required by the Ratification Resolution for the Protocols of Accession to NATO for Poland, Hungary, and the Czech Republic",European Security Architecture,"Copy working source note, then verify markings, attachments, marginalia, and final placement.","Source: Government Publishing Office, GovInfo, Public Papers of the Presidents of the United States: William J. Clinton, PPP-1998-book1; PPP-1998-book1-doc-pg821. Unclassified public record.",https://www.govinfo.gov/app/details/PPP-1998-book1/PPP-1998-book1-doc-pg821,https://www.govinfo.gov/content/pkg/PPP-1998-book1/pdf/PPP-1998-book1-doc-pg821.pdf
576,Copy-Ready Drafts,8,working draft ready,1998-05-21,Context,"Message to the Senate on Ratification of the Protocols of Accession to NATO for Poland, Hungary, and the Czech Republic",European Security Architecture,"Copy working source note, then verify markings, attachments, marginalia, and final placement.","Source: Government Publishing Office, GovInfo, Public Papers of the Presidents of the United States: William J. Clinton, PPP-1998-book1; PPP-1998-book1-doc-pg820. Unclassified public record.",https://www.govinfo.gov/app/details/PPP-1998-book1/PPP-1998-book1-doc-pg820,https://www.govinfo.gov/content/pkg/PPP-1998-book1/pdf/PPP-1998-book1-doc-pg820.pdf
577,Copy-Ready Drafts,8,working draft ready,1998-05-21,Context,"Remarks on Senate Ratification of the Protocols of Accession to NATO for Poland, Hungary, and the Czech Republic",European Security Architecture,"Copy working source note, then verify markings, attachments, marginalia, and final placement.","Source: Government Publishing Office, GovInfo, Public Papers of the Presidents of the United States: William J. Clinton, PPP-1998-book1; PPP-1998-book1-doc-pg817-2. Unclassified public record.",https://www.govinfo.gov/app/details/PPP-1998-book1/PPP-1998-book1-doc-pg817-2,https://www.govinfo.gov/content/pkg/PPP-1998-book1/pdf/PPP-1998-book1-doc-pg817-2.pdf
578,Copy-Ready Drafts,8,working draft ready,1998-05-29,Context,Presidential Daily Diary reference: Kosovo meeting with Ibrahim Rugova and Dayton implementation briefing,Crisis Security Files,Use as context citation only; chase substantive record before selection.,"Source: National Archives and Records Administration, National Archives Catalog, Clinton Presidential Records, Presidential Daily Diary, Ellen McCathran Files, Release LPWJC 2013-0549-F, [05/16/1998-05/31/1998], NAID 147870917, Unclassified diary record. Source pages: pages 54-55.",https://catalog.archives.gov/id/147870917,https://s3.amazonaws.com/NARAprodstorage/lz/presidential-libraries/clinton/foia/2013/2013-0549-F/42-t-101784486-20130549F-009-004-2018.pdf
579,Copy-Ready Drafts,8,working draft ready,1998-06-15,Context,Presidential Daily Diary reference: meeting and conference call with Boris Yeltsin,Crisis Security Files,Use as context citation only; chase substantive record before selection.,"Source: National Archives and Records Administration, National Archives Catalog, Clinton Presidential Records, Presidential Daily Diary, Ellen McCathran Files, Release LPWJC 2013-0549-F, [06/01/1998-06/15/1998], NAID 147870919, Unclassified diary record. Source pages: pages 101-103.",https://catalog.archives.gov/id/147870919,https://s3.amazonaws.com/NARAprodstorage/lz/presidential-libraries/clinton/foia/2013/2013-0549-F/42-t-101784486-20130549F-009-005-2018.pdf
580,Copy-Ready Drafts,8,selection,1998-08-23,Source Lead,"August 23, 1998 Note From Strobe Talbott To Ms. Shocas",NATO-Russia and Partnership,"Copy working source note, then verify markings, attachments, marginalia, and final placement.","Source: Department of State, FOIA Virtual Reading Room, Strobe Talbott FOIA release, Document C09000088. Unclassified.",https://foia.state.gov/DOCUMENTS/FOIA_L_Sep2023/FL-2017-13804/DOC_0C09000088/C09000088.pdf,https://foia.state.gov/DOCUMENTS/FOIA_L_Sep2023/FL-2017-13804/DOC_0C09000088/C09000088.pdf
581,Copy-Ready Drafts,8,working draft ready,1998-09-02,Context,Presidential Daily Diary reference: Moscow meeting with Yeltsin and common-security signing,NATO-Russia and Partnership,Use as context citation only; chase substantive record before selection.,"Source: National Archives and Records Administration, National Archives Catalog, Clinton Presidential Records, Presidential Daily Diary, Ellen McCathran Files, Release LPWJC 2010-0083-F, [Ellen McCathran - Presidential Daily Diary - Hardcopy 7/7/98; 7/17/98; 7/19/98; 7/29/98; 8/1/98; 8/3/98; 8/21/98; 8/30/98; 9/2/98; 9/15/98; 9/18/98; 9/26/98], NAID 17368189, Unclassified diary record. Source pages: pages 57-58.",https://catalog.archives.gov/id/17368189,https://s3.amazonaws.com/NARAprodstorage/opastorage/live/89/3681/17368189/content/presidential-libraries/clinton/foia/2010-0083-F/2010-0083-F-PDF/Box_002/42-t-7262157-20100083F-002-007-2015.pdf
582,Copy-Ready Drafts,8,working draft ready,1998-09-02,Context,Joint Statement on the Situation in Kosovo,Crisis Security Files,"Copy working source note, then verify markings, attachments, marginalia, and final placement.","Source: Government Publishing Office, GovInfo, Public Papers of the Presidents of the United States: William J. Clinton, PPP-1998-book2; PPP-1998-book2-doc-pg1501. Unclassified public record.",https://www.govinfo.gov/app/details/PPP-1998-book2/PPP-1998-book2-doc-pg1501,https://www.govinfo.gov/content/pkg/PPP-1998-book2/pdf/PPP-1998-book2-doc-pg1501.pdf
583,Copy-Ready Drafts,8,selection,1998-09-18,Source Lead,"OFFICIAL INFORMAL: DEPUTY SECRETARY AND AMB. HILL ""TOUR THE TABLE"" WITH THE NAC ON KOSOVO ISSUES FROM A POLITICAL SETTLEMENT TO UN MANDATE",Crisis Security Files,"Copy working source note, then verify markings, attachments, marginalia, and final placement.","Source: Department of State, FOIA Virtual Reading Room, Strobe Talbott FOIA release, Document C09000059. Confidential.",https://foia.state.gov/DOCUMENTS/FOIA_L_July2022/FL-2017-13804/DOC_0C09000059/C09000059.pdf,https://foia.state.gov/DOCUMENTS/FOIA_L_July2022/FL-2017-13804/DOC_0C09000059/C09000059.pdf
584,Copy-Ready Drafts,8,working draft ready,1998-09-18,Context,Presidential Daily Diary reference: Kosovo meeting with Robert Dole,Crisis Security Files,Use as context citation only; chase substantive record before selection.,"Source: National Archives and Records Administration, National Archives Catalog, Clinton Presidential Records, Presidential Daily Diary, Ellen McCathran Files, Release LPWJC 2010-0083-F, [Ellen McCathran - Presidential Daily Diary - Hardcopy 7/7/98; 7/17/98; 7/19/98; 7/29/98; 8/1/98; 8/3/98; 8/21/98; 8/30/98; 9/2/98; 9/15/98; 9/18/98; 9/26/98], NAID 17368189, Unclassified diary record. Source pages: page 80.",https://catalog.archives.gov/id/17368189,https://s3.amazonaws.com/NARAprodstorage/opastorage/live/89/3681/17368189/content/presidential-libraries/clinton/foia/2010-0083-F/2010-0083-F-PDF/Box_002/42-t-7262157-20100083F-002-007-2015.pdf
585,Copy-Ready Drafts,8,selection,1998-09-29,Source Lead,Memorandum of Conversation between the President and Russian Foreign Minister Igor Ivanov w/Attachment(s),NATO-Russia and Partnership,"Copy working source note, then verify markings, attachments, marginalia, and final placement.","Source: Department of State, FOIA Virtual Reading Room, Strobe Talbott FOIA release, Document C09000014. Confidential; Nodis.",https://foia.state.gov/DOCUMENTS/FOIA_L_Mar2025/FL-2017-13804/DOC_0C09000014/C09000014.pdf,https://foia.state.gov/DOCUMENTS/FOIA_L_Mar2025/FL-2017-13804/DOC_0C09000014/C09000014.pdf
586,Copy-Ready Drafts,8,working draft ready,1998-12-18,Context,United States-European Union Joint Statement on Cooperation in the Western Balkans,Crisis Security Files,"Copy working source note, then verify markings, attachments, marginalia, and final placement.","Source: Government Publishing Office, GovInfo, Public Papers of the Presidents of the United States: William J. Clinton, PPP-1998-book2; PPP-1998-book2-doc-pg2191. Unclassified public record.",https://www.govinfo.gov/app/details/PPP-1998-book2/PPP-1998-book2-doc-pg2191,https://www.govinfo.gov/content/pkg/PPP-1998-book2/pdf/PPP-1998-book2-doc-pg2191.pdf
587,Copy-Ready Drafts,8,selection,1998-12-21,Source Lead,"December 21, 1998 Letter From Strobe Talbott To Bronislaw Geremek",European Security Architecture,"Copy working source note, then verify markings, attachments, marginalia, and final placement.","Source: Department of State, FOIA Virtual Reading Room, Strobe Talbott FOIA release, Document C09000050. Unclassified.",https://foia.state.gov/DOCUMENTS/FOIA_L_Dec2023/FL-2017-13804/DOC_0C09000050/C09000050.pdf,https://foia.state.gov/DOCUMENTS/FOIA_L_Dec2023/FL-2017-13804/DOC_0C09000050/C09000050.pdf
588,Copy-Ready Drafts,8,selection,1999-01-01,Scout Lead,"Lithuania - Meeting with Amabassador Stasys Sakalauskas, October 4, 1999",Crisis Security Files,"Copy working source note, then verify markings, attachments, marginalia, and final placement.","Source: National Archives and Records Administration, National Archives Catalog, Records of the National Security Council European Affairs Office (Clinton Administration), Antony Blinken's Files, Lithuania - Meeting with Amabassador Stasys Sakalauskas, October 4, 1999, NAID 23902169.",https://catalog.archives.gov/id/23902169,https://s3.amazonaws.com/NARAprodstorage/opastorage/live/69/9021/23902169/content/presidential-libraries/clinton/foia/2011-1038-F/2011-1038-F-JPG/Box_002/42-t-7585471-20111038F-002-018-2015/42_t_7585471_20111038F_002_018_2015_Page_001.JPG
589,Copy-Ready Drafts,8,selection,1999-03-09,Source Lead,SECRETARY'S MARCH 8 CONVERSATION WITH RUSSIAN FM IVANOV,NATO-Russia and Partnership,"Copy working source note, then verify markings, attachments, marginalia, and final placement.","Source: Department of State, FOIA Virtual Reading Room, Strobe Talbott FOIA release, Document C09000024. Unclassified; Nodis; Eyes Only.",https://foia.state.gov/DOCUMENTS/FOIA_L_Mar2025/FL-2017-13804/DOC_0C09000024/C09000024.pdf,https://foia.state.gov/DOCUMENTS/FOIA_L_Mar2025/FL-2017-13804/DOC_0C09000024/C09000024.pdf
590,Copy-Ready Drafts,8,working draft ready,1999-03-15,Context,Remarks Prior to Discussions With NATO Secretary General Javier Solana and an Exchange With Reporters,European Security Architecture,"Copy working source note, then verify markings, attachments, marginalia, and final placement.","Source: Government Publishing Office, GovInfo, Public Papers of the Presidents of the United States: William J. Clinton, PPP-1999-book1; PPP-1999-book1-doc-pg372. Unclassified public record.",https://www.govinfo.gov/app/details/PPP-1999-book1/PPP-1999-book1-doc-pg372,https://www.govinfo.gov/content/pkg/PPP-1999-book1/pdf/PPP-1999-book1-doc-pg372.pdf
591,Copy-Ready Drafts,8,working draft ready,1999-03-23,Context,Presidential Daily Diary reference: Kosovo briefings and congressional meeting,Crisis Security Files,Use as context citation only; chase substantive record before selection.,"Source: National Archives and Records Administration, National Archives Catalog, Clinton Presidential Records, Presidential Daily Diary, Ellen McCathran Files, Release LPWJC 2013-0549-F, [03/19/1999-03/31/1999], NAID 147870957, Unclassified diary record. Source pages: pages 26 and 33.",https://catalog.archives.gov/id/147870957,https://s3.amazonaws.com/NARAprodstorage/lz/presidential-libraries/clinton/foia/2013/2013-0549-F/42-t-101784486-20130549F-011-002-2018.pdf
592,Copy-Ready Drafts,8,working draft ready,1999-03-24,Context,Address to the Nation on Airstrikes Against Serbian Targets in the Federal Republic of Yugoslavia (Serbia and Montenegro),Crisis Security Files,"Copy working source note, then verify markings, attachments, marginalia, and final placement.","Source: Government Publishing Office, GovInfo, Public Papers of the Presidents of the United States: William J. Clinton, PPP-1999-book1; PPP-1999-book1-doc-pg451. Unclassified public record.",https://www.govinfo.gov/app/details/PPP-1999-book1/PPP-1999-book1-doc-pg451,https://www.govinfo.gov/content/pkg/PPP-1999-book1/pdf/PPP-1999-book1-doc-pg451.pdf
593,Copy-Ready Drafts,8,working draft ready,1999-03-24,Context,Presidential Daily Diary reference: Kosovo air-strike briefing and statement,Crisis Security Files,Use as context citation only; chase substantive record before selection.,"Source: National Archives and Records Administration, National Archives Catalog, Clinton Presidential Records, Presidential Daily Diary, Ellen McCathran Files, Release LPWJC 2013-0549-F, [03/19/1999-03/31/1999], NAID 147870957, Unclassified diary record. Source pages: pages 37-38.",https://catalog.archives.gov/id/147870957,https://s3.amazonaws.com/NARAprodstorage/lz/presidential-libraries/clinton/foia/2013/2013-0549-F/42-t-101784486-20130549F-011-002-2018.pdf
594,Copy-Ready Drafts,8,working draft ready,1999-03-25,Context,Letter to Congressional Leaders Transmitting the Report on the Strategic Concept of NATO,European Security Architecture,"Copy working source note, then verify markings, attachments, marginalia, and final placement.","Source: Government Publishing Office, GovInfo, Public Papers of the Presidents of the United States: William J. Clinton, PPP-1999-book1; PPP-1999-book1-doc-pg456-2. Unclassified public record.",https://www.govinfo.gov/app/details/PPP-1999-book1/PPP-1999-book1-doc-pg456-2,https://www.govinfo.gov/content/pkg/PPP-1999-book1/pdf/PPP-1999-book1-doc-pg456-2.pdf
595,Copy-Ready Drafts,8,working draft ready,1999-03-28,Context,Remarks on the NATO Airstrikes Against Serbian Targets and an Exchange With Reporters,European Security Architecture,"Copy working source note, then verify markings, attachments, marginalia, and final placement.","Source: Government Publishing Office, GovInfo, Public Papers of the Presidents of the United States: William J. Clinton, PPP-1999-book1; PPP-1999-book1-doc-pg462. Unclassified public record.",https://www.govinfo.gov/app/details/PPP-1999-book1/PPP-1999-book1-doc-pg462,https://www.govinfo.gov/content/pkg/PPP-1999-book1/pdf/PPP-1999-book1-doc-pg462.pdf
596,Copy-Ready Drafts,8,working draft ready,1999-04-06,Context,Presidential Daily Diary reference: Kosovo and Balkans briefing,Crisis Security Files,Use as context citation only; chase substantive record before selection.,"Source: National Archives and Records Administration, National Archives Catalog, Clinton Presidential Records, Presidential Daily Diary, Ellen McCathran Files, Release LPWJC 2010-0083-F, [Ellen McCathran - Presidential Daily Diary - Hardcopy 4/9/99; 4/14/99; 4/27/99; 4/30/99; 5/2/99; 5/20/99; 5/24/99; 5/28/99; 6/2/99; 6/10/99; 6/20/99], NAID 17368193, Unclassified diary record. Source pages: page 4.",https://catalog.archives.gov/id/17368193,https://s3.amazonaws.com/NARAprodstorage/opastorage/live/93/3681/17368193/content/presidential-libraries/clinton/foia/2010-0083-F/2010-0083-F-PDF/Box_002/42-t-7262157-20100083F-002-010-2015.pdf
597,Copy-Ready Drafts,8,selection,1999-04-11,Source Lead,MESSAGE TO PRESIDENT YELTSIN REGARDING THE SITUATION IN KOSOVO,Crisis Security Files,"Copy working source note, then verify markings, attachments, marginalia, and final placement.","Source: Department of State, FOIA Virtual Reading Room, Strobe Talbott FOIA release, Document C09000040. Confidential.",https://foia.state.gov/DOCUMENTS/FOIA_L_June2024/FL-2017-13804/DOC_0C09000040/C09000040.pdf,https://foia.state.gov/DOCUMENTS/FOIA_L_June2024/FL-2017-13804/DOC_0C09000040/C09000040.pdf
598,Copy-Ready Drafts,8,selection,1999-04-19,Source Lead,"Checklist of Key Issues Foreign Policy Team Meeting witch The President, Monday, April 19, 1999 w/Attached Distribution List",Crisis Security Files,"Copy working source note, then verify markings, attachments, marginalia, and final placement.","Source: Department of State, FOIA Virtual Reading Room, Strobe Talbott FOIA release, Document C09000003. Unclassified; Nodis.",https://foia.state.gov/DOCUMENTS/FOIA_L_June2024/FL-2017-13804/DOC_0C09000003/C09000003.pdf,https://foia.state.gov/DOCUMENTS/FOIA_L_June2024/FL-2017-13804/DOC_0C09000003/C09000003.pdf
599,Copy-Ready Drafts,8,selection,1999-04-22,Source Lead,Meeting with NATO Secretary General Javier Solana,European Security Architecture,"Copy working source note, then verify markings, attachments, marginalia, and final placement.","Source: Department of State, FOIA Virtual Reading Room, Strobe Talbott FOIA release, Document C09000029. Secret.",https://foia.state.gov/DOCUMENTS/FOIA_L_June2024/FL-2017-13804/DOC_0C09000029/C09000029.pdf,https://foia.state.gov/DOCUMENTS/FOIA_L_June2024/FL-2017-13804/DOC_0C09000029/C09000029.pdf
600,Copy-Ready Drafts,8,working draft ready,1999-04-22,Context,Remarks Following Discussions With NATO Secretary General Javier Solana and an Exchange With Reporters,European Security Architecture,"Copy working source note, then verify markings, attachments, marginalia, and final placement.","Source: Government Publishing Office, GovInfo, Public Papers of the Presidents of the United States: William J. Clinton, PPP-1999-book1; PPP-1999-book1-doc-pg601. Unclassified public record.",https://www.govinfo.gov/app/details/PPP-1999-book1/PPP-1999-book1-doc-pg601,https://www.govinfo.gov/content/pkg/PPP-1999-book1/pdf/PPP-1999-book1-doc-pg601.pdf
601,Copy-Ready Drafts,8,working draft ready,1999-04-22,Context,Presidential Daily Diary reference: meeting with NATO Secretary General Javier Solana,Crisis Security Files,Use as context citation only; chase substantive record before selection.,"Source: National Archives and Records Administration, National Archives Catalog, Clinton Presidential Records, Presidential Daily Diary, Ellen McCathran Files, Release LPWJC 2013-0549-F, [04/18/1999-04/30/1999], NAID 147870961, Unclassified diary record. Source pages: pages 35-36.",https://catalog.archives.gov/id/147870961,https://s3.amazonaws.com/NARAprodstorage/lz/presidential-libraries/clinton/foia/2013/2013-0549-F/42-t-101784486-20130549F-011-004-2018.pdf
602,Copy-Ready Drafts,8,working draft ready,1999-04-23,Context,Joint Statement on Kosovo,Crisis Security Files,"Copy working source note, then verify markings, attachments, marginalia, and final placement.","Source: Government Publishing Office, GovInfo, Public Papers of the Presidents of the United States: William J. Clinton, PPP-1999-book1; PPP-1999-book1-doc-pg607. Unclassified public record.",https://www.govinfo.gov/app/details/PPP-1999-book1/PPP-1999-book1-doc-pg607,https://www.govinfo.gov/content/pkg/PPP-1999-book1/pdf/PPP-1999-book1-doc-pg607.pdf
603,Copy-Ready Drafts,8,working draft ready,1999-04-23,Context,Presidential Daily Diary reference: NATO 50th Anniversary Summit weekend,Crisis Security Files,Use as context citation only; chase substantive record before selection.,"Source: National Archives and Records Administration, National Archives Catalog, Clinton Presidential Records, Presidential Daily Diary, Ellen McCathran Files, Release LPWJC 2013-0549-F, [04/18/1999-04/30/1999], NAID 147870961, Unclassified diary record. Source pages: pages 40-49.",https://catalog.archives.gov/id/147870961,https://s3.amazonaws.com/NARAprodstorage/lz/presidential-libraries/clinton/foia/2013/2013-0549-F/42-t-101784486-20130549F-011-004-2018.pdf
604,Copy-Ready Drafts,8,selection,1999-04-29,Source Lead,UPDATE FROM STROBE,NATO-Russia and Partnership,"Copy working source note, then verify markings, attachments, marginalia, and final placement.","Source: Department of State, FOIA Virtual Reading Room, Strobe Talbott FOIA release, Document C09000019. Unclassified.",https://foia.state.gov/DOCUMENTS/FOIA_L_June2024/FL-2017-13804/DOC_0C09000019/C09000019.pdf,https://foia.state.gov/DOCUMENTS/FOIA_L_June2024/FL-2017-13804/DOC_0C09000019/C09000019.pdf
605,Copy-Ready Drafts,8,selection,1999-04-30,Source Lead,OFFICIAL INFORMAL: DEPUTY SECRETARY'S MEETING WITH HEAD OF PRESIDENTIAL ADMINISTRATION VOLOSHIN,NATO-Russia and Partnership,"Copy working source note, then verify markings, attachments, marginalia, and final placement.","Source: Department of State, FOIA Virtual Reading Room, Strobe Talbott FOIA release, Document C09000021. Confidential.",https://foia.state.gov/DOCUMENTS/FOIA_L_June2024/FL-2017-13804/DOC_0C09000021/C09000021.pdf,https://foia.state.gov/DOCUMENTS/FOIA_L_June2024/FL-2017-13804/DOC_0C09000021/C09000021.pdf
606,Copy-Ready Drafts,8,selection,1999-05-01,Source Lead,TFSR02: DEPSEC AND FISCHER: KEEP RUSSIA ENGAGED; REVIEW SPECIFICS TO MAINTAIN UNITED FRONT,NATO-Russia and Partnership,"Copy working source note, then verify markings, attachments, marginalia, and final placement.","Source: Department of State, FOIA Virtual Reading Room, Strobe Talbott FOIA release, Document C09000022. Confidential.",https://foia.state.gov/DOCUMENTS/FOIA_L_June2024/FL-2017-13804/DOC_0C09000022/C09000022.pdf,https://foia.state.gov/DOCUMENTS/FOIA_L_June2024/FL-2017-13804/DOC_0C09000022/C09000022.pdf
607,Copy-Ready Drafts,8,working draft ready,1999-05-05,Context,Presidential Daily Diary reference: NATO Headquarters visit and allied forces briefing,Crisis Security Files,Use as context citation only; chase substantive record before selection.,"Source: National Archives and Records Administration, National Archives Catalog, Clinton Presidential Records, Presidential Daily Diary, Ellen McCathran Files, Release LPWJC 2013-0549-F, [05/01/1999-05/14/1999], NAID 147870963, Unclassified diary record. Source pages: pages 19-24.",https://catalog.archives.gov/id/147870963,https://s3.amazonaws.com/NARAprodstorage/lz/presidential-libraries/clinton/foia/2013/2013-0549-F/42-t-101784486-20130549F-011-005-2018.pdf
608,Copy-Ready Drafts,8,working draft ready,1999-05-25,Context,Statement on Plans To Deploy the Kosovo International Security Force (KFOR),Crisis Security Files,"Copy working source note, then verify markings, attachments, marginalia, and final placement.","Source: Government Publishing Office, GovInfo, Public Papers of the Presidents of the United States: William J. Clinton, PPP-1999-book1; PPP-1999-book1-doc-pg850. Unclassified public record.",https://www.govinfo.gov/app/details/PPP-1999-book1/PPP-1999-book1-doc-pg850,https://www.govinfo.gov/content/pkg/PPP-1999-book1/pdf/PPP-1999-book1-doc-pg850.pdf
609,Copy-Ready Drafts,8,working draft ready,1999-06-04,Source Lead,"MDR packet 2014-0546-M-Release-A: Clinton letter to Yeltsin on Kosovo, June 4, 1999",Crisis Security Files,"Copy working source note, then verify markings, attachments, marginalia, and final placement.","Source: William J. Clinton Presidential Library, MDR Release 2014-0546-M-Release-A, finding-aid summary identifies multiple copies of a Clinton letter to Yeltsin concerning Kosovo.",https://www.clintonlibrary.gov/research/archives/finding-aids/declassified-documents-concerning-russian-president-boris-yeltsin-11,https://www.clintonlibrary.gov/sites/default/files/finding_aids_a_z/2026-04/2014-0546-M-A.pdf
610,Copy-Ready Drafts,8,working draft ready,1999-06-10,Context,Address to the Nation on the Military Technical Agreement on Kosovo,Crisis Security Files,"Copy working source note, then verify markings, attachments, marginalia, and final placement.","Source: Government Publishing Office, GovInfo, Public Papers of the Presidents of the United States: William J. Clinton, PPP-1999-book1; PPP-1999-book1-doc-pg913. Unclassified public record.",https://www.govinfo.gov/app/details/PPP-1999-book1/PPP-1999-book1-doc-pg913,https://www.govinfo.gov/content/pkg/PPP-1999-book1/pdf/PPP-1999-book1-doc-pg913.pdf
611,Copy-Ready Drafts,8,working draft ready,1999-06-10,Context,Presidential Daily Diary reference: Kosovo Military Technical Agreement calls,Crisis Security Files,Use as context citation only; chase substantive record before selection.,"Source: National Archives and Records Administration, National Archives Catalog, Clinton Presidential Records, Presidential Daily Diary, Ellen McCathran Files, Release LPWJC 2010-0083-F, [Ellen McCathran - Presidential Daily Diary - Hardcopy 4/9/99; 4/14/99; 4/27/99; 4/30/99; 5/2/99; 5/20/99; 5/24/99; 5/28/99; 6/2/99; 6/10/99; 6/20/99], NAID 17368193, Unclassified diary record. Source pages: pages 59-61.",https://catalog.archives.gov/id/17368193,https://s3.amazonaws.com/NARAprodstorage/opastorage/live/93/3681/17368193/content/presidential-libraries/clinton/foia/2010-0083-F/2010-0083-F-PDF/Box_002/42-t-7262157-20100083F-002-010-2015.pdf
612,Copy-Ready Drafts,8,selection,1999-06-14,Source Lead,1999 US-OMAN BILATERAL CONSULTATIONS - INTERNATIONAL AND REGIONAL ISSUES,Crisis Security Files,"Copy working source note, then verify markings, attachments, marginalia, and final placement.","Source: Department of State, FOIA Virtual Reading Room, Strobe Talbott FOIA release, Document C09000048. Confidential.",https://foia.state.gov/DOCUMENTS/FOIA_L_May2022/FL-2017-13804/DOC_0C09000048/C09000048.pdf,https://foia.state.gov/DOCUMENTS/FOIA_L_May2022/FL-2017-13804/DOC_0C09000048/C09000048.pdf
613,Copy-Ready Drafts,8,working draft ready,1999-06-21,Context,Remarks Following Discussions With European Union Leaders and an Exchange With Reporters in Bonn,European Security Architecture,"Copy working source note, then verify markings, attachments, marginalia, and final placement.","Source: Government Publishing Office, GovInfo, Public Papers of the Presidents of the United States: William J. Clinton, PPP-1999-book1; PPP-1999-book1-doc-pg980. Unclassified public record.",https://www.govinfo.gov/app/details/PPP-1999-book1/PPP-1999-book1-doc-pg980,https://www.govinfo.gov/content/pkg/PPP-1999-book1/pdf/PPP-1999-book1-doc-pg980.pdf
614,Copy-Ready Drafts,8,selection,1999-07-17,Source Lead,Baltic Partnership Commission w/Attachment(s),Crisis Security Files,"Copy working source note, then verify markings, attachments, marginalia, and final placement.","Source: Department of State, FOIA Virtual Reading Room, Strobe Talbott FOIA release, Document C09000018. Unclassified.",https://foia.state.gov/DOCUMENTS/FOIA_L_July2023/FL-2017-13804/DOC_0C09000018/C09000018.pdf,https://foia.state.gov/DOCUMENTS/FOIA_L_July2023/FL-2017-13804/DOC_0C09000018/C09000018.pdf
615,Copy-Ready Drafts,8,working draft ready,1999-08-04,Context,Statement on the Selection of the New NATO Secretary General,European Security Architecture,"Copy working source note, then verify markings, attachments, marginalia, and final placement.","Source: Government Publishing Office, GovInfo, Public Papers of the Presidents of the United States: William J. Clinton, PPP-1999-book2; PPP-1999-book2-doc-pg1381. Unclassified public record.",https://www.govinfo.gov/app/details/PPP-1999-book2/PPP-1999-book2-doc-pg1381,https://www.govinfo.gov/content/pkg/PPP-1999-book2/pdf/PPP-1999-book2-doc-pg1381.pdf
616,Copy-Ready Drafts,8,working draft ready,1999-11-18,Context,Presidential Daily Diary reference: OSCE Istanbul Summit and bilateral meeting with Yeltsin,NATO-Russia and Partnership,Use as context citation only; chase substantive record before selection.,"Source: National Archives and Records Administration, National Archives Catalog, Clinton Presidential Records, Presidential Daily Diary, Ellen McCathran Files, Release LPWJC 2010-0083-F, [Ellen McCathran - Presidential Daily Diary - Hardcopy 10/6/99; 10/11/99; 10/18/99; 10/28/99; 11/6/99; 10/11/99; 10/18/99; 10/28/99; 11/6/99; 11/17/99; 11/18/99; 11/30/99], NAID 17368195, Unclassified diary record. Source pages: pages 51-59.",https://catalog.archives.gov/id/17368195,https://s3.amazonaws.com/NARAprodstorage/opastorage/live/95/3681/17368195/content/presidential-libraries/clinton/foia/2010-0083-F/2010-0083-F-PDF/Box_002/42-t-7262157-20100083F-002-012-2015.pdf
617,Copy-Ready Drafts,8,working draft ready,1999-11-19,Context,Presidential Daily Diary reference: CFE Treaty signing at Istanbul,European Security Architecture,Use as context citation only; chase substantive record before selection.,"Source: National Archives and Records Administration, National Archives Catalog, Clinton Presidential Records, Presidential Daily Diary, Ellen McCathran Files, Release LPWJC 2013-0549-F, [11/10/1999-11/19/1999], NAID 147870987, Unclassified diary record. Source pages: pages 72 and 79.",https://catalog.archives.gov/id/147870987,https://s3.amazonaws.com/NARAprodstorage/lz/presidential-libraries/clinton/foia/2013/2013-0549-F/42-t-101784486-20130549F-012-005-2018.pdf
618,Copy-Ready Drafts,8,working draft ready,1999-11-23,Context,"Presidential Daily Diary reference: Kosovo visit, NATO officials, and Kosovar leaders",Crisis Security Files,Use as context citation only; chase substantive record before selection.,"Source: National Archives and Records Administration, National Archives Catalog, Clinton Presidential Records, Presidential Daily Diary, Ellen McCathran Files, Release LPWJC 2013-0549-F, [11/20/1999-11/30/1999], NAID 147870989, Unclassified diary record. Source pages: pages 37-43.",https://catalog.archives.gov/id/147870989,https://s3.amazonaws.com/NARAprodstorage/lz/presidential-libraries/clinton/foia/2013/2013-0549-F/42-t-101784486-20130549F-012-006-2018.pdf
619,Copy-Ready Drafts,8,selection,2000-01-01,Scout Lead,"Lithuania - Meeting with Deputy Foreign Minister Usackas, November 13, 2000",NATO Strategy and Enlargement,"Copy working source note, then verify markings, attachments, marginalia, and final placement.","Source: National Archives and Records Administration, National Archives Catalog, Records of the National Security Council European Affairs Office (Clinton Administration), Antony Blinken's Files, Lithuania - Meeting with Deputy Foreign Minister Usackas, November 13, 2000, NAID 23902170.",https://catalog.archives.gov/id/23902170,https://s3.us-east-1.amazonaws.com/NARAprodstorage/lz/presidential-libraries/clinton/wjc-nscea/7585471/42-t-7585471-20111038F-002-019-2015.pdf
620,Copy-Ready Drafts,8,selection,2000-01-01,Scout Lead,"Estonia - Meeting with Minister of Defense Juri Luik, March 9, 2000",NATO-Russia and Partnership,"Copy working source note, then verify markings, attachments, marginalia, and final placement.","Source: National Archives and Records Administration, National Archives Catalog, Records of the National Security Council European Affairs Office (Clinton Administration), Antony Blinken's Files, Estonia - Meeting with Minister of Defense Juri Luik, March 9, 2000, NAID 23901636.",https://catalog.archives.gov/id/23901636,https://s3.amazonaws.com/NARAprodstorage/opastorage/live/36/9016/23901636/content/presidential-libraries/clinton/foia/2011-1036-F/2011-1036-F-JPG/Box_004/42-t-7585471-20111036F-004-006-2015/42_t_7585471_20111036F_004_006_2015_Page_001.JPG
621,Copy-Ready Drafts,8,selection,2000-01-24,Source Lead,"A BALTIC HOME-COMING: ROBERT C. FRASURE MEMORIAL LECTURE BY STROBE TALBOTT DEPUTY SECRETARY OF STATE JANUARY 24, 2000 TALLINN, ESTONIA w/Attached Fax Sheet",NATO Strategy and Enlargement,"Copy working source note, then verify markings, attachments, marginalia, and final placement.","Source: Department of State, FOIA Virtual Reading Room, Strobe Talbott FOIA release, Document C09000017. Unclassified.",https://foia.state.gov/DOCUMENTS/FOIA_L_Dec2023/FL-2017-13804/DOC_0C09000017/C09000017.pdf,https://foia.state.gov/DOCUMENTS/FOIA_L_Dec2023/FL-2017-13804/DOC_0C09000017/C09000017.pdf
622,Copy-Ready Drafts,8,working draft ready,2000-01-31,Context,Message to the Congress on the New NATO Strategic Concept,European Security Architecture,"Copy working source note, then verify markings, attachments, marginalia, and final placement.","Source: Government Publishing Office, GovInfo, Public Papers of the Presidents of the United States: William J. Clinton, PPP-2000-book1; PPP-2000-book1-doc-pg162-2. Unclassified public record.",https://www.govinfo.gov/app/details/PPP-2000-book1/PPP-2000-book1-doc-pg162-2,https://www.govinfo.gov/content/pkg/PPP-2000-book1/pdf/PPP-2000-book1-doc-pg162-2.pdf
623,Copy-Ready Drafts,8,selection,2000-02-02,Source Lead,Secretary Albright's Meeting with Acting President Putin,NATO-Russia and Partnership,"Copy working source note, then verify markings, attachments, marginalia, and final placement.","Source: Department of State, FOIA Virtual Reading Room, Strobe Talbott FOIA release, Document C09000064. Confidential.",https://foia.state.gov/DOCUMENTS/FOIA_L_July2022/FL-2017-13804/DOC_0C09000064/C09000064.pdf,https://foia.state.gov/DOCUMENTS/FOIA_L_July2022/FL-2017-13804/DOC_0C09000064/C09000064.pdf
624,Copy-Ready Drafts,8,working draft ready,2000-05-31,Context,The President's News Conference With European Union Leaders in Lisbon,European Security Architecture,"Copy working source note, then verify markings, attachments, marginalia, and final placement.","Source: Government Publishing Office, GovInfo, Public Papers of the Presidents of the United States: William J. Clinton, PPP-2000-book1; PPP-2000-book1-doc-pg1051. Unclassified public record.",https://www.govinfo.gov/app/details/PPP-2000-book1/PPP-2000-book1-doc-pg1051,https://www.govinfo.gov/content/pkg/PPP-2000-book1/pdf/PPP-2000-book1-doc-pg1051.pdf
625,Copy-Ready Drafts,8,working draft ready,2000-06-03,Context,Presidential Daily Diary reference: Moscow meetings and dinner with Vladimir Putin,NATO-Russia and Partnership,Use as context citation only; chase substantive record before selection.,"Source: National Archives and Records Administration, National Archives Catalog, Clinton Presidential Records, Presidential Daily Diary, Ellen McCathran Files, Release LPWJC 2013-0549-F, [06/01/2000-06/11/2000], NAID 147871021, Unclassified diary record. Source pages: pages 22-35.",https://catalog.archives.gov/id/147871021,https://s3.amazonaws.com/NARAprodstorage/lz/presidential-libraries/clinton/foia/2013/2013-0549-F/42-t-101784486-20130549F-013-011-2018.pdf
626,Copy-Ready Drafts,8,selection,2000-06-04,Source Lead,JOINT STATEMENT BY THE PRESIDENTS OF THE UNITED STATES OF AMERICA AND THE RUSSIAN FEDERATION ON PRINCIPLES OF STRATEGIC STABILITY,NATO-Russia and Partnership,"Copy working source note, then verify markings, attachments, marginalia, and final placement.","Source: Department of State, FOIA Virtual Reading Room, Strobe Talbott FOIA release, Document C09000055. Unclassified.",https://foia.state.gov/DOCUMENTS/FOIA_L_Oct2024/FL-2017-13804/DOC_0C09000055/C09000055.pdf,https://foia.state.gov/DOCUMENTS/FOIA_L_Oct2024/FL-2017-13804/DOC_0C09000055/C09000055.pdf
627,Copy-Ready Drafts,8,selection,2000-06-23,Source Lead,DEPUTY SECRETARY'S MEETING WITH NATO SYG ROBERTSON IN WASHINGTON W/Attached Transmittal,European Security Architecture,"Copy working source note, then verify markings, attachments, marginalia, and final placement.","Source: Department of State, FOIA Virtual Reading Room, Strobe Talbott FOIA release, Document C09000066. Confidential.",https://foia.state.gov/DOCUMENTS/FOIA_L_July2022/FL-2017-13804/DOC_0C09000066/C09000066.pdf,https://foia.state.gov/DOCUMENTS/FOIA_L_July2022/FL-2017-13804/DOC_0C09000066/C09000066.pdf
628,Copy-Ready Drafts,8,selection,2000-06-27,Source Lead,DEPUTY SECRETARY'S MEETING WITH NATO SYG ROBERTSON IN WASHINGTON,European Security Architecture,"Copy working source note, then verify markings, attachments, marginalia, and final placement.","Source: Department of State, FOIA Virtual Reading Room, Strobe Talbott FOIA release, Document C09000062. Unclassified.",https://foia.state.gov/DOCUMENTS/FOIA_L_July2022/FL-2017-13804/DOC_0C09000062/C09000062.pdf,https://foia.state.gov/DOCUMENTS/FOIA_L_July2022/FL-2017-13804/DOC_0C09000062/C09000062.pdf
629,Copy-Ready Drafts,8,selection,2000-07-15,Source Lead,"July 15, 2000 Note From Strobe Talbott To the Secretary",NATO-Russia and Partnership,"Copy working source note, then verify markings, attachments, marginalia, and final placement.","Source: Department of State, FOIA Virtual Reading Room, Strobe Talbott FOIA release, Document C09000008. Unclassified.",https://foia.state.gov/DOCUMENTS/FOIA_L_Apr2024/FL-2017-13804/DOC_0C09000008/C09000008.pdf,https://foia.state.gov/DOCUMENTS/FOIA_L_Apr2024/FL-2017-13804/DOC_0C09000008/C09000008.pdf
630,Copy-Ready Drafts,8,working draft ready,2000-07-21,Context,Presidential Daily Diary reference: Okinawa G-8 meeting with Vladimir Putin,NATO-Russia and Partnership,Use as context citation only; chase substantive record before selection.,"Source: National Archives and Records Administration, National Archives Catalog, Clinton Presidential Records, Presidential Daily Diary, Ellen McCathran Files, Release LPWJC 2010-0083-F, [Ellen McCathran - Presidential Daily Diary - Hardcopy 4/4/00; 4/1200; 4/25/00; 5/7/00; 5/18/00; 5/22/00; 5/26/00; 6/7/00; 6/8/00; 6/18/00], NAID 17368201, Unclassified diary record. Source pages: pages 12 and 16.",https://catalog.archives.gov/id/17368201,https://s3.amazonaws.com/NARAprodstorage/opastorage/live/1/3682/17368201/content/presidential-libraries/clinton/foia/2010-0083-F/2010-0083-F-PDF/Box_003/42-t-7262157-20100083F-003-003-2015.pdf
631,Copy-Ready Drafts,8,working draft ready,2000-09-06,Context,Presidential Daily Diary reference: United Nations meeting with Putin and strategic stability signing,NATO-Russia and Partnership,Use as context citation only; chase substantive record before selection.,"Source: National Archives and Records Administration, National Archives Catalog, Clinton Presidential Records, Presidential Daily Diary, Ellen McCathran Files, Release LPWJC 2010-0083-F, [Ellen McCathran - Presidential Daily Diary - Hardcopy 4/4/00; 4/1200; 4/25/00; 5/7/00; 5/18/00; 5/22/00; 5/26/00; 6/7/00; 6/8/00; 6/18/00], NAID 17368201, Unclassified diary record. Source pages: pages 31-32.",https://catalog.archives.gov/id/17368201,https://s3.amazonaws.com/NARAprodstorage/opastorage/live/1/3682/17368201/content/presidential-libraries/clinton/foia/2010-0083-F/2010-0083-F-PDF/Box_003/42-t-7262157-20100083F-003-003-2015.pdf
632,Copy-Ready Drafts,8,selection,2000-12-04,Source Lead,"TFSRO2: KOSOVO: RUSSIAN REACTION TO NATO AIR STRIKES, JUNE 1",Crisis Security Files,"Copy working source note, then verify markings, attachments, marginalia, and final placement.","Source: Department of State, FOIA Virtual Reading Room, Strobe Talbott FOIA release, Document C09000047. Unclassified.",https://foia.state.gov/DOCUMENTS/FOIA_L_May2022/FL-2017-13804/DOC_0C09000047/C09000047.pdf,https://foia.state.gov/DOCUMENTS/FOIA_L_May2022/FL-2017-13804/DOC_0C09000047/C09000047.pdf
633,Copy-Ready Drafts,8,working draft ready,2000-12-18,Context,Declaration by the United States and the European Union on the Responsibilities of States and on Transparency Regarding Arms Exports,European Security Architecture,"Copy working source note, then verify markings, attachments, marginalia, and final placement.","Source: Government Publishing Office, GovInfo, Public Papers of the Presidents of the United States: William J. Clinton, PPP-2000-book3; PPP-2000-book3-doc-pg2721. Unclassified public record.",https://www.govinfo.gov/app/details/PPP-2000-book3/PPP-2000-book3-doc-pg2721,https://www.govinfo.gov/content/pkg/PPP-2000-book3/pdf/PPP-2000-book3-doc-pg2721.pdf
634,Copy-Ready Drafts,8,working draft ready,2000-12-18,Context,Exchange With Reporters Prior to Discussions With European Union Leaders,European Security Architecture,"Copy working source note, then verify markings, attachments, marginalia, and final placement.","Source: Government Publishing Office, GovInfo, Public Papers of the Presidents of the United States: William J. Clinton, PPP-2000-book3; PPP-2000-book3-doc-pg2719. Unclassified public record.",https://www.govinfo.gov/app/details/PPP-2000-book3/PPP-2000-book3-doc-pg2719,https://www.govinfo.gov/content/pkg/PPP-2000-book3/pdf/PPP-2000-book3-doc-pg2719.pdf
635,Copy-Ready Drafts,8,working draft ready,2000-12-18,Context,Statement of the United States and European Union on Southeast Europe,Crisis Security Files,"Copy working source note, then verify markings, attachments, marginalia, and final placement.","Source: Government Publishing Office, GovInfo, Public Papers of the Presidents of the United States: William J. Clinton, PPP-2000-book3; PPP-2000-book3-doc-pg2725. Unclassified public record.",https://www.govinfo.gov/app/details/PPP-2000-book3/PPP-2000-book3-doc-pg2725,https://www.govinfo.gov/content/pkg/PPP-2000-book3/pdf/PPP-2000-book3-doc-pg2725.pdf
636,Copy-Ready Drafts,8,working draft ready,2000-12-19,Context,Statement on the NATO Foreign Ministers Meeting,European Security Architecture,"Copy working source note, then verify markings, attachments, marginalia, and final placement.","Source: Government Publishing Office, GovInfo, Public Papers of the Presidents of the United States: William J. Clinton, PPP-2000-book3; PPP-2000-book3-doc-pg2730. Unclassified public record.",https://www.govinfo.gov/app/details/PPP-2000-book3/PPP-2000-book3-doc-pg2730,https://www.govinfo.gov/content/pkg/PPP-2000-book3/pdf/PPP-2000-book3-doc-pg2730.pdf
