rank,category,priority_score,date,type,title,chapter,selection_decision,production_issues,coverage_signals,next_action,catalog_url,pdf_url,source_note
1,Rebalance Coverage,127,1996-05-08,Source Lead,PAPER FOR MAMEDOV ON CFE,NATO-Russia and Partnership,Pending,selection,CFE gap; NATO-Russia thread; non-crisis lane,"Read released PDF, decide include/context/exclude, and extract source note fields.",https://foia.state.gov/DOCUMENTS/FOIA_L_June2024/FL-2017-13804/DOC_0C09000044/C09000044.pdf,https://foia.state.gov/DOCUMENTS/FOIA_L_June2024/FL-2017-13804/DOC_0C09000044/C09000044.pdf,"Source: Department of State, FOIA Virtual Reading Room, Strobe Talbott FOIA release, Document C09000044. Nodis."
2,Chase Diary Leads,119,1999-11-19,Context,Presidential Daily Diary reference: CFE Treaty signing at Istanbul,European Security Architecture,Context candidate,,CFE gap; OSCE/CSCE architecture; late-volume coverage; non-crisis lane,"Chase substantive memcon, telcon, briefing book, trip file, or summit file.",https://catalog.archives.gov/id/147870987,https://s3.amazonaws.com/NARAprodstorage/lz/presidential-libraries/clinton/foia/2013/2013-0549-F/42-t-101784486-20130549F-012-005-2018.pdf,"Source: National Archives and Records Administration, National Archives Catalog, Clinton Presidential Records, Presidential Daily Diary, Ellen McCathran Files, Release LPWJC 2013-0549-F, [11/10/1999-11/19/1999], NAID 147870987, Unclassified diary record. Source pages: pages 72 and 79."
3,Rebalance Coverage,105,1997-05-19,Source Lead,"May 19, 1997 Letter From Boris Yeltsin To William J. Clinton",NATO-Russia and Partnership,Include candidate,,NATO-Russia thread; late-volume coverage; non-crisis lane,"Read released PDF, decide include/context/exclude, and extract source note fields.",https://foia.state.gov/DOCUMENTS/FOIA_L_Feb2024/FL-2017-13804/DOC_0C09000076/C09000076.pdf,https://foia.state.gov/DOCUMENTS/FOIA_L_Feb2024/FL-2017-13804/DOC_0C09000076/C09000076.pdf,"Source: Department of State, FOIA Virtual Reading Room, Strobe Talbott FOIA release, Document C09000076. Unclassified."
4,Rebalance Coverage,105,1997-07-01,Source Lead,"July 1, 1997 Letter From Strobe Talbott To Livia Sylva w/Attachment(s)",European Security Architecture,Include candidate,,Madrid/accession thread; late-volume coverage; non-crisis lane,"Read released PDF, decide include/context/exclude, and extract source note fields.",https://foia.state.gov/DOCUMENTS/FOIA_L_Jan2024/FL-2017-13804/DOC_0C09000041/C09000041.pdf,https://foia.state.gov/DOCUMENTS/FOIA_L_Jan2024/FL-2017-13804/DOC_0C09000041/C09000041.pdf,"Source: Department of State, FOIA Virtual Reading Room, Strobe Talbott FOIA release, Document C09000041. Unclassified."
5,Rebalance Coverage,105,1997-07-22,Source Lead,"July 22, 1997 Letter From Strobe Talbott To H.E. G. E. Mamedov",NATO-Russia and Partnership,Include candidate,,NATO-Russia thread; late-volume coverage; non-crisis lane,"Read released PDF, decide include/context/exclude, and extract source note fields.",https://foia.state.gov/DOCUMENTS/FOIA_L_Apr2024/FL-2017-13804/DOC_0C09000061/C09000061.pdf,https://foia.state.gov/DOCUMENTS/FOIA_L_Apr2024/FL-2017-13804/DOC_0C09000061/C09000061.pdf,"Source: Department of State, FOIA Virtual Reading Room, Strobe Talbott FOIA release, Document C09000061. Secret."
6,Rebalance Coverage,105,1997-07-27,Source Lead,"Your Meeting with Russian Foreign Minister Primakov, July 27, 1997, Kuala Lumpur w/Attachment(s)",NATO-Russia and Partnership,Include candidate,,NATO-Russia thread; late-volume coverage; non-crisis lane,"Read released PDF, decide include/context/exclude, and extract source note fields.",https://foia.state.gov/DOCUMENTS/FOIA_L_Oct2024/FL-2017-13804/DOC_0C09000039/C09000039.pdf,https://foia.state.gov/DOCUMENTS/FOIA_L_Oct2024/FL-2017-13804/DOC_0C09000039/C09000039.pdf,"Source: Department of State, FOIA Virtual Reading Room, Strobe Talbott FOIA release, Document C09000039. Secret; Nodis."
7,Rebalance Coverage,105,1997-11-18,Source Lead,Non-Iraq Contingency Points for Possible Bilateral Meeting with Russian Foreign Minister Yevgeniy Primakov w/Attachment(s),NATO-Russia and Partnership,Include candidate,,NATO-Russia thread; late-volume coverage; non-crisis lane,"Read released PDF, decide include/context/exclude, and extract source note fields.",https://foia.state.gov/DOCUMENTS/FOIA_L_Oct2024/FL-2017-13804/DOC_0C09000012/C09000012.pdf,https://foia.state.gov/DOCUMENTS/FOIA_L_Oct2024/FL-2017-13804/DOC_0C09000012/C09000012.pdf,"Source: Department of State, FOIA Virtual Reading Room, Strobe Talbott FOIA release, Document C09000012. Unclassified; Nodis."
8,Rebalance Coverage,105,1997-12-02,Source Lead,"CHANCELLOR KOHL'S MEETING WITH PRESIDENT YELTSIN, NOVEMBER 30",NATO-Russia and Partnership,Include candidate,,NATO-Russia thread; late-volume coverage; non-crisis lane,"Read released PDF, decide include/context/exclude, and extract source note fields.",https://foia.state.gov/DOCUMENTS/FOIA_L_Oct2024/FL-2017-13804/DOC_0C09000005/C09000005.pdf,https://foia.state.gov/DOCUMENTS/FOIA_L_Oct2024/FL-2017-13804/DOC_0C09000005/C09000005.pdf,"Source: Department of State, FOIA Virtual Reading Room, Strobe Talbott FOIA release, Document C09000005. Unclassified."
9,Rebalance Coverage,105,1998-06-02,Source Lead,Transmittal Memorandum of Telephone Conversation with Russian President Boris Yeltsin w/Attachment(s),NATO-Russia and Partnership,Include candidate,,NATO-Russia thread; late-volume coverage; non-crisis lane,"Read released PDF, decide include/context/exclude, and extract source note fields.",https://foia.state.gov/DOCUMENTS/FOIA_L_Mar2025/FL-2017-13804/DOC_0C09000028/C09000028.pdf,https://foia.state.gov/DOCUMENTS/FOIA_L_Mar2025/FL-2017-13804/DOC_0C09000028/C09000028.pdf,"Source: Department of State, FOIA Virtual Reading Room, Strobe Talbott FOIA release, Document C09000028. Confidential; Nodis."
10,Rebalance Coverage,103,1993-01-01,Scout Lead,"DC 0145 DC Meeting Regarding Conference on Security and Cooperation in Europe/CSCE/Summit in Budapest, 5 December 199",European Security Architecture,Pending,selection,OSCE/CSCE architecture; non-crisis lane,"Extract document-level candidates with actual dates, page spans, markings, and source path.",https://catalog.archives.gov/id/147873393,https://s3.amazonaws.com/NARAprodstorage/lz/presidential-libraries/clinton/foia/2014/2014-0846-F/42-t-7585724-20140846F-003-001-2019.pdf,"Source: National Archives and Records Administration, National Archives Catalog, DC 0145 DC Meeting Regarding Conference on Security and Cooperation in Europe/CSCE/Summit in Budapest, 5 December 199, NAID 147873393."
11,Rebalance Coverage,103,1994-01-01,Scout Lead,CSCE [Conference on Security and Cooperation in Europe] December 1994 [3],Crisis Security Files,Context candidate,,OSCE/CSCE architecture; Madrid/accession thread,"Extract document-level candidates with actual dates, page spans, markings, and source path.",https://catalog.archives.gov/id/147873133,https://s3.amazonaws.com/NARAprodstorage/lz/presidential-libraries/clinton/foia/2014/2014-0846-F/42-t-7585511-20140846F-002-002-2019.pdf,"Source: National Archives and Records Administration, National Archives Catalog, Records of the National Security Council Executive Secretary (Clinton Administration), William Itoh's Files, CSCE [Conference on Security and Cooperation in Europe] December 1994 [3], NAID 147873133."
12,Rebalance Coverage,103,1998-09-18,Source Lead,"OFFICIAL INFORMAL: DEPUTY SECRETARY AND AMB. HILL ""TOUR THE TABLE"" WITH THE NAC ON KOSOVO ISSUES FROM A POLITICAL SETTLEMENT TO UN MANDATE",Crisis Security Files,Pending,selection,NAC/USNATO gap; late-volume coverage,"Read released PDF, decide include/context/exclude, and extract source note fields.",https://foia.state.gov/DOCUMENTS/FOIA_L_July2022/FL-2017-13804/DOC_0C09000059/C09000059.pdf,https://foia.state.gov/DOCUMENTS/FOIA_L_July2022/FL-2017-13804/DOC_0C09000059/C09000059.pdf,"Source: Department of State, FOIA Virtual Reading Room, Strobe Talbott FOIA release, Document C09000059. Confidential."
13,Rebalance Coverage,101,1994-01-01,Scout Lead,CSCE [Conference on Security and Cooperation in Europe] December 1994 [1],European Security Architecture,Context candidate,,OSCE/CSCE architecture; non-crisis lane,"Extract document-level candidates with actual dates, page spans, markings, and source path.",https://catalog.archives.gov/id/147873129,https://s3.amazonaws.com/NARAprodstorage/lz/presidential-libraries/clinton/foia/2014/2014-0846-F/42-t-7585511-20140846F-001-013-2019.pdf,"Source: National Archives and Records Administration, National Archives Catalog, Records of the National Security Council Executive Secretary (Clinton Administration), William Itoh's Files, CSCE [Conference on Security and Cooperation in Europe] December 1994 [1], NAID 147873129."
14,Rebalance Coverage,101,1994-01-01,Scout Lead,CSCE [Conference on Security and Cooperation in Europe] December 1994 [2],European Security Architecture,Context candidate,,OSCE/CSCE architecture; non-crisis lane,"Extract document-level candidates with actual dates, page spans, markings, and source path.",https://catalog.archives.gov/id/147873131,https://s3.amazonaws.com/NARAprodstorage/lz/presidential-libraries/clinton/foia/2014/2014-0846-F/42-t-7585511-20140846F-002-001-2019.pdf,"Source: National Archives and Records Administration, National Archives Catalog, Records of the National Security Council Executive Secretary (Clinton Administration), William Itoh's Files, CSCE [Conference on Security and Cooperation in Europe] December 1994 [2], NAID 147873131."
15,Rebalance Coverage,101,1994-01-01,Scout Lead,CSCE [Conference on Security and Cooperation in Europe] December 1994 [5],European Security Architecture,Context candidate,,OSCE/CSCE architecture; non-crisis lane,"Extract document-level candidates with actual dates, page spans, markings, and source path.",https://catalog.archives.gov/id/147873137,https://s3.amazonaws.com/NARAprodstorage/lz/presidential-libraries/clinton/foia/2014/2014-0846-F/42-t-7585511-20140846F-002-004-2019.pdf,"Source: National Archives and Records Administration, National Archives Catalog, Records of the National Security Council Executive Secretary (Clinton Administration), William Itoh's Files, CSCE [Conference on Security and Cooperation in Europe] December 1994 [5], NAID 147873137."
16,Rebalance Coverage,101,1994-01-01,Scout Lead,CSCE [Conference on Security and Cooperation in Europe]1994,European Security Architecture,Context candidate,,OSCE/CSCE architecture; non-crisis lane,"Extract document-level candidates with actual dates, page spans, markings, and source path.",https://catalog.archives.gov/id/147873127,https://s3.amazonaws.com/NARAprodstorage/lz/presidential-libraries/clinton/foia/2014/2014-0846-F/42-t-7585504-20140846F-001-012-2019.pdf,"Source: National Archives and Records Administration, National Archives Catalog, Records of the National Security Council Executive Secretary (Clinton Administration), Executive Secretary's Subject Files, CSCE [Conference on Security and Cooperation in Europe]1994, NAID 147873127."
17,Rebalance Coverage,101,1997-02-10,Source Lead,"Prep meeting for Albright/Primakov Ministerial NATO-Russia Interagency flying squad 4:30 p.m. February 10, 1997",NATO-Russia and Partnership,Pending,selection,NATO-Russia thread; late-volume coverage; non-crisis lane,"Read released PDF, decide include/context/exclude, and extract source note fields.",https://foia.state.gov/DOCUMENTS/FOIA_L_Feb2024/FL-2017-13804/DOC_0C09000109/C09000109.pdf,https://foia.state.gov/DOCUMENTS/FOIA_L_Feb2024/FL-2017-13804/DOC_0C09000109/C09000109.pdf,"Source: Department of State, FOIA Virtual Reading Room, Strobe Talbott FOIA release, Document C09000109. Unclassified."
18,Rebalance Coverage,101,1997-03-08,Source Lead,"March 8, 1997 Note From Strobe Talbott To Barbara Larkin",NATO-Russia and Partnership,Pending,selection,NATO-Russia thread; late-volume coverage; non-crisis lane,"Read released PDF, decide include/context/exclude, and extract source note fields.",https://foia.state.gov/DOCUMENTS/FOIA_L_Feb2024/FL-2017-13804/DOC_0C09000096/C09000096.pdf,https://foia.state.gov/DOCUMENTS/FOIA_L_Feb2024/FL-2017-13804/DOC_0C09000096/C09000096.pdf,"Source: Department of State, FOIA Virtual Reading Room, Strobe Talbott FOIA release, Document C09000096. Unclassified."
19,Rebalance Coverage,101,1997-06-19,Source Lead,"MEMCON OF SECRETARY ALBRIGHT/RUSSIAN FOREIGN MINISTER PRIMAKOV DINNER AT THE G-8 DENVER SUMMIT, BUCKHORN EXCHANGE, JUNE 19, 1997",NATO-Russia and Partnership,Pending,selection,NATO-Russia thread; late-volume coverage; non-crisis lane,"Read released PDF, decide include/context/exclude, and extract source note fields.",https://foia.state.gov/DOCUMENTS/FOIA_L_Oct2024/FL-2017-13804/DOC_0C09000046/C09000046.pdf,https://foia.state.gov/DOCUMENTS/FOIA_L_Oct2024/FL-2017-13804/DOC_0C09000046/C09000046.pdf,"Source: Department of State, FOIA Virtual Reading Room, Strobe Talbott FOIA release, Document C09000046. Confidential."
20,Rebalance Coverage,101,1998-01-22,Source Lead,Chernomyrdin Increases Controls on Mass-Destruction Weapons w/Attachment(s),NATO-Russia and Partnership,Pending,selection,NATO-Russia thread; late-volume coverage; non-crisis lane,"Read released PDF, decide include/context/exclude, and extract source note fields.",https://foia.state.gov/DOCUMENTS/FOIA_L_Mar2025/FL-2017-13804/DOC_0C09000037/C09000037.pdf,https://foia.state.gov/DOCUMENTS/FOIA_L_Mar2025/FL-2017-13804/DOC_0C09000037/C09000037.pdf,"Source: Department of State, FOIA Virtual Reading Room, Strobe Talbott FOIA release, Document C09000037. Unclassified."
21,Rebalance Coverage,101,1998-05-20,Source Lead,"MEMORANDUM OF CONVERSATION BETWEEN PREISDENT CLINTON AND THE PRESIDENT OF RUSSIA BORIS YELTSIN ON 5/12/1998, S/S#9808780 w/Attached Cover Sheet",NATO-Russia and Partnership,Pending,selection,NATO-Russia thread; late-volume coverage; non-crisis lane,"Read released PDF, decide include/context/exclude, and extract source note fields.",https://foia.state.gov/DOCUMENTS/FOIA_L_Mar2023/FL-2017-13804/DOC_0C09000006/C09000006.pdf,https://foia.state.gov/DOCUMENTS/FOIA_L_Mar2023/FL-2017-13804/DOC_0C09000006/C09000006.pdf,"Source: Department of State, FOIA Virtual Reading Room, Strobe Talbott FOIA release, Document C09000006. Unclassified; Nodis; Eyes Only."
22,Rebalance Coverage,101,1998-12-21,Source Lead,"December 21, 1998 Letter From Strobe Talbott To Bronislaw Geremek",European Security Architecture,Pending,selection,Madrid/accession thread; late-volume coverage; non-crisis lane,"Read released PDF, decide include/context/exclude, and extract source note fields.",https://foia.state.gov/DOCUMENTS/FOIA_L_Dec2023/FL-2017-13804/DOC_0C09000050/C09000050.pdf,https://foia.state.gov/DOCUMENTS/FOIA_L_Dec2023/FL-2017-13804/DOC_0C09000050/C09000050.pdf,"Source: Department of State, FOIA Virtual Reading Room, Strobe Talbott FOIA release, Document C09000050. Unclassified."
23,Rebalance Coverage,101,1999-04-29,Source Lead,UPDATE FROM STROBE,NATO-Russia and Partnership,Pending,selection,NATO-Russia thread; late-volume coverage; non-crisis lane,"Read released PDF, decide include/context/exclude, and extract source note fields.",https://foia.state.gov/DOCUMENTS/FOIA_L_June2024/FL-2017-13804/DOC_0C09000019/C09000019.pdf,https://foia.state.gov/DOCUMENTS/FOIA_L_June2024/FL-2017-13804/DOC_0C09000019/C09000019.pdf,"Source: Department of State, FOIA Virtual Reading Room, Strobe Talbott FOIA release, Document C09000019. Unclassified."
24,Rebalance Coverage,101,2000-02-02,Source Lead,Secretary Albright's Meeting with Acting President Putin,NATO-Russia and Partnership,Pending,selection,NATO-Russia thread; late-volume coverage; non-crisis lane,"Read released PDF, decide include/context/exclude, and extract source note fields.",https://foia.state.gov/DOCUMENTS/FOIA_L_July2022/FL-2017-13804/DOC_0C09000064/C09000064.pdf,https://foia.state.gov/DOCUMENTS/FOIA_L_July2022/FL-2017-13804/DOC_0C09000064/C09000064.pdf,"Source: Department of State, FOIA Virtual Reading Room, Strobe Talbott FOIA release, Document C09000064. Confidential."
25,Chase Diary Leads,101,1999-11-18,Context,Presidential Daily Diary reference: OSCE Istanbul Summit and bilateral meeting with Yeltsin,NATO-Russia and Partnership,Context candidate,,OSCE/CSCE architecture; NATO-Russia thread; late-volume coverage; non-crisis lane,"Chase substantive memcon, telcon, briefing book, trip file, or summit file.",https://catalog.archives.gov/id/17368195,https://s3.amazonaws.com/NARAprodstorage/opastorage/live/95/3681/17368195/content/presidential-libraries/clinton/foia/2010-0083-F/2010-0083-F-PDF/Box_002/42-t-7262157-20100083F-002-012-2015.pdf,"Source: National Archives and Records Administration, National Archives Catalog, Clinton Presidential Records, Presidential Daily Diary, Ellen McCathran Files, Release LPWJC 2010-0083-F, [Ellen McCathran - Presidential Daily Diary - Hardcopy 10/6/99; 10/11/99; 10/18/99; 10/28/99; 11/6/99; 10/11/99; 10/18/99; 10/28/99; 11/6/99; 11/17/99; 11/18/99; 11/30/99], NAID 17368195, Unclassified diary record. Source pages: pages 51-59."
26,Rebalance Coverage,99,1994-01-01,Scout Lead,"Briefing Books - POTUS Trip to Prague, Czech Republic, January 11-12, 1994",NATO Strategy and Enlargement,Pending,selection,Madrid/accession thread; non-crisis lane,"Extract document-level candidates with actual dates, page spans, markings, and source path.",https://catalog.archives.gov/id/368557013,https://s3.us-east-1.amazonaws.com/NARAprodstorage/lz/presidential-libraries/clinton/7585709/7585709-20170413F-002-008-2024.pdf,"Source: National Archives and Records Administration, National Archives Catalog, Briefing Books - POTUS Trip to Prague, Czech Republic, January 11-12, 1994, NAID 368557013."
27,Chase Diary Leads,99,1999-04-23,Context,Presidential Daily Diary reference: NATO 50th Anniversary Summit weekend,Crisis Security Files,Context candidate,,NAC/USNATO gap; NATO-Russia thread; late-volume coverage,"Chase substantive memcon, telcon, briefing book, trip file, or summit file.",https://catalog.archives.gov/id/147870961,https://s3.amazonaws.com/NARAprodstorage/lz/presidential-libraries/clinton/foia/2013/2013-0549-F/42-t-101784486-20130549F-011-004-2018.pdf,"Source: National Archives and Records Administration, National Archives Catalog, Clinton Presidential Records, Presidential Daily Diary, Ellen McCathran Files, Release LPWJC 2013-0549-F, [04/18/1999-04/30/1999], NAID 147870961, Unclassified diary record. Source pages: pages 40-49."
28,Rebalance Coverage,95,1996-06-10,Source Lead,"SECRETARY CHRISTOPHER'S MEETING WITH RUSSIAN FOREIGN MINISTER PRIMAKOV; JUNE 4, 1996, BERLIN w/Attached Cover Sheet",NATO-Russia and Partnership,Include candidate,,NATO-Russia thread; non-crisis lane,"Read released PDF, decide include/context/exclude, and extract source note fields.",https://foia.state.gov/DOCUMENTS/FOIA_L_Oct2024/FL-2017-13804/DOC_0C09000034/C09000034.pdf,https://foia.state.gov/DOCUMENTS/FOIA_L_Oct2024/FL-2017-13804/DOC_0C09000034/C09000034.pdf,"Source: Department of State, FOIA Virtual Reading Room, Strobe Talbott FOIA release, Document C09000034. Confidential; Nodis."
29,Rebalance Coverage,95,1996-09-06,Source Lead,ACTING SECRETARY TALBOTT'S CONVERSATION WITH RUSSIAN DEPUTY FOREIGN MINISTER MAMEDOV,NATO-Russia and Partnership,Include candidate,,NATO-Russia thread; non-crisis lane,"Read released PDF, decide include/context/exclude, and extract source note fields.",https://foia.state.gov/DOCUMENTS/FOIA_L_Mar2025/FL-2017-13804/DOC_0C09000058/C09000058.pdf,https://foia.state.gov/DOCUMENTS/FOIA_L_Mar2025/FL-2017-13804/DOC_0C09000058/C09000058.pdf,"Source: Department of State, FOIA Virtual Reading Room, Strobe Talbott FOIA release, Document C09000058. Secret; Nodis; Eyes Only."
30,Chase Diary Leads,93,1994-12-05,Context,"Presidential Daily Diary reference: CSCE Budapest Summit and meetings with Yeltsin, Kohl, Croatian and Bosnian officials",Crisis Security Files,Context candidate,,OSCE/CSCE architecture; Madrid/accession thread; NATO-Russia thread,"Chase substantive memcon, telcon, briefing book, trip file, or summit file.",https://catalog.archives.gov/id/147870813,https://s3.amazonaws.com/NARAprodstorage/lz/presidential-libraries/clinton/foia/2013/2013-0549-F/42-t-101784486-20130549F-004-012-2018.pdf,"Source: National Archives and Records Administration, National Archives Catalog, Clinton Presidential Records, Presidential Daily Diary, Ellen McCathran Files, Release LPWJC 2013-0549-F, [12/01/1994-12/15/1994], NAID 147870813, Unclassified diary record. Source pages: pages 42-44."
31,Rebalance Coverage,91,1993-04-28,Source Lead,Proposed Message to President Yeltsin,NATO-Russia and Partnership,Pending,selection,NATO-Russia thread; non-crisis lane,"Read released PDF, decide include/context/exclude, and extract source note fields.",https://foia.state.gov/DOCUMENTS/FOIA_L_July2022/FL-2017-13804/DOC_0C09000054/C09000054.pdf,https://foia.state.gov/DOCUMENTS/FOIA_L_July2022/FL-2017-13804/DOC_0C09000054/C09000054.pdf,"Source: Department of State, FOIA Virtual Reading Room, Strobe Talbott FOIA release, Document C09000054. Secret."
32,Rebalance Coverage,91,1993-07-16,Source Lead,Memon with President Boris Yeltsin of Russia w/Attached Cover Sheet,NATO-Russia and Partnership,Pending,selection,NATO-Russia thread; non-crisis lane,"Read released PDF, decide include/context/exclude, and extract source note fields.",https://foia.state.gov/DOCUMENTS/FOIA_L_Oct2023/FL-2017-13804/DOC_0C09000001/C09000001.pdf,https://foia.state.gov/DOCUMENTS/FOIA_L_Oct2023/FL-2017-13804/DOC_0C09000001/C09000001.pdf,"Source: Department of State, FOIA Virtual Reading Room, Strobe Talbott FOIA release, Document C09000001. Secret; Nodis; Eyes Only."
33,Rebalance Coverage,91,1996-06-18,Source Lead,Transmittal Memorandum of Telephone Conversation with Russian Boris Yeltsin w/Attachment(s),NATO-Russia and Partnership,Pending,selection,NATO-Russia thread; non-crisis lane,"Read released PDF, decide include/context/exclude, and extract source note fields.",https://foia.state.gov/DOCUMENTS/FOIA_L_Mar2025/FL-2017-13804/DOC_0C09000056/C09000056.pdf,https://foia.state.gov/DOCUMENTS/FOIA_L_Mar2025/FL-2017-13804/DOC_0C09000056/C09000056.pdf,"Source: Department of State, FOIA Virtual Reading Room, Strobe Talbott FOIA release, Document C09000056. Confidential; Nodis."
34,Rebalance Coverage,91,1996-07-03,Source Lead,Meeting with Polish President Kwasniewski,NATO-Russia and Partnership,Pending,selection,Madrid/accession thread; non-crisis lane,"Read released PDF, decide include/context/exclude, and extract source note fields.",https://foia.state.gov/DOCUMENTS/FOIA_L_Apr2023/FL-2017-13804/DOC_0C09000079/C09000079.pdf,https://foia.state.gov/DOCUMENTS/FOIA_L_Apr2023/FL-2017-13804/DOC_0C09000079/C09000079.pdf,"Source: Department of State, FOIA Virtual Reading Room, Strobe Talbott FOIA release, Document C09000079. Confidential."
35,Rebalance Coverage,91,1996-10-13,Source Lead,A/S GATI TOUR D'HORIZON WITH DFM MAMEDOV,NATO-Russia and Partnership,Pending,selection,NATO-Russia thread; non-crisis lane,"Read released PDF, decide include/context/exclude, and extract source note fields.",https://foia.state.gov/DOCUMENTS/FOIA_L_Mar2025/FL-2017-13804/DOC_0C09000065/C09000065.pdf,https://foia.state.gov/DOCUMENTS/FOIA_L_Mar2025/FL-2017-13804/DOC_0C09000065/C09000065.pdf,"Source: Department of State, FOIA Virtual Reading Room, Strobe Talbott FOIA release, Document C09000065. Confidential; Nodis."
36,Rebalance Coverage,91,2000-01-01,Scout Lead,"Estonia - Meeting with Minister of Defense Juri Luik, March 9, 2000",NATO-Russia and Partnership,Pending,selection,late-volume coverage; non-crisis lane,"Extract document-level candidates with actual dates, page spans, markings, and source path.",https://catalog.archives.gov/id/23901636,https://s3.amazonaws.com/NARAprodstorage/opastorage/live/36/9016/23901636/content/presidential-libraries/clinton/foia/2011-1036-F/2011-1036-F-JPG/Box_004/42-t-7585471-20111036F-004-006-2015/42_t_7585471_20111036F_004_006_2015_Page_001.JPG,"Source: National Archives and Records Administration, National Archives Catalog, Records of the National Security Council European Affairs Office (Clinton Administration), Antony Blinken's Files, Estonia - Meeting with Minister of Defense Juri Luik, March 9, 2000, NAID 23901636."
37,Rebalance Coverage,91,2000-01-01,Scout Lead,"Lithuania - Meeting with Deputy Foreign Minister Usackas, November 13, 2000",NATO Strategy and Enlargement,Pending,selection,late-volume coverage; non-crisis lane,"Extract document-level candidates with actual dates, page spans, markings, and source path.",https://catalog.archives.gov/id/23902170,https://s3.us-east-1.amazonaws.com/NARAprodstorage/lz/presidential-libraries/clinton/wjc-nscea/7585471/42-t-7585471-20111038F-002-019-2015.pdf,"Source: National Archives and Records Administration, National Archives Catalog, Records of the National Security Council European Affairs Office (Clinton Administration), Antony Blinken's Files, Lithuania - Meeting with Deputy Foreign Minister Usackas, November 13, 2000, NAID 23902170."
38,Rebalance Coverage,89,1997-07-12,Source Lead,"MEMORANDUM OF CONVERSATION BETWEEN SECRETARY OF STATE ALBRIGHT AND RUSSIAN FOREIGN MINISTER PRIMAKOV RUSSIA: ST. PETERSBURG JULY 12, 1997 AT DINNER IN ""NOBLES' NEST"" RESTAURANT (DVORYANSKOYE GNEZDO) BOSNIA w/Attachment(s)",Crisis Security Files,Include candidate,,NATO-Russia thread; late-volume coverage,"Read released PDF, decide include/context/exclude, and extract source note fields.",https://foia.state.gov/DOCUMENTS/FOIA_L_Oct2024/FL-2017-13804/DOC_0C09000045/C09000045.pdf,https://foia.state.gov/DOCUMENTS/FOIA_L_Oct2024/FL-2017-13804/DOC_0C09000045/C09000045.pdf,"Source: Department of State, FOIA Virtual Reading Room, Strobe Talbott FOIA release, Document C09000045. Unclassified."
39,Rebalance Coverage,89,1999-04-13,Source Lead,"Under Secretary Pickering's Meeting with Russian Deputy Foreign Minister Georgiy Mamedov, April 9, 1999, Dresden, Germany w/Attachment(s)",Crisis Security Files,Include candidate,,NATO-Russia thread; late-volume coverage,"Read released PDF, decide include/context/exclude, and extract source note fields.",https://foia.state.gov/DOCUMENTS/FOIA_L_June2024/FL-2017-13804/DOC_0C09000042/C09000042.pdf,https://foia.state.gov/DOCUMENTS/FOIA_L_June2024/FL-2017-13804/DOC_0C09000042/C09000042.pdf,"Source: Department of State, FOIA Virtual Reading Room, Strobe Talbott FOIA release, Document C09000042. Secret."
40,Rebalance Coverage,89,1999-06-08,Memcon,Memorandum of Conversation - President Arpad Goncz of Hungary,NATO Strategy and Enlargement,Include candidate,chronology,Madrid/accession thread; late-volume coverage; non-crisis lane,Verify Washington time and chronological placement.,https://clinton.presidentiallibraries.us/items/show/101598,https://clinton.presidentiallibraries.us/files/original/bba4979c2e685ab534478f898bf75c30.pdf,"Source: William J. Clinton Presidential Library, Clinton Digital Library, Declassified Documents, Memcons - Memoranda of Conversation, Release 2015-0133-M, Item 101598. Confidential."
41,Rebalance Coverage,89,1999-11-19,Memcon,Memorandum of Conversation - President Boris Yeltsin of Russia,NATO-Russia and Partnership,Include candidate,chronology,NATO-Russia thread; late-volume coverage; non-crisis lane,Verify Washington time and chronological placement.,https://clinton.presidentiallibraries.us/items/show/101582,https://clinton.presidentiallibraries.us/files/original/3ea5b8a29cbf7b1fc12b3d62aa2c6285.pdf,"Source: William J. Clinton Presidential Library, Clinton Digital Library, Declassified Documents, Memcons - Memoranda of Conversation, Release 2015-0777-M, Item 101582. Secret."
42,Rebalance Coverage,87,1993-01-01,Scout Lead,Bosnia - CSCE [Council on Security and Cooperation in Europe],Crisis Security Files,Pending,selection,OSCE/CSCE architecture,"Extract document-level candidates with actual dates, page spans, markings, and source path.",https://catalog.archives.gov/id/40482313,https://s3.amazonaws.com/NARAprodstorage/opastorage/live/13/4823/40482313/content/presidential-libraries/clinton/foia/2008/2008-0994-F/2008-0994-F-Bosnia-JPG/Box_005/42-t-7585484-20080994F-005-006-2016/42_t_7585484_20080994F_005_006_2016_Page_001.JPG,"Source: National Archives and Records Administration, National Archives Catalog, Records of the National Security Council European Affairs Office (Clinton Administration), Jane Holl's Files, Bosnia - CSCE [Council on Security and Cooperation in Europe], NAID 40482313."
43,Rebalance Coverage,87,1997-07-22,Source Lead,"July 22, 1997 Letter From Strobe Talbott To H.E. Anatoly Chubais",NATO-Russia and Partnership,Include candidate,,late-volume coverage; non-crisis lane,"Read released PDF, decide include/context/exclude, and extract source note fields.",https://foia.state.gov/DOCUMENTS/FOIA_L_Apr2024/FL-2017-13804/DOC_0C09000060/C09000060.pdf,https://foia.state.gov/DOCUMENTS/FOIA_L_Apr2024/FL-2017-13804/DOC_0C09000060/C09000060.pdf,"Source: Department of State, FOIA Virtual Reading Room, Strobe Talbott FOIA release, Document C09000060. Unclassified."
44,Rebalance Coverage,87,1998-02-15,Source Lead,"February 15, 1998 Note From Strobe Talbott To Amb. Grossman",European Security Architecture,Include candidate,,late-volume coverage; non-crisis lane,"Read released PDF, decide include/context/exclude, and extract source note fields.",https://foia.state.gov/DOCUMENTS/FOIA_L_Oct2023/FL-2017-13804/DOC_0C09000090/C09000090.pdf,https://foia.state.gov/DOCUMENTS/FOIA_L_Oct2023/FL-2017-13804/DOC_0C09000090/C09000090.pdf,"Source: Department of State, FOIA Virtual Reading Room, Strobe Talbott FOIA release, Document C09000090. Unclassified."
45,Rebalance Coverage,87,1998-03-26,Source Lead,Weekly Report from the Department of State,NATO-Russia and Partnership,Include candidate,,late-volume coverage; non-crisis lane,"Read released PDF, decide include/context/exclude, and extract source note fields.",https://foia.state.gov/DOCUMENTS/FOIA_L_Apr2023/FL-2017-13804/DOC_0C09000004/C09000004.pdf,https://foia.state.gov/DOCUMENTS/FOIA_L_Apr2023/FL-2017-13804/DOC_0C09000004/C09000004.pdf,"Source: Department of State, FOIA Virtual Reading Room, Strobe Talbott FOIA release, Document C09000004. Confidential; Nodis."
46,Rebalance Coverage,87,1999-05-15,Source Lead,"Memorandum of Conversation: Meeting with President Ahtisaari, May 15, 1999",NATO-Russia and Partnership,Include candidate,,late-volume coverage; non-crisis lane,"Read released PDF, decide include/context/exclude, and extract source note fields.",https://foia.state.gov/DOCUMENTS/FOIA_L_June2024/FL-2017-13804/DOC_0C09000038/C09000038.pdf,https://foia.state.gov/DOCUMENTS/FOIA_L_June2024/FL-2017-13804/DOC_0C09000038/C09000038.pdf,"Source: Department of State, FOIA Virtual Reading Room, Strobe Talbott FOIA release, Document C09000038. Secret."
47,Rebalance Coverage,87,2000-07-31,Source Lead,"July 31, 2000 Note From Strobe Talbott To the Secretary",NATO Strategy and Enlargement,Include candidate,,late-volume coverage; non-crisis lane,"Read released PDF, decide include/context/exclude, and extract source note fields.",https://foia.state.gov/DOCUMENTS/FOIA_L_Apr2024/FL-2017-13804/DOC_0C09000010/C09000010.pdf,https://foia.state.gov/DOCUMENTS/FOIA_L_Apr2024/FL-2017-13804/DOC_0C09000010/C09000010.pdf,"Source: Department of State, FOIA Virtual Reading Room, Strobe Talbott FOIA release, Document C09000010. Confidential."
48,Rebalance Coverage,85,1994-01-01,Scout Lead,CSCE [Conference on Security and Cooperation in Europe] December 1994 [4],Crisis Security Files,Context candidate,,OSCE/CSCE architecture,"Extract document-level candidates with actual dates, page spans, markings, and source path.",https://catalog.archives.gov/id/147873135,https://s3.amazonaws.com/NARAprodstorage/lz/presidential-libraries/clinton/foia/2014/2014-0846-F/42-t-7585511-20140846F-002-003-2019.pdf,"Source: National Archives and Records Administration, National Archives Catalog, Records of the National Security Council Executive Secretary (Clinton Administration), William Itoh's Files, CSCE [Conference on Security and Cooperation in Europe] December 1994 [4], NAID 147873135."
49,Rebalance Coverage,85,1995-12-03,Memcon,Memorandum of Conversation with Spanish Prime Minister Felipe Gonzalez,Crisis Security Files,Include candidate,chronology,OSCE/CSCE architecture; NATO-EU/ESDI architecture,Verify Washington time and chronological placement.,https://clinton.presidentiallibraries.us/items/show/118881,https://clinton.presidentiallibraries.us/files/original/af632a0ca106bdddd19d802cd3a5ba6e.pdf,"Source: William J. Clinton Presidential Library, Clinton Digital Library, Clinton Presidential Records, Memcons - Memoranda of Conversation, Release 2015-0548-M, Item 118881. Confidential. Source pages: 10 pages counted."
50,Rebalance Coverage,85,1999-04-11,Source Lead,MESSAGE TO PRESIDENT YELTSIN REGARDING THE SITUATION IN KOSOVO,Crisis Security Files,Pending,selection,NATO-Russia thread; late-volume coverage,"Read released PDF, decide include/context/exclude, and extract source note fields.",https://foia.state.gov/DOCUMENTS/FOIA_L_June2024/FL-2017-13804/DOC_0C09000040/C09000040.pdf,https://foia.state.gov/DOCUMENTS/FOIA_L_June2024/FL-2017-13804/DOC_0C09000040/C09000040.pdf,"Source: Department of State, FOIA Virtual Reading Room, Strobe Talbott FOIA release, Document C09000040. Confidential."
51,Rebalance Coverage,85,2000-12-04,Source Lead,"TFSRO2: KOSOVO: RUSSIAN REACTION TO NATO AIR STRIKES, JUNE 1",Crisis Security Files,Pending,selection,NATO-Russia thread; late-volume coverage,"Read released PDF, decide include/context/exclude, and extract source note fields.",https://foia.state.gov/DOCUMENTS/FOIA_L_May2022/FL-2017-13804/DOC_0C09000047/C09000047.pdf,https://foia.state.gov/DOCUMENTS/FOIA_L_May2022/FL-2017-13804/DOC_0C09000047/C09000047.pdf,"Source: Department of State, FOIA Virtual Reading Room, Strobe Talbott FOIA release, Document C09000047. Unclassified."
52,Rebalance Coverage,83,1993-01-01,Scout Lead,Latvia/WTO [World Trade Organization]/[U.S. - European Union],Crisis Security Files,Pending,selection,NATO-EU/ESDI architecture,"Extract document-level candidates with actual dates, page spans, markings, and source path.",https://catalog.archives.gov/id/23901914,https://s3.us-east-1.amazonaws.com/NARAprodstorage/lz/presidential-libraries/clinton/wjc-nscea/7585473/42-t-7585473-20111037F-007-015-2015.pdf,"Source: National Archives and Records Administration, National Archives Catalog, Records of the National Security Council European Affairs Office (Clinton Administration), Keirn Brown's Files, Latvia/WTO [World Trade Organization]/[U.S. - European Union], NAID 23901914."
53,Rebalance Coverage,83,1997-01-21,Source Lead,"January 21, 1997 Note From Strobe Talbott To Barbara Larkin",NATO-Russia and Partnership,Pending,selection,late-volume coverage; non-crisis lane,"Read released PDF, decide include/context/exclude, and extract source note fields.",https://foia.state.gov/DOCUMENTS/FOIA_L_Jan2024/FL-2017-13804/DOC_0C09000069/C09000069.pdf,https://foia.state.gov/DOCUMENTS/FOIA_L_Jan2024/FL-2017-13804/DOC_0C09000069/C09000069.pdf,"Source: Department of State, FOIA Virtual Reading Room, Strobe Talbott FOIA release, Document C09000069. Unclassified."
54,Rebalance Coverage,83,1997-02-27,Telcon,"Telephone call with President Boris Yeltsin of Russia, February 27, 1997, White House",NATO-Russia and Partnership,Context candidate,chronology,NATO-Russia thread; late-volume coverage; non-crisis lane,Verify Washington time and chronological placement.,https://www.clintonlibrary.gov/research/archives/finding-aids/declassified-documents-concerning-russian-president-boris-yeltsin-0,https://www.clintonlibrary.gov/sites/default/files/finding_aids_a_z/2026-01/2015-0782-M-2.pdf,"Source: Clinton Library, Meetings and Telephone Calls with Foreign Leaders, master chronology, Release packet 2015-0782-M-2. Confidential. Source pages: pages 87-89; 3 conversation pages."
55,Rebalance Coverage,83,1997-03-19,Source Lead,"March 19, 1997 Note From Strobe Talbott To Jeremy Rosner w/Attachment(s)",NATO-Russia and Partnership,Pending,selection,late-volume coverage; non-crisis lane,"Read released PDF, decide include/context/exclude, and extract source note fields.",https://foia.state.gov/DOCUMENTS/FOIA_L_Feb2024/FL-2017-13804/DOC_0C09000097/C09000097.pdf,https://foia.state.gov/DOCUMENTS/FOIA_L_Feb2024/FL-2017-13804/DOC_0C09000097/C09000097.pdf,"Source: Department of State, FOIA Virtual Reading Room, Strobe Talbott FOIA release, Document C09000097. Unclassified."
56,Rebalance Coverage,83,1997-03-21,Source Lead,JOINT STATEMENT ON U.S.-RUSSIA ECONOMIC INITIATIVE,NATO-Russia and Partnership,Pending,selection,late-volume coverage; non-crisis lane,"Read released PDF, decide include/context/exclude, and extract source note fields.",https://foia.state.gov/DOCUMENTS/FOIA_L_July2024/FL-2017-13804/DOC_0C09000013/C09000013.pdf,https://foia.state.gov/DOCUMENTS/FOIA_L_July2024/FL-2017-13804/DOC_0C09000013/C09000013.pdf,"Source: Department of State, FOIA Virtual Reading Room, Strobe Talbott FOIA release, Document C09000013. Unclassified."
57,Rebalance Coverage,83,1997-03-21,Memcon,Helsinki Afternoon Meeting with President Boris Yeltsin,NATO-Russia and Partnership,Context candidate,chronology,NATO-Russia thread; late-volume coverage; non-crisis lane,Verify Washington time and chronological placement.,https://www.clintonlibrary.gov/research/archives/finding-aids/declassified-documents-concerning-russian-president-boris-yeltsin-0,https://www.clintonlibrary.gov/sites/default/files/finding_aids_a_z/2026-01/2015-0782-M-2.pdf,"Source: Clinton Library, Meetings and Telephone Calls with Foreign Leaders, master chronology, Release packet 2015-0782-M-2. Secret. Source pages: pages 124-127; 4 conversation pages."
58,Rebalance Coverage,83,1997-03-21,Memcon,Helsinki Morning Meeting with President Boris Yeltsin,NATO-Russia and Partnership,Context candidate,chronology,NATO-Russia thread; late-volume coverage; non-crisis lane,Verify Washington time and chronological placement.,https://www.clintonlibrary.gov/research/archives/finding-aids/declassified-documents-concerning-russian-president-boris-yeltsin-0,https://www.clintonlibrary.gov/sites/default/files/finding_aids_a_z/2026-01/2015-0782-M-2.pdf,"Source: Clinton Library, Meetings and Telephone Calls with Foreign Leaders, master chronology, Release packet 2015-0782-M-2. Secret. Source pages: pages 105-115; 11 conversation pages."
59,Rebalance Coverage,83,1997-03-21,Memcon,Helsinki Private Dinner with President Boris Yeltsin,NATO-Russia and Partnership,Context candidate,chronology,NATO-Russia thread; late-volume coverage; non-crisis lane,Verify Washington time and chronological placement.,https://www.clintonlibrary.gov/research/archives/finding-aids/declassified-documents-concerning-russian-president-boris-yeltsin-0,https://www.clintonlibrary.gov/sites/default/files/finding_aids_a_z/2026-01/2015-0782-M-2.pdf,"Source: Clinton Library, Meetings and Telephone Calls with Foreign Leaders, master chronology, Release packet 2015-0782-M-2. Confidential. Source pages: pages 128-133; 6 conversation pages."
60,Rebalance Coverage,83,1997-03-21,Memcon,Helsinki Working Lunch with President Boris Yeltsin,NATO-Russia and Partnership,Context candidate,chronology,NATO-Russia thread; late-volume coverage; non-crisis lane,Verify Washington time and chronological placement.,https://www.clintonlibrary.gov/research/archives/finding-aids/declassified-documents-concerning-russian-president-boris-yeltsin-0,https://www.clintonlibrary.gov/sites/default/files/finding_aids_a_z/2026-01/2015-0782-M-2.pdf,"Source: Clinton Library, Meetings and Telephone Calls with Foreign Leaders, master chronology, Release packet 2015-0782-M-2. Secret. Source pages: pages 116-123; 8 conversation pages."
61,Rebalance Coverage,83,1997-05-27,Memcon,"Meeting with President Boris Yeltsin of Russia, May 27, 1997, Paris, France",NATO-Russia and Partnership,Context candidate,chronology,NATO-Russia thread; late-volume coverage; non-crisis lane,Verify Washington time and chronological placement.,https://www.clintonlibrary.gov/research/archives/finding-aids/declassified-documents-concerning-russian-president-boris-yeltsin-0,https://www.clintonlibrary.gov/sites/default/files/finding_aids_a_z/2026-01/2015-0782-M-2.pdf,"Source: Clinton Library, Meetings and Telephone Calls with Foreign Leaders, master chronology, Release packet 2015-0782-M-2. Confidential. Source pages: pages 143-150; 8 conversation pages."
62,Rebalance Coverage,83,1997-06-20,Memcon,"Meeting with President Boris Yeltsin of Russia, June 20, 1997, Denver, Colorado",NATO-Russia and Partnership,Context candidate,chronology,NATO-Russia thread; late-volume coverage; non-crisis lane,Verify Washington time and chronological placement.,https://www.clintonlibrary.gov/research/archives/finding-aids/declassified-documents-concerning-russian-president-boris-yeltsin-0,https://www.clintonlibrary.gov/sites/default/files/finding_aids_a_z/2026-01/2015-0782-M-2.pdf,"Source: Clinton Library, Meetings and Telephone Calls with Foreign Leaders, master chronology, Release packet 2015-0782-M-2. Secret. Source pages: pages 165-172; 8 conversation pages."
63,Rebalance Coverage,83,1997-07-21,Source Lead,"July 21, 1997 Note From Strobe Talbott To Ron Asmus w/Attachment(s)",NATO-Russia and Partnership,Pending,selection,late-volume coverage; non-crisis lane,"Read released PDF, decide include/context/exclude, and extract source note fields.",https://foia.state.gov/DOCUMENTS/FOIA_L_Jan2024/FL-2017-13804/DOC_0C09000095/C09000095.pdf,https://foia.state.gov/DOCUMENTS/FOIA_L_Jan2024/FL-2017-13804/DOC_0C09000095/C09000095.pdf,"Source: Department of State, FOIA Virtual Reading Room, Strobe Talbott FOIA release, Document C09000095. Unclassified."
64,Rebalance Coverage,83,1997-07-27,Source Lead,"July 27, 1997 Note From Strobe Talbott To Jeremy Rosner w/Attachment(s)",NATO Strategy and Enlargement,Pending,selection,late-volume coverage; non-crisis lane,"Read released PDF, decide include/context/exclude, and extract source note fields.",https://foia.state.gov/DOCUMENTS/FOIA_L_Jan2024/FL-2017-13804/DOC_0C09000089/C09000089.pdf,https://foia.state.gov/DOCUMENTS/FOIA_L_Jan2024/FL-2017-13804/DOC_0C09000089/C09000089.pdf,"Source: Department of State, FOIA Virtual Reading Room, Strobe Talbott FOIA release, Document C09000089. Unclassified."
65,Rebalance Coverage,83,1997-08-12,Source Lead,Using Hashimoto's speech.,NATO-Russia and Partnership,Pending,selection,late-volume coverage; non-crisis lane,"Read released PDF, decide include/context/exclude, and extract source note fields.",https://foia.state.gov/DOCUMENTS/FOIA_L_Sep2022/FL-2017-13804/DOC_0C09000007/C09000007.pdf,https://foia.state.gov/DOCUMENTS/FOIA_L_Sep2022/FL-2017-13804/DOC_0C09000007/C09000007.pdf,"Source: Department of State, FOIA Virtual Reading Room, Strobe Talbott FOIA release, Document C09000007. Unclassified."
66,Rebalance Coverage,83,1997-10-17,Source Lead,"October 17, 1997 Letter From Strobe Talbott To Lina Sarello w/Attachment(s)",European Security Architecture,Pending,selection,late-volume coverage; non-crisis lane,"Read released PDF, decide include/context/exclude, and extract source note fields.",https://foia.state.gov/DOCUMENTS/FOIA_L_Jan2024/FL-2017-13804/DOC_0C09000052/C09000052.pdf,https://foia.state.gov/DOCUMENTS/FOIA_L_Jan2024/FL-2017-13804/DOC_0C09000052/C09000052.pdf,"Source: Department of State, FOIA Virtual Reading Room, Strobe Talbott FOIA release, Document C09000052. Unclassified."
67,Rebalance Coverage,83,1997-10-17,Source Lead,"October 17, 2017 Letter From Strobe Talbott To Barbara Angrisano",European Security Architecture,Pending,selection,late-volume coverage; non-crisis lane,"Read released PDF, decide include/context/exclude, and extract source note fields.",https://foia.state.gov/DOCUMENTS/FOIA_L_Jan2024/FL-2017-13804/DOC_0C09000051/C09000051.pdf,https://foia.state.gov/DOCUMENTS/FOIA_L_Jan2024/FL-2017-13804/DOC_0C09000051/C09000051.pdf,"Source: Department of State, FOIA Virtual Reading Room, Strobe Talbott FOIA release, Document C09000051. Unclassified."
68,Rebalance Coverage,83,1997-10-30,Telcon,"Telephone call with President Boris Yeltsin of Russia, October 30, 1997, White House",NATO-Russia and Partnership,Context candidate,chronology,NATO-Russia thread; late-volume coverage; non-crisis lane,Verify Washington time and chronological placement.,https://www.clintonlibrary.gov/research/archives/finding-aids/declassified-documents-concerning-russian-president-boris-yeltsin-0,https://www.clintonlibrary.gov/sites/default/files/finding_aids_a_z/2026-01/2015-0782-M-2.pdf,"Source: Clinton Library, Meetings and Telephone Calls with Foreign Leaders, master chronology, Release packet 2015-0782-M-2. Confidential. Source pages: pages 183-188; 6 conversation pages."
69,Rebalance Coverage,83,1997-11-16,Telcon,"Telephone call with President Boris Yeltsin of Russia, November 16, 1997, Malibu, California",NATO-Russia and Partnership,Context candidate,chronology,NATO-Russia thread; late-volume coverage; non-crisis lane,Verify Washington time and chronological placement.,https://www.clintonlibrary.gov/research/archives/finding-aids/declassified-documents-concerning-russian-president-boris-yeltsin-0,https://www.clintonlibrary.gov/sites/default/files/finding_aids_a_z/2026-01/2015-0782-M-2.pdf,"Source: Clinton Library, Meetings and Telephone Calls with Foreign Leaders, master chronology, Release packet 2015-0782-M-2. Confidential. Source pages: pages 206-208; 3 conversation pages."
70,Rebalance Coverage,83,1997-11-22,Telcon,"Telephone call with President Boris Yeltsin of Russia, November 22, 1997, White House",NATO-Russia and Partnership,Context candidate,chronology,NATO-Russia thread; late-volume coverage; non-crisis lane,Verify Washington time and chronological placement.,https://www.clintonlibrary.gov/research/archives/finding-aids/declassified-documents-concerning-russian-president-boris-yeltsin-0,https://www.clintonlibrary.gov/sites/default/files/finding_aids_a_z/2026-01/2015-0782-M-2.pdf,"Source: Clinton Library, Meetings and Telephone Calls with Foreign Leaders, master chronology, Release packet 2015-0782-M-2. Confidential. Source pages: pages 218-223; 6 conversation pages."
71,Rebalance Coverage,83,1998-01-20,Source Lead,RUSSIA-IRAN MISSILES: NEXT STEPS,NATO-Russia and Partnership,Pending,selection,late-volume coverage; non-crisis lane,"Read released PDF, decide include/context/exclude, and extract source note fields.",https://foia.state.gov/DOCUMENTS/FOIA_L_Mar2025/FL-2017-13804/DOC_0C09000035/C09000035.pdf,https://foia.state.gov/DOCUMENTS/FOIA_L_Mar2025/FL-2017-13804/DOC_0C09000035/C09000035.pdf,"Source: Department of State, FOIA Virtual Reading Room, Strobe Talbott FOIA release, Document C09000035. Secret; Nodis."
72,Rebalance Coverage,83,1998-02-02,Telcon,"Telephone call with President Boris Yeltsin of Russia, February 2, 1998, White House",NATO-Russia and Partnership,Context candidate,chronology,NATO-Russia thread; late-volume coverage; non-crisis lane,Verify Washington time and chronological placement.,https://www.clintonlibrary.gov/research/archives/finding-aids/declassified-documents-concerning-russian-president-boris-yeltsin-0,https://www.clintonlibrary.gov/sites/default/files/finding_aids_a_z/2026-01/2015-0782-M-2.pdf,"Source: Clinton Library, Meetings and Telephone Calls with Foreign Leaders, master chronology, Release packet 2015-0782-M-2. Confidential. Source pages: pages 236-239; 4 conversation pages."
73,Rebalance Coverage,83,1998-02-23,Telcon,"Telephone call with President Boris Yeltsin of Russia, February 23, 1998, White House",NATO-Russia and Partnership,Context candidate,chronology,NATO-Russia thread; late-volume coverage; non-crisis lane,Verify Washington time and chronological placement.,https://www.clintonlibrary.gov/research/archives/finding-aids/declassified-documents-concerning-russian-president-boris-yeltsin-0,https://www.clintonlibrary.gov/sites/default/files/finding_aids_a_z/2026-01/2015-0782-M-2.pdf,"Source: Clinton Library, Meetings and Telephone Calls with Foreign Leaders, master chronology, Release packet 2015-0782-M-2. Confidential. Source pages: pages 253-256; 4 conversation pages."
74,Rebalance Coverage,83,1998-03-12,Source Lead,"March 12, 1998 Letter From Strobe Talbott To Nuzhet Kandemir w/Attachment(s)",European Security Architecture,Pending,selection,late-volume coverage; non-crisis lane,"Read released PDF, decide include/context/exclude, and extract source note fields.",https://foia.state.gov/DOCUMENTS/FOIA_L_Oct2023/FL-2017-13804/DOC_0C09000091/C09000091.pdf,https://foia.state.gov/DOCUMENTS/FOIA_L_Oct2023/FL-2017-13804/DOC_0C09000091/C09000091.pdf,"Source: Department of State, FOIA Virtual Reading Room, Strobe Talbott FOIA release, Document C09000091. Unclassified."
75,Rebalance Coverage,83,1998-04-06,Telcon,"Telephone call with President Boris Yeltsin of Russia, April 6, 1998, White House",NATO-Russia and Partnership,Context candidate,chronology,NATO-Russia thread; late-volume coverage; non-crisis lane,Verify Washington time and chronological placement.,https://www.clintonlibrary.gov/research/archives/finding-aids/declassified-documents-concerning-russian-president-boris-yeltsin-0,https://www.clintonlibrary.gov/sites/default/files/finding_aids_a_z/2026-01/2015-0782-M-2.pdf,"Source: Clinton Library, Meetings and Telephone Calls with Foreign Leaders, master chronology, Release packet 2015-0782-M-2. Secret. Source pages: pages 274-278; 5 conversation pages."
76,Rebalance Coverage,83,1998-05-04,Telcon,Memorandum of Telephone Conversation - President Vaclav Havel of the Czech Republic,NATO-Russia and Partnership,Include candidate,chronology,Madrid/accession thread; late-volume coverage; non-crisis lane,Verify Washington time and chronological placement.,https://clinton.presidentiallibraries.us/items/show/101537,,"Source: William J. Clinton Presidential Library, Clinton Digital Library, Declassified Documents, Telcons - Memoranda of Telephone Conversations, Release 2015-0773-M, Item 101537. No classification marking."
77,Rebalance Coverage,83,1998-05-05,Source Lead,Meeting with Prime Minister Romano Prodi w/Attachment(s),NATO Strategy and Enlargement,Pending,selection,late-volume coverage; non-crisis lane,"Read released PDF, decide include/context/exclude, and extract source note fields.",https://foia.state.gov/DOCUMENTS/FOIA_L_Mar2023/FL-2017-13804/DOC_0C09000053/C09000053.pdf,https://foia.state.gov/DOCUMENTS/FOIA_L_Mar2023/FL-2017-13804/DOC_0C09000053/C09000053.pdf,"Source: Department of State, FOIA Virtual Reading Room, Strobe Talbott FOIA release, Document C09000053. Unclassified."
78,Rebalance Coverage,83,1998-05-12,Telcon,"Telephone call with President Boris Yeltsin of Russia, May 12, 1998, White House",NATO-Russia and Partnership,Context candidate,chronology,NATO-Russia thread; late-volume coverage; non-crisis lane,Verify Washington time and chronological placement.,https://www.clintonlibrary.gov/research/archives/finding-aids/declassified-documents-concerning-russian-president-boris-yeltsin-0,https://www.clintonlibrary.gov/sites/default/files/finding_aids_a_z/2026-01/2015-0782-M-2.pdf,"Source: Clinton Library, Meetings and Telephone Calls with Foreign Leaders, master chronology, Release packet 2015-0782-M-2. Secret. Source pages: pages 286-290; 5 conversation pages."
79,Rebalance Coverage,83,1998-05-17,Memcon,"Meeting with President Boris Yeltsin of Russia, May 17, 1998, Birmingham, England",NATO-Russia and Partnership,Context candidate,chronology,NATO-Russia thread; late-volume coverage; non-crisis lane,Verify Washington time and chronological placement.,https://www.clintonlibrary.gov/research/archives/finding-aids/declassified-documents-concerning-russian-president-boris-yeltsin-0,https://www.clintonlibrary.gov/sites/default/files/finding_aids_a_z/2026-01/2015-0782-M-2.pdf,"Source: Clinton Library, Meetings and Telephone Calls with Foreign Leaders, master chronology, Release packet 2015-0782-M-2. Confidential. Source pages: pages 312-319; 8 conversation pages."
80,Rebalance Coverage,83,1998-05-21,Telcon,"Telephone call with President Boris Yeltsin of Russia, May 21, 1998, White House",NATO-Russia and Partnership,Context candidate,chronology,NATO-Russia thread; late-volume coverage; non-crisis lane,Verify Washington time and chronological placement.,https://www.clintonlibrary.gov/research/archives/finding-aids/declassified-documents-concerning-russian-president-boris-yeltsin-0,https://www.clintonlibrary.gov/sites/default/files/finding_aids_a_z/2026-01/2015-0782-M-2.pdf,"Source: Clinton Library, Meetings and Telephone Calls with Foreign Leaders, master chronology, Release packet 2015-0782-M-2. Confidential. Source pages: pages 301-303; 3 conversation pages."
81,Rebalance Coverage,83,1998-05-28,Telcon,"Telephone call with President Boris Yeltsin of Russia, May 28, 1998, White House",NATO-Russia and Partnership,Context candidate,chronology,NATO-Russia thread; late-volume coverage; non-crisis lane,Verify Washington time and chronological placement.,https://www.clintonlibrary.gov/research/archives/finding-aids/declassified-documents-concerning-russian-president-boris-yeltsin-0,https://www.clintonlibrary.gov/sites/default/files/finding_aids_a_z/2026-01/2015-0782-M-2.pdf,"Source: Clinton Library, Meetings and Telephone Calls with Foreign Leaders, master chronology, Release packet 2015-0782-M-2. Confidential. Source pages: pages 329-332; 4 conversation pages."
82,Rebalance Coverage,83,1998-06-15,Telcon,"Telephone call with President Boris Yeltsin of Russia, June 15, 1998, White House",NATO-Russia and Partnership,Context candidate,chronology,NATO-Russia thread; late-volume coverage; non-crisis lane,Verify Washington time and chronological placement.,https://www.clintonlibrary.gov/research/archives/finding-aids/declassified-documents-concerning-russian-president-boris-yeltsin-0,https://www.clintonlibrary.gov/sites/default/files/finding_aids_a_z/2026-01/2015-0782-M-2.pdf,"Source: Clinton Library, Meetings and Telephone Calls with Foreign Leaders, master chronology, Release packet 2015-0782-M-2. Confidential. Source pages: pages 342-346; 5 conversation pages."
83,Rebalance Coverage,83,1998-06-16,Telcon,"Telephone call with President Boris Yeltsin of Russia, June 16, 1998, White House",NATO-Russia and Partnership,Context candidate,chronology,NATO-Russia thread; late-volume coverage; non-crisis lane,Verify Washington time and chronological placement.,https://www.clintonlibrary.gov/research/archives/finding-aids/declassified-documents-concerning-russian-president-boris-yeltsin-0,https://www.clintonlibrary.gov/sites/default/files/finding_aids_a_z/2026-01/2015-0782-M-2.pdf,"Source: Clinton Library, Meetings and Telephone Calls with Foreign Leaders, master chronology, Release packet 2015-0782-M-2. Confidential. Source pages: pages 359-360; 2 conversation pages."
84,Rebalance Coverage,83,1998-07-10,Telcon,"Telephone call with President Boris Yeltsin of Russia, July 10, 1998, White House",NATO-Russia and Partnership,Context candidate,chronology,NATO-Russia thread; late-volume coverage; non-crisis lane,Verify Washington time and chronological placement.,https://www.clintonlibrary.gov/research/archives/finding-aids/declassified-documents-concerning-russian-president-boris-yeltsin-0,https://www.clintonlibrary.gov/sites/default/files/finding_aids_a_z/2026-01/2015-0782-M-2.pdf,"Source: Clinton Library, Meetings and Telephone Calls with Foreign Leaders, master chronology, Release packet 2015-0782-M-2. Confidential. Source pages: pages 371-374; 4 conversation pages."
85,Rebalance Coverage,83,1998-08-14,Telcon,"Telephone call with President Boris Yeltsin of Russia, August 14, 1998, White House",NATO-Russia and Partnership,Context candidate,chronology,NATO-Russia thread; late-volume coverage; non-crisis lane,Verify Washington time and chronological placement.,https://www.clintonlibrary.gov/research/archives/finding-aids/declassified-documents-concerning-russian-president-boris-yeltsin-0,https://www.clintonlibrary.gov/sites/default/files/finding_aids_a_z/2026-01/2015-0782-M-2.pdf,"Source: Clinton Library, Meetings and Telephone Calls with Foreign Leaders, master chronology, Release packet 2015-0782-M-2. Secret. Source pages: pages 384-389; 6 conversation pages."
86,Rebalance Coverage,83,1998-08-23,Source Lead,"August 23, 1998 Note From Strobe Talbott To Ms. Shocas",NATO-Russia and Partnership,Pending,selection,late-volume coverage; non-crisis lane,"Read released PDF, decide include/context/exclude, and extract source note fields.",https://foia.state.gov/DOCUMENTS/FOIA_L_Sep2023/FL-2017-13804/DOC_0C09000088/C09000088.pdf,https://foia.state.gov/DOCUMENTS/FOIA_L_Sep2023/FL-2017-13804/DOC_0C09000088/C09000088.pdf,"Source: Department of State, FOIA Virtual Reading Room, Strobe Talbott FOIA release, Document C09000088. Unclassified."
87,Rebalance Coverage,83,1998-08-25,Telcon,"Telephone call with President Boris Yeltsin of Russia, August 25, 1998, Martha's Vineyard, Massachusetts",NATO-Russia and Partnership,Context candidate,chronology,NATO-Russia thread; late-volume coverage; non-crisis lane,Verify Washington time and chronological placement.,https://www.clintonlibrary.gov/research/archives/finding-aids/declassified-documents-concerning-russian-president-boris-yeltsin-0,https://www.clintonlibrary.gov/sites/default/files/finding_aids_a_z/2026-01/2015-0782-M-2.pdf,"Source: Clinton Library, Meetings and Telephone Calls with Foreign Leaders, master chronology, Release packet 2015-0782-M-2. Secret. Source pages: pages 405-408; 4 conversation pages."
88,Rebalance Coverage,83,1998-09-01,Memcon,"Meetings with President Boris Yeltsin of Russia, September 1-2, 1998, Moscow, Russia",NATO-Russia and Partnership,Context candidate,chronology,NATO-Russia thread; late-volume coverage; non-crisis lane,Verify Washington time and chronological placement.,https://www.clintonlibrary.gov/research/archives/finding-aids/declassified-documents-concerning-russian-president-boris-yeltsin-0,https://www.clintonlibrary.gov/sites/default/files/finding_aids_a_z/2026-01/2015-0782-M-2.pdf,"Source: Clinton Library, Meetings and Telephone Calls with Foreign Leaders, master chronology, Release packet 2015-0782-M-2."
89,Rebalance Coverage,83,1998-09-12,Telcon,"Telephone call with President Boris Yeltsin of Russia, September 12, 1998, White House",NATO-Russia and Partnership,Context candidate,chronology,NATO-Russia thread; late-volume coverage; non-crisis lane,Verify Washington time and chronological placement.,https://www.clintonlibrary.gov/research/archives/finding-aids/declassified-documents-concerning-russian-president-boris-yeltsin-0,https://www.clintonlibrary.gov/sites/default/files/finding_aids_a_z/2026-01/2015-0782-M-2.pdf,"Source: Clinton Library, Meetings and Telephone Calls with Foreign Leaders, master chronology, Release packet 2015-0782-M-2. Confidential. Source pages: pages 422-425; 4 conversation pages."
90,Rebalance Coverage,83,1998-09-29,Source Lead,Memorandum of Conversation between the President and Russian Foreign Minister Igor Ivanov w/Attachment(s),NATO-Russia and Partnership,Pending,selection,late-volume coverage; non-crisis lane,"Read released PDF, decide include/context/exclude, and extract source note fields.",https://foia.state.gov/DOCUMENTS/FOIA_L_Mar2025/FL-2017-13804/DOC_0C09000014/C09000014.pdf,https://foia.state.gov/DOCUMENTS/FOIA_L_Mar2025/FL-2017-13804/DOC_0C09000014/C09000014.pdf,"Source: Department of State, FOIA Virtual Reading Room, Strobe Talbott FOIA release, Document C09000014. Confidential; Nodis."
91,Rebalance Coverage,83,1998-10-05,Telcon,"Telephone call with President Boris Yeltsin of Russia, October 5, 1998, White House",NATO-Russia and Partnership,Context candidate,chronology,NATO-Russia thread; late-volume coverage; non-crisis lane,Verify Washington time and chronological placement.,https://www.clintonlibrary.gov/research/archives/finding-aids/declassified-documents-concerning-russian-president-boris-yeltsin-0,https://clinton.presidentiallibraries.us/files/original/dac856cd6bbd10b93c2eb815862bce44.pdf,"Source: Clinton Library, Meetings and Telephone Calls with Foreign Leaders, master chronology, Release packet 2015-0782-M-2. Counted from Clinton Digital Library item 100503, MDR release 2016-0620-M. Source PDF pages 1-2 are an August 24 briefing memorandum and page 6 is a separate Berger memorandum; only telcon pages 3-5 were counted. Secret."
92,Rebalance Coverage,83,1998-12-30,Telcon,"Telephone call with President Boris Yeltsin of Russia, December 30, 1998, White House",NATO-Russia and Partnership,Context candidate,chronology,NATO-Russia thread; late-volume coverage; non-crisis lane,Verify Washington time and chronological placement.,https://www.clintonlibrary.gov/research/archives/finding-aids/declassified-documents-concerning-russian-president-boris-yeltsin-0,https://clinton.presidentiallibraries.us/files/original/1ec29c3214c0ccb6c6ed30fd7e5b06af.pdf,"Source: Clinton Library, Meetings and Telephone Calls with Foreign Leaders, master chronology, Release packet 2015-0782-M-2. Counted from Clinton Digital Library item 119190. The source PDF appears to consist only of the December 30, 1998 Clinton-Yeltsin telcon. Confidential."
93,Rebalance Coverage,83,1999-03-09,Source Lead,SECRETARY'S MARCH 8 CONVERSATION WITH RUSSIAN FM IVANOV,NATO-Russia and Partnership,Pending,selection,late-volume coverage; non-crisis lane,"Read released PDF, decide include/context/exclude, and extract source note fields.",https://foia.state.gov/DOCUMENTS/FOIA_L_Mar2025/FL-2017-13804/DOC_0C09000024/C09000024.pdf,https://foia.state.gov/DOCUMENTS/FOIA_L_Mar2025/FL-2017-13804/DOC_0C09000024/C09000024.pdf,"Source: Department of State, FOIA Virtual Reading Room, Strobe Talbott FOIA release, Document C09000024. Unclassified; Nodis; Eyes Only."
94,Rebalance Coverage,83,1999-04-22,Source Lead,Meeting with NATO Secretary General Javier Solana,European Security Architecture,Pending,selection,late-volume coverage; non-crisis lane,"Read released PDF, decide include/context/exclude, and extract source note fields.",https://foia.state.gov/DOCUMENTS/FOIA_L_June2024/FL-2017-13804/DOC_0C09000029/C09000029.pdf,https://foia.state.gov/DOCUMENTS/FOIA_L_June2024/FL-2017-13804/DOC_0C09000029/C09000029.pdf,"Source: Department of State, FOIA Virtual Reading Room, Strobe Talbott FOIA release, Document C09000029. Secret."
95,Rebalance Coverage,83,1999-04-30,Source Lead,OFFICIAL INFORMAL: DEPUTY SECRETARY'S MEETING WITH HEAD OF PRESIDENTIAL ADMINISTRATION VOLOSHIN,NATO-Russia and Partnership,Pending,selection,late-volume coverage; non-crisis lane,"Read released PDF, decide include/context/exclude, and extract source note fields.",https://foia.state.gov/DOCUMENTS/FOIA_L_June2024/FL-2017-13804/DOC_0C09000021/C09000021.pdf,https://foia.state.gov/DOCUMENTS/FOIA_L_June2024/FL-2017-13804/DOC_0C09000021/C09000021.pdf,"Source: Department of State, FOIA Virtual Reading Room, Strobe Talbott FOIA release, Document C09000021. Confidential."
96,Rebalance Coverage,83,1999-05-01,Source Lead,TFSR02: DEPSEC AND FISCHER: KEEP RUSSIA ENGAGED; REVIEW SPECIFICS TO MAINTAIN UNITED FRONT,NATO-Russia and Partnership,Pending,selection,late-volume coverage; non-crisis lane,"Read released PDF, decide include/context/exclude, and extract source note fields.",https://foia.state.gov/DOCUMENTS/FOIA_L_June2024/FL-2017-13804/DOC_0C09000022/C09000022.pdf,https://foia.state.gov/DOCUMENTS/FOIA_L_June2024/FL-2017-13804/DOC_0C09000022/C09000022.pdf,"Source: Department of State, FOIA Virtual Reading Room, Strobe Talbott FOIA release, Document C09000022. Confidential."
97,Rebalance Coverage,83,1999-06-04,Source Lead,"MDR packet 2014-0546-M-Release-A: Clinton letter to Yeltsin on Kosovo, June 4, 1999",Crisis Security Files,Context candidate,,NATO-Russia thread; late-volume coverage,"Read released PDF, decide include/context/exclude, and extract source note fields.",https://www.clintonlibrary.gov/research/archives/finding-aids/declassified-documents-concerning-russian-president-boris-yeltsin-11,https://www.clintonlibrary.gov/sites/default/files/finding_aids_a_z/2026-04/2014-0546-M-A.pdf,"Source: William J. Clinton Presidential Library, MDR Release 2014-0546-M-Release-A, finding-aid summary identifies multiple copies of a Clinton letter to Yeltsin concerning Kosovo."
98,Rebalance Coverage,83,2000-01-24,Source Lead,"A BALTIC HOME-COMING: ROBERT C. FRASURE MEMORIAL LECTURE BY STROBE TALBOTT DEPUTY SECRETARY OF STATE JANUARY 24, 2000 TALLINN, ESTONIA w/Attached Fax Sheet",NATO Strategy and Enlargement,Pending,selection,late-volume coverage; non-crisis lane,"Read released PDF, decide include/context/exclude, and extract source note fields.",https://foia.state.gov/DOCUMENTS/FOIA_L_Dec2023/FL-2017-13804/DOC_0C09000017/C09000017.pdf,https://foia.state.gov/DOCUMENTS/FOIA_L_Dec2023/FL-2017-13804/DOC_0C09000017/C09000017.pdf,"Source: Department of State, FOIA Virtual Reading Room, Strobe Talbott FOIA release, Document C09000017. Unclassified."
99,Rebalance Coverage,83,2000-06-04,Source Lead,JOINT STATEMENT BY THE PRESIDENTS OF THE UNITED STATES OF AMERICA AND THE RUSSIAN FEDERATION ON PRINCIPLES OF STRATEGIC STABILITY,NATO-Russia and Partnership,Pending,selection,late-volume coverage; non-crisis lane,"Read released PDF, decide include/context/exclude, and extract source note fields.",https://foia.state.gov/DOCUMENTS/FOIA_L_Oct2024/FL-2017-13804/DOC_0C09000055/C09000055.pdf,https://foia.state.gov/DOCUMENTS/FOIA_L_Oct2024/FL-2017-13804/DOC_0C09000055/C09000055.pdf,"Source: Department of State, FOIA Virtual Reading Room, Strobe Talbott FOIA release, Document C09000055. Unclassified."
100,Rebalance Coverage,83,2000-06-23,Source Lead,DEPUTY SECRETARY'S MEETING WITH NATO SYG ROBERTSON IN WASHINGTON W/Attached Transmittal,European Security Architecture,Pending,selection,late-volume coverage; non-crisis lane,"Read released PDF, decide include/context/exclude, and extract source note fields.",https://foia.state.gov/DOCUMENTS/FOIA_L_July2022/FL-2017-13804/DOC_0C09000066/C09000066.pdf,https://foia.state.gov/DOCUMENTS/FOIA_L_July2022/FL-2017-13804/DOC_0C09000066/C09000066.pdf,"Source: Department of State, FOIA Virtual Reading Room, Strobe Talbott FOIA release, Document C09000066. Confidential."
101,Rebalance Coverage,83,2000-06-27,Source Lead,DEPUTY SECRETARY'S MEETING WITH NATO SYG ROBERTSON IN WASHINGTON,European Security Architecture,Pending,selection,late-volume coverage; non-crisis lane,"Read released PDF, decide include/context/exclude, and extract source note fields.",https://foia.state.gov/DOCUMENTS/FOIA_L_July2022/FL-2017-13804/DOC_0C09000062/C09000062.pdf,https://foia.state.gov/DOCUMENTS/FOIA_L_July2022/FL-2017-13804/DOC_0C09000062/C09000062.pdf,"Source: Department of State, FOIA Virtual Reading Room, Strobe Talbott FOIA release, Document C09000062. Unclassified."
102,Rebalance Coverage,83,2000-07-15,Source Lead,"July 15, 2000 Note From Strobe Talbott To the Secretary",NATO-Russia and Partnership,Pending,selection,late-volume coverage; non-crisis lane,"Read released PDF, decide include/context/exclude, and extract source note fields.",https://foia.state.gov/DOCUMENTS/FOIA_L_Apr2024/FL-2017-13804/DOC_0C09000008/C09000008.pdf,https://foia.state.gov/DOCUMENTS/FOIA_L_Apr2024/FL-2017-13804/DOC_0C09000008/C09000008.pdf,"Source: Department of State, FOIA Virtual Reading Room, Strobe Talbott FOIA release, Document C09000008. Unclassified."
103,Promote Leads,83,1993-01-01,Scout Lead,"Bosnia - Hercegovina, February 1993 [2]",Crisis Security Files,Pending,selection,Madrid/accession thread,"Extract document-level candidates with actual dates, page spans, markings, and source path.",https://catalog.archives.gov/id/40482321,https://s3.amazonaws.com/NARAprodstorage/opastorage/live/21/4823/40482321/content/presidential-libraries/clinton/foia/2008/2008-0994-F/2008-0994-F-Bosnia-JPG/Box_006/42-t-7585484-20080994F-006-002-2016/42_t_7585484_20080994F_006_002_2016_Page_001.JPG,"Source: National Archives and Records Administration, National Archives Catalog, Records of the National Security Council European Affairs Office (Clinton Administration), Jane Holl's Files, Bosnia - Hercegovina, February 1993 [2], NAID 40482321."
104,Promote Leads,83,1993-01-01,Scout Lead,"Bosnia - Hercegovina, May - June 1993 [8]",Crisis Security Files,Pending,selection,Madrid/accession thread,"Extract document-level candidates with actual dates, page spans, markings, and source path.",https://catalog.archives.gov/id/40482349,https://s3.amazonaws.com/NARAprodstorage/opastorage/live/49/4823/40482349/content/presidential-libraries/clinton/foia/2008/2008-0994-F/2008-0994-F-Bosnia-JPG/Box_009/42-t-7585484-20080994F-009-003-2016/42_t_7585484_20080994F_009_003_2016_Page_001.JPG,"Source: National Archives and Records Administration, National Archives Catalog, Records of the National Security Council European Affairs Office (Clinton Administration), Jane Holl's Files, Bosnia - Hercegovina, May - June 1993 [8], NAID 40482349."
105,Promote Leads,83,1993-01-01,Scout Lead,"Bosnia - Hercegovina, May - June 1993 [9]",Crisis Security Files,Pending,selection,Madrid/accession thread,"Extract document-level candidates with actual dates, page spans, markings, and source path.",https://catalog.archives.gov/id/40482350,https://s3.amazonaws.com/NARAprodstorage/opastorage/live/50/4823/40482350/content/presidential-libraries/clinton/foia/2008/2008-0994-F/2008-0994-F-Bosnia-JPG/Box_009/42-t-7585484-20080994F-009-004-2016/42_t_7585484_20080994F_009_004_2016_Page_001.JPG,"Source: National Archives and Records Administration, National Archives Catalog, Records of the National Security Council European Affairs Office (Clinton Administration), Jane Holl's Files, Bosnia - Hercegovina, May - June 1993 [9], NAID 40482350."
106,Promote Leads,83,1993-01-01,Scout Lead,Bosnia - Letters [3],Crisis Security Files,Pending,selection,Madrid/accession thread,"Extract document-level candidates with actual dates, page spans, markings, and source path.",https://catalog.archives.gov/id/40482461,https://s3.amazonaws.com/NARAprodstorage/opastorage/live/61/4824/40482461/content/presidential-libraries/clinton/foia/2008/2008-0994-F/2008-0994-F-Bosnia-JPG/Box_020/42-t-7585486-20080994F-020-007-2016/42_t_7585486_20080994F_020_007_2016_Page_001.JPG,"Source: National Archives and Records Administration, National Archives Catalog, Records of the National Security Council European Affairs Office (Clinton Administration), Donald Kerrick's Files, Bosnia - Letters [3], NAID 40482461."
107,Promote Leads,83,1993-01-01,Scout Lead,Bosnia - Lift Arms Embargo [2],Crisis Security Files,Pending,selection,Madrid/accession thread,"Extract document-level candidates with actual dates, page spans, markings, and source path.",https://catalog.archives.gov/id/40482466,https://s3.amazonaws.com/NARAprodstorage/opastorage/live/66/4824/40482466/content/presidential-libraries/clinton/foia/2008/2008-0994-F/2008-0994-F-Bosnia-JPG/Box_021/42-t-7585486-20080994F-021-003-2016/42_t_7585486_20080994F_021_003_2016_Page_001.JPG,"Source: National Archives and Records Administration, National Archives Catalog, Records of the National Security Council European Affairs Office (Clinton Administration), Donald Kerrick's Files, Bosnia - Lift Arms Embargo [2], NAID 40482466."
108,Promote Leads,83,1993-01-01,Scout Lead,Bosnia - Lift Arms Embargo [4],Crisis Security Files,Pending,selection,Madrid/accession thread,"Extract document-level candidates with actual dates, page spans, markings, and source path.",https://catalog.archives.gov/id/40482468,https://s3.amazonaws.com/NARAprodstorage/opastorage/live/68/4824/40482468/content/presidential-libraries/clinton/foia/2008/2008-0994-F/2008-0994-F-Bosnia-JPG/Box_021/42-t-7585486-20080994F-021-005-2016/42_t_7585486_20080994F_021_005_2016_Page_001.JPG,"Source: National Archives and Records Administration, National Archives Catalog, Records of the National Security Council European Affairs Office (Clinton Administration), Donald Kerrick's Files, Bosnia - Lift Arms Embargo [4], NAID 40482468."
109,Promote Leads,83,1993-01-01,Scout Lead,Bosnia - Lift Arms Embargo [5],Crisis Security Files,Pending,selection,Madrid/accession thread,"Extract document-level candidates with actual dates, page spans, markings, and source path.",https://catalog.archives.gov/id/40482469,https://s3.amazonaws.com/NARAprodstorage/opastorage/live/69/4824/40482469/content/presidential-libraries/clinton/foia/2008/2008-0994-F/2008-0994-F-Bosnia-JPG/Box_021/42-t-7585486-20080994F-021-006-2016/42_t_7585486_20080994F_021_006_2016_Page_001.JPG,"Source: National Archives and Records Administration, National Archives Catalog, Records of the National Security Council European Affairs Office (Clinton Administration), Donald Kerrick's Files, Bosnia - Lift Arms Embargo [5], NAID 40482469."
110,Promote Leads,83,1993-01-01,Scout Lead,Bosnia - Lift Arms Embargo [7],Crisis Security Files,Pending,selection,Madrid/accession thread,"Extract document-level candidates with actual dates, page spans, markings, and source path.",https://catalog.archives.gov/id/40482471,https://s3.amazonaws.com/NARAprodstorage/opastorage/live/71/4824/40482471/content/presidential-libraries/clinton/foia/2008/2008-0994-F/2008-0994-F-Bosnia-JPG/Box_021/42-t-7585486-20080994F-021-008-2016/42_t_7585486_20080994F_021_008_2016_Page_001.JPG,"Source: National Archives and Records Administration, National Archives Catalog, Records of the National Security Council European Affairs Office (Clinton Administration), Donald Kerrick's Files, Bosnia - Lift Arms Embargo [7], NAID 40482471."
111,Promote Leads,83,1993-01-01,Scout Lead,Bosnia - Papers [2],Crisis Security Files,Pending,selection,Madrid/accession thread,"Extract document-level candidates with actual dates, page spans, markings, and source path.",https://catalog.archives.gov/id/40482477,https://s3.amazonaws.com/NARAprodstorage/opastorage/live/77/4824/40482477/content/presidential-libraries/clinton/foia/2008/2008-0994-F/2008-0994-F-Bosnia-JPG/Box_022/42-t-7585486-20080994F-022-004-2016/42_t_7585486_20080994F_022_004_2016_Page_001.JPG,"Source: National Archives and Records Administration, National Archives Catalog, Records of the National Security Council European Affairs Office (Clinton Administration), Donald Kerrick's Files, Bosnia - Papers [2], NAID 40482477."
112,Promote Leads,83,1993-01-01,Scout Lead,Bosnia - Papers [3],Crisis Security Files,Pending,selection,Madrid/accession thread,"Extract document-level candidates with actual dates, page spans, markings, and source path.",https://catalog.archives.gov/id/40482478,https://s3.amazonaws.com/NARAprodstorage/opastorage/live/78/4824/40482478/content/presidential-libraries/clinton/foia/2008/2008-0994-F/2008-0994-F-Bosnia-JPG/Box_022/42-t-7585486-20080994F-022-005-2016/42_t_7585486_20080994F_022_005_2016_Page_001.JPG,"Source: National Archives and Records Administration, National Archives Catalog, Records of the National Security Council European Affairs Office (Clinton Administration), Donald Kerrick's Files, Bosnia - Papers [3], NAID 40482478."
113,Promote Leads,83,1993-01-01,Scout Lead,Bosnia - Papers [5],Crisis Security Files,Pending,selection,Madrid/accession thread,"Extract document-level candidates with actual dates, page spans, markings, and source path.",https://catalog.archives.gov/id/40482480,https://s3.amazonaws.com/NARAprodstorage/opastorage/live/80/4824/40482480/content/presidential-libraries/clinton/foia/2008/2008-0994-F/2008-0994-F-Bosnia-JPG/Box_022/42-t-7585486-20080994F-022-007-2016/42_t_7585486_20080994F_022_007_2016_Page_001.JPG,"Source: National Archives and Records Administration, National Archives Catalog, Records of the National Security Council European Affairs Office (Clinton Administration), Donald Kerrick's Files, Bosnia - Papers [5], NAID 40482480."
114,Promote Leads,83,1993-01-01,Scout Lead,Bosnia - Reports [2],Crisis Security Files,Pending,selection,Madrid/accession thread,"Extract document-level candidates with actual dates, page spans, markings, and source path.",https://catalog.archives.gov/id/40482496,https://s3.amazonaws.com/NARAprodstorage/opastorage/live/96/4824/40482496/content/presidential-libraries/clinton/foia/2008/2008-0994-F/2008-0994-F-Bosnia-JPG/Box_024/42-t-7585486-20080994F-024-004-2016/42_t_7585486_20080994F_024_004_2016_Page_001.JPG,"Source: National Archives and Records Administration, National Archives Catalog, Records of the National Security Council European Affairs Office (Clinton Administration), Donald Kerrick's Files, Bosnia - Reports [2], NAID 40482496."
115,Promote Leads,83,1993-01-01,Scout Lead,Bosnia - Reports [3],Crisis Security Files,Pending,selection,Madrid/accession thread,"Extract document-level candidates with actual dates, page spans, markings, and source path.",https://catalog.archives.gov/id/40482497,https://s3.amazonaws.com/NARAprodstorage/opastorage/live/97/4824/40482497/content/presidential-libraries/clinton/foia/2008/2008-0994-F/2008-0994-F-Bosnia-JPG/Box_024/42-t-7585486-20080994F-024-005-2016/42_t_7585486_20080994F_024_005_2016_Page_001.JPG,"Source: National Archives and Records Administration, National Archives Catalog, Records of the National Security Council European Affairs Office (Clinton Administration), Donald Kerrick's Files, Bosnia - Reports [3], NAID 40482497."
116,Promote Leads,83,1994-01-01,Scout Lead,"[Bosnia - Hercegovina, April 1994]",Crisis Security Files,Pending,selection,Madrid/accession thread,"Extract document-level candidates with actual dates, page spans, markings, and source path.",https://catalog.archives.gov/id/40482389,https://s3.amazonaws.com/NARAprodstorage/opastorage/live/89/4823/40482389/content/presidential-libraries/clinton/foia/2008/2008-0994-F/2008-0994-F-Bosnia-JPG/Box_013/42-t-7585484-20080994F-013-006-2016/42_t_7585484_20080994F_013_006_2016_Page_001.JPG,"Source: National Archives and Records Administration, National Archives Catalog, Records of the National Security Council European Affairs Office (Clinton Administration), Jane Holl's Files, [Bosnia - Hercegovina, April 1994], NAID 40482389."
117,Promote Leads,83,1994-01-01,Scout Lead,"[Bosnia - Hercegovina, February 1994] [1]",Crisis Security Files,Pending,selection,Madrid/accession thread,"Extract document-level candidates with actual dates, page spans, markings, and source path.",https://catalog.archives.gov/id/40482381,https://s3.amazonaws.com/NARAprodstorage/opastorage/live/81/4823/40482381/content/presidential-libraries/clinton/foia/2008/2008-0994-F/2008-0994-F-Bosnia-JPG/Box_012/42-t-7585484-20080994F-012-008-2016/42_t_7585484_20080994F_012_008_2016_Page_001.JPG,"Source: National Archives and Records Administration, National Archives Catalog, Records of the National Security Council European Affairs Office (Clinton Administration), Jane Holl's Files, [Bosnia - Hercegovina, February 1994] [1], NAID 40482381."
118,Promote Leads,83,1994-01-01,Scout Lead,"Bosnia - Croatia Signing Ceremony, March 18, 1994 [1]",Crisis Security Files,Pending,selection,Madrid/accession thread,"Extract document-level candidates with actual dates, page spans, markings, and source path.",https://catalog.archives.gov/id/40482310,https://s3.amazonaws.com/NARAprodstorage/opastorage/live/10/4823/40482310/content/presidential-libraries/clinton/foia/2008/2008-0994-F/2008-0994-F-Bosnia-JPG/Box_005/42-t-7585484-20080994F-005-003-2016/42_t_7585484_20080994F_005_003_2016_Page_001.JPG,"Source: National Archives and Records Administration, National Archives Catalog, Records of the National Security Council European Affairs Office (Clinton Administration), Jane Holl's Files, Bosnia - Croatia Signing Ceremony, March 18, 1994 [1], NAID 40482310."
119,Promote Leads,83,1994-01-01,Scout Lead,"Bosnia - July 30, 1994 (Contact Group Ministerial) [2]",Crisis Security Files,Pending,selection,Madrid/accession thread,"Extract document-level candidates with actual dates, page spans, markings, and source path.",https://catalog.archives.gov/id/120361503,https://s3.amazonaws.com/NARAprodstorage/lz/presidential-libraries/clinton/foia/2013/2013-0687-f/42-t-7585499-20130687F-004-012-2016.pdf,"Source: National Archives and Records Administration, National Archives Catalog, Records of the National Security Council European Affairs Office (Clinton Administration), Alexander Vershbow's Files, Bosnia - July 30, 1994 (Contact Group Ministerial) [2], NAID 120361503."
120,Promote Leads,83,1994-01-01,Scout Lead,Bosnia - October 1994 [Folder 2] [4],Crisis Security Files,Pending,selection,Madrid/accession thread,"Extract document-level candidates with actual dates, page spans, markings, and source path.",https://catalog.archives.gov/id/120361529,https://s3.amazonaws.com/NARAprodstorage/lz/presidential-libraries/clinton/foia/2013/2013-0687-f/42-t-7585499-20130687F-005-011-2016.pdf,"Source: National Archives and Records Administration, National Archives Catalog, Records of the National Security Council European Affairs Office (Clinton Administration), Alexander Vershbow's Files, Bosnia - October 1994 [Folder 2] [4], NAID 120361529."
121,Promote Leads,83,1994-01-01,Scout Lead,"Bosnia and Bihac, November 1994 [6]",Crisis Security Files,Pending,selection,Madrid/accession thread,"Extract document-level candidates with actual dates, page spans, markings, and source path.",https://catalog.archives.gov/id/120361427,https://s3.amazonaws.com/NARAprodstorage/lz/presidential-libraries/clinton/foia/2013/2013-0687-f/42-t-7585499-20130687F-001-010-2016.pdf,"Source: National Archives and Records Administration, National Archives Catalog, Records of the National Security Council European Affairs Office (Clinton Administration), Alexander Vershbow's Files, Bosnia and Bihac, November 1994 [6], NAID 120361427."
122,Promote Leads,83,1994-01-01,Scout Lead,Bosnia Post-Bihac (Mid-Nov. - Early-Dec. 1994) [3],Crisis Security Files,Pending,selection,Madrid/accession thread,"Extract document-level candidates with actual dates, page spans, markings, and source path.",https://catalog.archives.gov/id/120361433,https://s3.amazonaws.com/NARAprodstorage/lz/presidential-libraries/clinton/foia/2013/2013-0687-f/42-t-7585499-20130687F-002-003-2016.pdf,"Source: National Archives and Records Administration, National Archives Catalog, Records of the National Security Council European Affairs Office (Clinton Administration), Alexander Vershbow's Files, Bosnia Post-Bihac (Mid-Nov. - Early-Dec. 1994) [3], NAID 120361433."
123,Promote Leads,83,1994-01-01,Scout Lead,Bosnia Principals Committee/Deputies Committee 1994 Meetings [2],Crisis Security Files,Pending,selection,Madrid/accession thread,"Extract document-level candidates with actual dates, page spans, markings, and source path.",https://catalog.archives.gov/id/40482484,https://s3.amazonaws.com/NARAprodstorage/opastorage/live/84/4824/40482484/content/presidential-libraries/clinton/foia/2008/2008-0994-F/2008-0994-F-Bosnia-JPG/Box_023/42-t-7585486-20080994F-023-001-2016/42_t_7585486_20080994F_023_001_2016_Page_001.JPG,"Source: National Archives and Records Administration, National Archives Catalog, Records of the National Security Council European Affairs Office (Clinton Administration), Donald Kerrick's Files, Bosnia Principals Committee/Deputies Committee 1994 Meetings [2], NAID 40482484."
124,Promote Leads,83,1994-01-01,Scout Lead,"Bosnia, June 1994 [3]",Crisis Security Files,Pending,selection,Madrid/accession thread,"Extract document-level candidates with actual dates, page spans, markings, and source path.",https://catalog.archives.gov/id/40482457,https://s3.amazonaws.com/NARAprodstorage/opastorage/live/57/4824/40482457/content/presidential-libraries/clinton/foia/2008/2008-0994-F/2008-0994-F-Bosnia-JPG/Box_020/42-t-7585486-20080994F-020-003-2016/42_t_7585486_20080994F_020_003_2016_Page_001.JPG,"Source: National Archives and Records Administration, National Archives Catalog, Records of the National Security Council European Affairs Office (Clinton Administration), Donald Kerrick's Files, Bosnia, June 1994 [3], NAID 40482457."
125,Promote Leads,83,1995-01-01,Scout Lead,Bosnia - September 1995 (Late) [4],Crisis Security Files,Pending,selection,Madrid/accession thread,"Extract document-level candidates with actual dates, page spans, markings, and source path.",https://catalog.archives.gov/id/120361763,https://s3.amazonaws.com/NARAprodstorage/lz/presidential-libraries/clinton/foia/2013/2013-0687-f/42-t-7585499-20130687F-014-012-2016.pdf,"Source: National Archives and Records Administration, National Archives Catalog, Records of the National Security Council European Affairs Office (Clinton Administration), Alexander Vershbow's Files, Bosnia - September 1995 (Late) [4], NAID 120361763."
126,Promote Leads,83,1995-01-01,Scout Lead,Bosnia - September 1995 (Late) [8],Crisis Security Files,Pending,selection,Madrid/accession thread,"Extract document-level candidates with actual dates, page spans, markings, and source path.",https://catalog.archives.gov/id/120361771,https://s3.amazonaws.com/NARAprodstorage/lz/presidential-libraries/clinton/foia/2013/2013-0687-f/42-t-7585499-20130687F-015-004-2016.pdf,"Source: National Archives and Records Administration, National Archives Catalog, Records of the National Security Council European Affairs Office (Clinton Administration), Alexander Vershbow's Files, Bosnia - September 1995 (Late) [8], NAID 120361771."
127,Promote Leads,83,1995-01-01,Scout Lead,Bosnia - September 1995 [4],Crisis Security Files,Pending,selection,Madrid/accession thread,"Extract document-level candidates with actual dates, page spans, markings, and source path.",https://catalog.archives.gov/id/120361715,https://s3.amazonaws.com/NARAprodstorage/lz/presidential-libraries/clinton/foia/2013/2013-0687-f/42-t-7585499-20130687F-012-012-2016.pdf,"Source: National Archives and Records Administration, National Archives Catalog, Records of the National Security Council European Affairs Office (Clinton Administration), Alexander Vershbow's Files, Bosnia - September 1995 [4], NAID 120361715."
128,Rebalance Coverage,81,1993-01-01,Scout Lead,Latvia [2],NATO-Russia and Partnership,Pending,selection,non-crisis lane,"Extract document-level candidates with actual dates, page spans, markings, and source path.",https://catalog.archives.gov/id/23901917,https://s3.us-east-1.amazonaws.com/NARAprodstorage/lz/presidential-libraries/clinton/wjc-nscea/7585493/42-t-7585493-20111037F-007-018-2015.pdf,"Source: National Archives and Records Administration, National Archives Catalog, Records of the National Security Council European Affairs Office (Clinton Administration), Richard Norland's Files, Latvia [2], NAID 23901917."
129,Rebalance Coverage,81,1993-01-01,Scout Lead,Lithuania - Meeting with Deputy Foreign Minister Vygaudas Usackas,NATO Strategy and Enlargement,Pending,selection,non-crisis lane,"Extract document-level candidates with actual dates, page spans, markings, and source path.",https://catalog.archives.gov/id/23902171,https://s3.us-east-1.amazonaws.com/NARAprodstorage/lz/presidential-libraries/clinton/wjc-nscea/7585471/42-t-7585471-20111038F-002-020-2015.pdf,"Source: National Archives and Records Administration, National Archives Catalog, Records of the National Security Council European Affairs Office (Clinton Administration), Antony Blinken's Files, Lithuania - Meeting with Deputy Foreign Minister Vygaudas Usackas, NAID 23902171."
130,Rebalance Coverage,81,1993-01-01,Scout Lead,Lithuania [1],NATO-Russia and Partnership,Pending,selection,non-crisis lane,"Extract document-level candidates with actual dates, page spans, markings, and source path.",https://catalog.archives.gov/id/23902173,https://s3.us-east-1.amazonaws.com/NARAprodstorage/lz/presidential-libraries/clinton/wjc-nscea/7585471/42-t-7585471-20111038F-002-022-2015.pdf,"Source: National Archives and Records Administration, National Archives Catalog, Records of the National Security Council European Affairs Office (Clinton Administration), Antony Blinken's Files, Lithuania [1], NAID 23902173."
131,Rebalance Coverage,81,1993-01-01,Scout Lead,Lithuania [8],NATO-Russia and Partnership,Pending,selection,non-crisis lane,"Extract document-level candidates with actual dates, page spans, markings, and source path.",https://catalog.archives.gov/id/23902180,https://s3.us-east-1.amazonaws.com/NARAprodstorage/lz/presidential-libraries/clinton/wjc-nscea/7585493/42-t-7585493-20111038F-003-004-2015.pdf,"Source: National Archives and Records Administration, National Archives Catalog, Records of the National Security Council European Affairs Office (Clinton Administration), Richard Norland's Files, Lithuania [8], NAID 23902180."
132,Promote Leads,81,1993-01-01,Scout Lead,"Bosnia - Hercegovina, May - June 1993 [3]",Crisis Security Files,Context candidate,,Madrid/accession thread,"Extract document-level candidates with actual dates, page spans, markings, and source path.",https://catalog.archives.gov/id/40482344,https://s3.amazonaws.com/NARAprodstorage/opastorage/live/44/4823/40482344/content/presidential-libraries/clinton/foia/2008/2008-0994-F/2008-0994-F-Bosnia-JPG/Box_008/42-t-7585484-20080994F-008-007-2016/42_t_7585484_20080994F_008_007_2016_Page_001.JPG,"Source: National Archives and Records Administration, National Archives Catalog, Records of the National Security Council European Affairs Office (Clinton Administration), Jane Holl's Files, Bosnia - Hercegovina, May - June 1993 [3], NAID 40482344."
133,Promote Leads,81,1993-01-01,Scout Lead,Bosnia - Letters [1],Crisis Security Files,Context candidate,,Madrid/accession thread,"Extract document-level candidates with actual dates, page spans, markings, and source path.",https://catalog.archives.gov/id/40482459,https://s3.amazonaws.com/NARAprodstorage/opastorage/live/59/4824/40482459/content/presidential-libraries/clinton/foia/2008/2008-0994-F/2008-0994-F-Bosnia-JPG/Box_020/42-t-7585486-20080994F-020-005-2016/42_t_7585486_20080994F_020_005_2016_Page_001.JPG,"Source: National Archives and Records Administration, National Archives Catalog, Records of the National Security Council European Affairs Office (Clinton Administration), Donald Kerrick's Files, Bosnia - Letters [1], NAID 40482459."
134,Promote Leads,81,1993-01-01,Scout Lead,Bosnia - NATO [1],Crisis Security Files,Context candidate,,Madrid/accession thread,"Extract document-level candidates with actual dates, page spans, markings, and source path.",https://catalog.archives.gov/id/40482473,https://s3.amazonaws.com/NARAprodstorage/opastorage/live/73/4824/40482473/content/presidential-libraries/clinton/foia/2008/2008-0994-F/2008-0994-F-Bosnia-JPG/Box_021/42-t-7585486-20080994F-021-010-2016/42_t_7585486_20080994F_021_010_2016_Page_001.JPG,"Source: National Archives and Records Administration, National Archives Catalog, Records of the National Security Council European Affairs Office (Clinton Administration), Donald Kerrick's Files, Bosnia - NATO [1], NAID 40482473."
135,Promote Leads,81,1993-01-01,Scout Lead,Bosnia - NATO [2],Crisis Security Files,Context candidate,,Madrid/accession thread,"Extract document-level candidates with actual dates, page spans, markings, and source path.",https://catalog.archives.gov/id/40482474,https://s3.amazonaws.com/NARAprodstorage/opastorage/live/74/4824/40482474/content/presidential-libraries/clinton/foia/2008/2008-0994-F/2008-0994-F-Bosnia-JPG/Box_022/42-t-7585486-20080994F-022-001-2016/42_t_7585486_20080994F_022_001_2016_Page_001.JPG,"Source: National Archives and Records Administration, National Archives Catalog, Records of the National Security Council European Affairs Office (Clinton Administration), Donald Kerrick's Files, Bosnia - NATO [2], NAID 40482474."
136,Promote Leads,81,1993-01-01,Scout Lead,Bosnia - Talking Points [2],Crisis Security Files,Context candidate,,Madrid/accession thread,"Extract document-level candidates with actual dates, page spans, markings, and source path.",https://catalog.archives.gov/id/40482504,https://s3.amazonaws.com/NARAprodstorage/opastorage/live/4/4825/40482504/content/presidential-libraries/clinton/foia/2008/2008-0994-F/2008-0994-F-Bosnia-JPG/Box_025/42-t-7585486-20080994F-025-001-2016/42_t_7585486_20080994F_025_001_2016_Page_001.JPG,"Source: National Archives and Records Administration, National Archives Catalog, Records of the National Security Council European Affairs Office (Clinton Administration), Donald Kerrick's Files, Bosnia - Talking Points [2], NAID 40482504."
137,Promote Leads,81,1993-01-01,Scout Lead,Bosnia - Talking Points [5],Crisis Security Files,Context candidate,,Madrid/accession thread,"Extract document-level candidates with actual dates, page spans, markings, and source path.",https://catalog.archives.gov/id/40482507,https://s3.amazonaws.com/NARAprodstorage/opastorage/live/7/4825/40482507/content/presidential-libraries/clinton/foia/2008/2008-0994-F/2008-0994-F-Bosnia-JPG/Box_025/42-t-7585486-20080994F-025-004-2016/42_t_7585486_20080994F_025_004_2016_Page_001.JPG,"Source: National Archives and Records Administration, National Archives Catalog, Records of the National Security Council European Affairs Office (Clinton Administration), Donald Kerrick's Files, Bosnia - Talking Points [5], NAID 40482507."
138,Promote Leads,81,1994-01-01,Scout Lead,"[Bosnia - Hercegovina, February 1994 Implementation] [1]",Crisis Security Files,Context candidate,,Madrid/accession thread,"Extract document-level candidates with actual dates, page spans, markings, and source path.",https://catalog.archives.gov/id/40482383,https://s3.amazonaws.com/NARAprodstorage/opastorage/live/83/4823/40482383/content/presidential-libraries/clinton/foia/2008/2008-0994-F/2008-0994-F-Bosnia-JPG/Box_012/42-t-7585484-20080994F-012-010-2016/42_t_7585484_20080994F_012_010_2016_Page_001.JPG,"Source: National Archives and Records Administration, National Archives Catalog, Records of the National Security Council European Affairs Office (Clinton Administration), Jane Holl's Files, [Bosnia - Hercegovina, February 1994 Implementation] [1], NAID 40482383."
139,Promote Leads,81,1995-01-01,Scout Lead,Bosnia - August 1995: Late [3],Crisis Security Files,Context candidate,,Madrid/accession thread,"Extract document-level candidates with actual dates, page spans, markings, and source path.",https://catalog.archives.gov/id/120361703,https://s3.amazonaws.com/NARAprodstorage/lz/presidential-libraries/clinton/foia/2013/2013-0687-f/42-t-7585499-20130687F-012-006-2016.pdf,"Source: National Archives and Records Administration, National Archives Catalog, Records of the National Security Council European Affairs Office (Clinton Administration), Alexander Vershbow's Files, Bosnia - August 1995: Late [3], NAID 120361703."
140,Promote Leads,81,1995-01-01,Scout Lead,Bosnia - September 1995 (Early): Early Sept. [4],Crisis Security Files,Context candidate,,Madrid/accession thread,"Extract document-level candidates with actual dates, page spans, markings, and source path.",https://catalog.archives.gov/id/120361739,https://s3.amazonaws.com/NARAprodstorage/lz/presidential-libraries/clinton/foia/2013/2013-0687-f/42-t-7585499-20130687F-013-012-2016.pdf,"Source: National Archives and Records Administration, National Archives Catalog, Records of the National Security Council European Affairs Office (Clinton Administration), Alexander Vershbow's Files, Bosnia - September 1995 (Early): Early Sept. [4], NAID 120361739."
141,Promote Leads,81,1995-01-01,Scout Lead,Bosnia - September 1995 (Early): Early-Mid. [4],Crisis Security Files,Context candidate,,Madrid/accession thread,"Extract document-level candidates with actual dates, page spans, markings, and source path.",https://catalog.archives.gov/id/120361749,https://s3.amazonaws.com/NARAprodstorage/lz/presidential-libraries/clinton/foia/2013/2013-0687-f/42-t-7585499-20130687F-014-005-2016.pdf,"Source: National Archives and Records Administration, National Archives Catalog, Records of the National Security Council European Affairs Office (Clinton Administration), Alexander Vershbow's Files, Bosnia - September 1995 (Early): Early-Mid. [4], NAID 120361749."
142,Promote Leads,81,1995-01-01,Scout Lead,Bosnia - September 1995 (Late) [5],Crisis Security Files,Context candidate,,Madrid/accession thread,"Extract document-level candidates with actual dates, page spans, markings, and source path.",https://catalog.archives.gov/id/120361765,https://s3.amazonaws.com/NARAprodstorage/lz/presidential-libraries/clinton/foia/2013/2013-0687-f/42-t-7585499-20130687F-015-001-2016.pdf,"Source: National Archives and Records Administration, National Archives Catalog, Records of the National Security Council European Affairs Office (Clinton Administration), Alexander Vershbow's Files, Bosnia - September 1995 (Late) [5], NAID 120361765."
143,Promote Leads,81,1996-01-01,Scout Lead,"Bosnia/Iran/IOB [Intelligence Oversight Board], April-May 1996 [2]",Crisis Security Files,Context candidate,,Madrid/accession thread,"Extract document-level candidates with actual dates, page spans, markings, and source path.",https://catalog.archives.gov/id/236750693,https://s3.us-east-1.amazonaws.com/NARAprodstorage/lz/presidential-libraries/clinton/wjc-nscea/7585499/7585499-20060996F-002-002-2022-001.JPG,"Source: National Archives and Records Administration, National Archives Catalog, Records of the National Security Council European Affairs Office (Clinton Administration), Alexander Vershbow's Files, Bosnia/Iran/IOB [Intelligence Oversight Board], April-May 1996 [2], NAID 236750693."
144,Rebalance Coverage,79,1993-01-01,Scout Lead,Latvia: Russia-Latvia [1],NATO-Russia and Partnership,Context candidate,,non-crisis lane,"Extract document-level candidates with actual dates, page spans, markings, and source path.",https://catalog.archives.gov/id/23901923,https://s3.us-east-1.amazonaws.com/NARAprodstorage/lz/presidential-libraries/clinton/wjc-nscea/7585493/42-t-7585493-20111037F-008-006-2015.pdf,"Source: National Archives and Records Administration, National Archives Catalog, Records of the National Security Council European Affairs Office (Clinton Administration), Richard Norland's Files, Latvia: Russia-Latvia [1], NAID 23901923."
145,Rebalance Coverage,79,1993-04-21,Memcon,Memorandum of Conversation - President Arpad Goncz of Hungary,NATO Strategy and Enlargement,Include candidate,chronology,Madrid/accession thread; non-crisis lane,Verify Washington time and chronological placement.,https://clinton.presidentiallibraries.us/items/show/101329,https://clinton.presidentiallibraries.us/files/original/cf38634dd5644dda387d6312d6065d67.pdf,"Source: William J. Clinton Presidential Library, Clinton Digital Library, Declassified Documents, Memcons - Memoranda of Conversation, Release 2015-0133-M, Item 101329. Confidential."
146,Rebalance Coverage,79,1994-06-21,Memcon,Memorandum of Conversation - President Arpad Goncz of Hungary and President Michal Kovac of Slovakia,NATO Strategy and Enlargement,Include candidate,chronology,Madrid/accession thread; non-crisis lane,Verify Washington time and chronological placement.,https://clinton.presidentiallibraries.us/items/show/101379,https://clinton.presidentiallibraries.us/files/original/7929c40c3476895912cb064cb38d65c5.pdf,"Source: William J. Clinton Presidential Library, Clinton Digital Library, Declassified Documents, Memcons - Memoranda of Conversation, Release 2015-0133-M, Item 101379. Confidential."
147,Rebalance Coverage,79,1994-10-22,Memcon,Memorandum of Conversation - President Lech Walesa of Poland,NATO Strategy and Enlargement,Include candidate,chronology,Madrid/accession thread; non-crisis lane,Verify Washington time and chronological placement.,https://clinton.presidentiallibraries.us/items/show/101397,https://clinton.presidentiallibraries.us/files/original/711e8eeee0ec391e78261641286a753b.pdf,"Source: William J. Clinton Presidential Library, Clinton Digital Library, Declassified Documents, Memcons - Memoranda of Conversation, Release LP-WJC/DOS-16-1, Item 101397. Confidential."
148,Rebalance Coverage,79,1994-10-22,Memcon,Memorandum of Conversation - Prime Minister Waldemar Pawlak of Poland,NATO Strategy and Enlargement,Include candidate,chronology,Madrid/accession thread; non-crisis lane,Verify Washington time and chronological placement.,https://clinton.presidentiallibraries.us/items/show/101398,https://clinton.presidentiallibraries.us/files/original/ea89febed2cedbffdbdd847cd14dcb2b.pdf,"Source: William J. Clinton Presidential Library, Clinton Digital Library, Declassified Documents, Memcons - Memoranda of Conversation, Release LP-WJC/DOS-16-1, Item 101398. Confidential."
149,Rebalance Coverage,79,1994-12-05,Memcon,Memorandum of Conversation - President Arpad Goncz of Hungary and President Michal Kovac of Slovakia,NATO Strategy and Enlargement,Include candidate,chronology,Madrid/accession thread; non-crisis lane,Verify Washington time and chronological placement.,https://clinton.presidentiallibraries.us/items/show/101380,https://clinton.presidentiallibraries.us/files/original/3d7fbd346acab3f002b7fd77406f7e2a.pdf,"Source: William J. Clinton Presidential Library, Clinton Digital Library, Declassified Documents, Memcons - Memoranda of Conversation, Release 2015-0133-M, Item 101380. Confidential."
150,Rebalance Coverage,79,1995-06-06,Memcon,Memorandum of Conversation - Prime Minister Gyula Horn of Hungary,NATO Strategy and Enlargement,Include candidate,chronology,Madrid/accession thread; non-crisis lane,Verify Washington time and chronological placement.,https://clinton.presidentiallibraries.us/items/show/101418,https://clinton.presidentiallibraries.us/files/original/a33276808a3f81e7a2fbf61a6b1cf017.pdf,"Source: William J. Clinton Presidential Library, Clinton Digital Library, Declassified Documents, Memcons - Memoranda of Conversation, Release 2015-0779-M, Item 101418. Confidential."
151,Rebalance Coverage,79,1995-11-21,Telcon,Memorandum of Telephone Conversation - President Lech Walesa of Poland,NATO Strategy and Enlargement,Include candidate,chronology,Madrid/accession thread; non-crisis lane,Verify Washington time and chronological placement.,https://clinton.presidentiallibraries.us/items/show/101446,https://clinton.presidentiallibraries.us/files/original/4cd21c7557486b30f58af921b469a5b4.pdf,"Source: William J. Clinton Presidential Library, Clinton Digital Library, Declassified Documents, Telcons - Memoranda of Telephone Conversations, Release 2015-0769-M, Item 101446. Confidential."
152,Rebalance Coverage,79,1996-01-13,Memcon,Memorandum of Conversation - President Arpad Goncz of Hungary and President Michal Kovac of Slovakia,NATO Strategy and Enlargement,Include candidate,chronology,Madrid/accession thread; non-crisis lane,Verify Washington time and chronological placement.,https://clinton.presidentiallibraries.us/items/show/101453,https://clinton.presidentiallibraries.us/files/original/37bfb089f2eb05cc971a5706efdfad91.pdf,"Source: William J. Clinton Presidential Library, Clinton Digital Library, Declassified Documents, Memcons - Memoranda of Conversation, Item 101453. Confidential."
153,Rebalance Coverage,79,1996-06-03,Memcon,Memorandum of Conversation - Former President Lech Walesa of Poland,NATO Strategy and Enlargement,Include candidate,chronology,Madrid/accession thread; non-crisis lane,Verify Washington time and chronological placement.,https://clinton.presidentiallibraries.us/items/show/118499,https://clinton.presidentiallibraries.us/files/original/d38254e42b9f25ea4c5737c005187a37.pdf,"Source: William J. Clinton Presidential Library, Clinton Digital Library, Declassified Documents, Memcons - Memoranda of Conversation, Release 2015-0780-M, Item 118499. Confidential."
154,Chase Diary Leads,79,1997-07-03,Context,Presidential Daily Diary reference: pre-Madrid conference call with Helmut Kohl,NATO Strategy and Enlargement,Context candidate,,Madrid/accession thread; late-volume coverage; non-crisis lane,"Chase substantive memcon, telcon, briefing book, trip file, or summit file.",https://catalog.archives.gov/id/147870887,https://s3.amazonaws.com/NARAprodstorage/lz/presidential-libraries/clinton/foia/2013/2013-0549-F/42-t-101784486-20130549F-007-017-2018.pdf,"Source: National Archives and Records Administration, National Archives Catalog, Clinton Presidential Records, Presidential Daily Diary, Ellen McCathran Files, Release LPWJC 2013-0549-F, [07/01/1997-07/31/1997], NAID 147870887, Unclassified diary record. Source pages: page 8."
155,Chase Diary Leads,79,1998-03-25,Context,Presidential Daily Diary reference: NATO enlargement ratification briefing and remarks,NATO Strategy and Enlargement,Context candidate,,Madrid/accession thread; late-volume coverage; non-crisis lane,"Chase substantive memcon, telcon, briefing book, trip file, or summit file.",https://catalog.archives.gov/id/147870909,https://s3.amazonaws.com/NARAprodstorage/lz/presidential-libraries/clinton/foia/2013/2013-0549-F/42-t-101784486-20130549F-008-011-2018.pdf,"Source: National Archives and Records Administration, National Archives Catalog, Clinton Presidential Records, Presidential Daily Diary, Ellen McCathran Files, Release LPWJC 2013-0549-F, [03/15/1998-03/31/1998], NAID 147870909, Unclassified diary record. Source pages: pages 52-53."
156,Chase Diary Leads,79,1998-04-30,Context,Presidential Daily Diary reference: bipartisan support meeting for NATO enlargement,NATO Strategy and Enlargement,Context candidate,,Madrid/accession thread; late-volume coverage; non-crisis lane,"Chase substantive memcon, telcon, briefing book, trip file, or summit file.",https://catalog.archives.gov/id/147870913,https://s3.amazonaws.com/NARAprodstorage/lz/presidential-libraries/clinton/foia/2013/2013-0549-F/42-t-101784486-20130549F-009-002-2018.pdf,"Source: National Archives and Records Administration, National Archives Catalog, Clinton Presidential Records, Presidential Daily Diary, Ellen McCathran Files, Release LPWJC 2013-0549-F, [04/15/1998-04/30/1998], NAID 147870913, Unclassified diary record. Source pages: page 81."
157,Chase Diary Leads,79,1998-05-08,Context,Presidential Daily Diary reference: calls with Javier Solana and Vaclav Havel,NATO Strategy and Enlargement,Context candidate,,Madrid/accession thread; late-volume coverage; non-crisis lane,"Chase substantive memcon, telcon, briefing book, trip file, or summit file.",https://catalog.archives.gov/id/147870915,https://s3.amazonaws.com/NARAprodstorage/lz/presidential-libraries/clinton/foia/2013/2013-0549-F/42-t-101784486-20130549F-009-003-2018.pdf,"Source: National Archives and Records Administration, National Archives Catalog, Clinton Presidential Records, Presidential Daily Diary, Ellen McCathran Files, Release LPWJC 2013-0549-F, [05/01/1998-05/15/1998], NAID 147870915, Unclassified diary record. Source pages: pages 11 and 13."
158,Chase Diary Leads,79,1998-05-12,Context,Presidential Daily Diary reference: NATO accession ratification ceremony,NATO Strategy and Enlargement,Context candidate,,Madrid/accession thread; late-volume coverage; non-crisis lane,"Chase substantive memcon, telcon, briefing book, trip file, or summit file.",https://catalog.archives.gov/id/17368188,https://s3.amazonaws.com/NARAprodstorage/opastorage/live/88/3681/17368188/content/presidential-libraries/clinton/foia/2010-0083-F/2010-0083-F-PDF/Box_002/42-t-7262157-20100083F-002-006-2015.pdf,"Source: National Archives and Records Administration, National Archives Catalog, Clinton Presidential Records, Presidential Daily Diary, Ellen McCathran Files, Release LPWJC 2010-0083-F, [Ellen McCathran - Presidential Daily Diary - Hardcopy 5/3/98; 5/21/98; 5/22/98; 5/24/98; 6/3/98; 6/11/98; 6/21/98], NAID 17368188, Unclassified diary record. Source pages: pages 12-13."
159,Chase Diary Leads,79,1998-09-02,Context,Presidential Daily Diary reference: Moscow meeting with Yeltsin and common-security signing,NATO-Russia and Partnership,Context candidate,,NATO-Russia thread; late-volume coverage; non-crisis lane,"Chase substantive memcon, telcon, briefing book, trip file, or summit file.",https://catalog.archives.gov/id/17368189,https://s3.amazonaws.com/NARAprodstorage/opastorage/live/89/3681/17368189/content/presidential-libraries/clinton/foia/2010-0083-F/2010-0083-F-PDF/Box_002/42-t-7262157-20100083F-002-007-2015.pdf,"Source: National Archives and Records Administration, National Archives Catalog, Clinton Presidential Records, Presidential Daily Diary, Ellen McCathran Files, Release LPWJC 2010-0083-F, [Ellen McCathran - Presidential Daily Diary - Hardcopy 7/7/98; 7/17/98; 7/19/98; 7/29/98; 8/1/98; 8/3/98; 8/21/98; 8/30/98; 9/2/98; 9/15/98; 9/18/98; 9/26/98], NAID 17368189, Unclassified diary record. Source pages: pages 57-58."
160,Chase Diary Leads,79,2000-06-03,Context,Presidential Daily Diary reference: Moscow meetings and dinner with Vladimir Putin,NATO-Russia and Partnership,Context candidate,,NATO-Russia thread; late-volume coverage; non-crisis lane,"Chase substantive memcon, telcon, briefing book, trip file, or summit file.",https://catalog.archives.gov/id/147871021,https://s3.amazonaws.com/NARAprodstorage/lz/presidential-libraries/clinton/foia/2013/2013-0549-F/42-t-101784486-20130549F-013-011-2018.pdf,"Source: National Archives and Records Administration, National Archives Catalog, Clinton Presidential Records, Presidential Daily Diary, Ellen McCathran Files, Release LPWJC 2013-0549-F, [06/01/2000-06/11/2000], NAID 147871021, Unclassified diary record. Source pages: pages 22-35."
161,Chase Diary Leads,79,2000-07-21,Context,Presidential Daily Diary reference: Okinawa G-8 meeting with Vladimir Putin,NATO-Russia and Partnership,Context candidate,,NATO-Russia thread; late-volume coverage; non-crisis lane,"Chase substantive memcon, telcon, briefing book, trip file, or summit file.",https://catalog.archives.gov/id/17368201,https://s3.amazonaws.com/NARAprodstorage/opastorage/live/1/3682/17368201/content/presidential-libraries/clinton/foia/2010-0083-F/2010-0083-F-PDF/Box_003/42-t-7262157-20100083F-003-003-2015.pdf,"Source: National Archives and Records Administration, National Archives Catalog, Clinton Presidential Records, Presidential Daily Diary, Ellen McCathran Files, Release LPWJC 2010-0083-F, [Ellen McCathran - Presidential Daily Diary - Hardcopy 4/4/00; 4/1200; 4/25/00; 5/7/00; 5/18/00; 5/22/00; 5/26/00; 6/7/00; 6/8/00; 6/18/00], NAID 17368201, Unclassified diary record. Source pages: pages 12 and 16."
162,Chase Diary Leads,79,2000-09-06,Context,Presidential Daily Diary reference: United Nations meeting with Putin and strategic stability signing,NATO-Russia and Partnership,Context candidate,,NATO-Russia thread; late-volume coverage; non-crisis lane,"Chase substantive memcon, telcon, briefing book, trip file, or summit file.",https://catalog.archives.gov/id/17368201,https://s3.amazonaws.com/NARAprodstorage/opastorage/live/1/3682/17368201/content/presidential-libraries/clinton/foia/2010-0083-F/2010-0083-F-PDF/Box_003/42-t-7262157-20100083F-003-003-2015.pdf,"Source: National Archives and Records Administration, National Archives Catalog, Clinton Presidential Records, Presidential Daily Diary, Ellen McCathran Files, Release LPWJC 2010-0083-F, [Ellen McCathran - Presidential Daily Diary - Hardcopy 4/4/00; 4/1200; 4/25/00; 5/7/00; 5/18/00; 5/22/00; 5/26/00; 6/7/00; 6/8/00; 6/18/00], NAID 17368201, Unclassified diary record. Source pages: pages 31-32."
163,Rebalance Coverage,77,1996-06-10,Source Lead,BILATERAL PRESIDENTIAL MEETING AT LYON SUMMIT,NATO-Russia and Partnership,Include candidate,,non-crisis lane,"Read released PDF, decide include/context/exclude, and extract source note fields.",https://foia.state.gov/DOCUMENTS/FOIA_L_Oct2024/FL-2017-13804/DOC_0C09000036/C09000036.pdf,https://foia.state.gov/DOCUMENTS/FOIA_L_Oct2024/FL-2017-13804/DOC_0C09000036/C09000036.pdf,"Source: Department of State, FOIA Virtual Reading Room, Strobe Talbott FOIA release, Document C09000036. Unclassified."
164,Rebalance Coverage,75,1999-01-01,Scout Lead,"Lithuania - Meeting with Amabassador Stasys Sakalauskas, October 4, 1999",Crisis Security Files,Pending,selection,late-volume coverage,"Extract document-level candidates with actual dates, page spans, markings, and source path.",https://catalog.archives.gov/id/23902169,https://s3.amazonaws.com/NARAprodstorage/opastorage/live/69/9021/23902169/content/presidential-libraries/clinton/foia/2011-1038-F/2011-1038-F-JPG/Box_002/42-t-7585471-20111038F-002-018-2015/42_t_7585471_20111038F_002_018_2015_Page_001.JPG,"Source: National Archives and Records Administration, National Archives Catalog, Records of the National Security Council European Affairs Office (Clinton Administration), Antony Blinken's Files, Lithuania - Meeting with Amabassador Stasys Sakalauskas, October 4, 1999, NAID 23902169."
165,Rebalance Coverage,73,1993-04-21,Memcon,Memorandum of Conversation - Meeting with President Lech Walesa of Poland,NATO Strategy and Enlargement,Include candidate,chronology,Madrid/accession thread; non-crisis lane,Verify Washington time and chronological placement.,https://clinton.presidentiallibraries.us/items/show/119044,,"Source: William J. Clinton Presidential Library, Clinton Digital Library, Declassified Documents, Memcons - Memoranda of Conversation, Release Declassified Documents Concerning President Vaclav Havel of the Czech Republic and President Lech Walesa of Poland, Item 119044. Confidential."
166,Rebalance Coverage,73,1994-01-11,Memcon,Memorandum of Conversation - President Vaclav Havel of the Czech Republic and Czech Leaders,NATO-Russia and Partnership,Include candidate,chronology,Madrid/accession thread; non-crisis lane,Verify Washington time and chronological placement.,https://clinton.presidentiallibraries.us/items/show/101393,,"Source: William J. Clinton Presidential Library, Clinton Digital Library, Declassified Documents, Memcons - Memoranda of Conversation, Release LP-WJC/DOS-16-1, Item 101393. Confidential."
167,Rebalance Coverage,73,1994-07-04,Telcon,Memorandum of Telephone Conversation - President Vaclav Havel of the Czech Republic,NATO Strategy and Enlargement,Include candidate,chronology,Madrid/accession thread; non-crisis lane,Verify Washington time and chronological placement.,https://clinton.presidentiallibraries.us/items/show/101391,,"Source: William J. Clinton Presidential Library, Clinton Digital Library, Declassified Documents, Telcons - Memoranda of Telephone Conversations, Release 2015-0773-M, Item 101391. Confidential."
168,Rebalance Coverage,73,1994-07-10,Memcon,"Meeting with President Boris Yeltsin of Russia, July 10, 1994, Naples Italy",NATO-Russia and Partnership,Context candidate,chronology,NATO-Russia thread; non-crisis lane,Verify Washington time and chronological placement.,https://www.clintonlibrary.gov/research/archives/finding-aids/declassified-documents-concerning-russian-president-boris-yeltsin,https://www.clintonlibrary.gov/sites/default/files/finding_aids_a_z/2026-05/2015-0782-M-1.pdf,"Source: Clinton Library, Meetings and Telephone Calls with Foreign Leaders, master chronology, Release packet 2015-0782-M-1."
169,Rebalance Coverage,73,1994-09-28,Memcon,Second Clinton/Yeltsin One-on-One,NATO-Russia and Partnership,Context candidate,chronology,NATO-Russia thread; non-crisis lane,Verify Washington time and chronological placement.,https://clinton.presidentiallibraries.us/items/show/101758,https://clinton.presidentiallibraries.us/files/original/2509827ca57f98e07eec584b3d69250f.pdf,"Source: William J. Clinton Presidential Library, Clinton Digital Library item 101758, ""Declassified documents concerning telcon between the President and Boris Yeltsin on September 28, 1994,"" identifier 2018-1215-M; creators National Security Council, NSC European Affairs Office, and Alexander Vershbow; part of National Archives Catalog Description, NAID 7585499; Clinton Presidential Records: White House Staff and Office Files; Declassified Documents collection. Direct review shows the extracted pages are the complete ""Second Clinton/Yeltsin One-on-One"" meeting text. Confidential."
170,Rebalance Coverage,73,1995-02-21,Source Lead,"February 21, 1995 Letter From Strobe To Juergen Chrobog",NATO-Russia and Partnership,Pending,selection,non-crisis lane,"Read released PDF, decide include/context/exclude, and extract source note fields.",https://foia.state.gov/DOCUMENTS/FOIA_L_Apr2023/FL-2017-13804/DOC_0C09000084/C09000084.pdf,https://foia.state.gov/DOCUMENTS/FOIA_L_Apr2023/FL-2017-13804/DOC_0C09000084/C09000084.pdf,"Source: Department of State, FOIA Virtual Reading Room, Strobe Talbott FOIA release, Document C09000084. Unclassified."
171,Rebalance Coverage,73,1995-04-14,Source Lead,"April 14, 1995 Letter From Strobe Talbott To Professor Tucker W/Attachment(s)",NATO-Russia and Partnership,Pending,selection,non-crisis lane,"Read released PDF, decide include/context/exclude, and extract source note fields.",https://foia.state.gov/DOCUMENTS/FOIA_L_July2022/FL-2017-13804/DOC_0C09000033/C09000033.pdf,https://foia.state.gov/DOCUMENTS/FOIA_L_July2022/FL-2017-13804/DOC_0C09000033/C09000033.pdf,"Source: Department of State, FOIA Virtual Reading Room, Strobe Talbott FOIA release, Document C09000033. Unclassified."
172,Rebalance Coverage,73,1995-12-03,Context,"The President's News Conference With European Union Leaders in Madrid, Spain",European Security Architecture,Context candidate,,NATO-EU/ESDI architecture; Madrid/accession thread; non-crisis lane,"Review for final selection, annotation, and index treatment.",https://www.govinfo.gov/app/details/PPP-1995-book2/PPP-1995-book2-doc-pg1835-2,https://www.govinfo.gov/content/pkg/PPP-1995-book2/pdf/PPP-1995-book2-doc-pg1835-2.pdf,"Source: Government Publishing Office, GovInfo, Public Papers of the Presidents of the United States: William J. Clinton, PPP-1995-book2; PPP-1995-book2-doc-pg1835-2. Unclassified public record."
173,Rebalance Coverage,73,1996-04-16,Source Lead,DRAFT MEMORANDUM TO THE PRESIDENT,NATO-Russia and Partnership,Pending,selection,non-crisis lane,"Read released PDF, decide include/context/exclude, and extract source note fields.",https://foia.state.gov/DOCUMENTS/FOIA_L_Apr2023/FL-2017-13804/DOC_0C09000077/C09000077.pdf,https://foia.state.gov/DOCUMENTS/FOIA_L_Apr2023/FL-2017-13804/DOC_0C09000077/C09000077.pdf,"Source: Department of State, FOIA Virtual Reading Room, Strobe Talbott FOIA release, Document C09000077. Secret; Nodis; Eyes Only."
174,Rebalance Coverage,73,1996-07-09,Source Lead,"July 9, 1996 Note From Strobe To Chris",NATO-Russia and Partnership,Pending,selection,non-crisis lane,"Read released PDF, decide include/context/exclude, and extract source note fields.",https://foia.state.gov/DOCUMENTS/FOIA_L_Apr2023/FL-2017-13804/DOC_0C09000074/C09000074.pdf,https://foia.state.gov/DOCUMENTS/FOIA_L_Apr2023/FL-2017-13804/DOC_0C09000074/C09000074.pdf,"Source: Department of State, FOIA Virtual Reading Room, Strobe Talbott FOIA release, Document C09000074. Unclassified."
175,Rebalance Coverage,73,1996-07-30,Source Lead,Supplemental Statement of Performance of Period Covered: 4/16/95 - 6/30/96,NATO-Russia and Partnership,Pending,selection,non-crisis lane,"Read released PDF, decide include/context/exclude, and extract source note fields.",https://foia.state.gov/DOCUMENTS/FOIA_L_June2024/FL-2017-13804/DOC_0C09000063/C09000063.pdf,https://foia.state.gov/DOCUMENTS/FOIA_L_June2024/FL-2017-13804/DOC_0C09000063/C09000063.pdf,"Source: Department of State, FOIA Virtual Reading Room, Strobe Talbott FOIA release, Document C09000063. Unclassified."
176,Rebalance Coverage,73,1996-08-21,Source Lead,"August 21, 1996 Note From Strobe Talbott To Sandy W/Attachment(s)",European Security Architecture,Pending,selection,non-crisis lane,"Read released PDF, decide include/context/exclude, and extract source note fields.",https://foia.state.gov/DOCUMENTS/FOIA_L_July2022/FL-2017-13804/DOC_0C09000016/C09000016.pdf,https://foia.state.gov/DOCUMENTS/FOIA_L_July2022/FL-2017-13804/DOC_0C09000016/C09000016.pdf,"Source: Department of State, FOIA Virtual Reading Room, Strobe Talbott FOIA release, Document C09000016. Confidential."
177,Rebalance Coverage,73,1996-11-18,Source Lead,"November 18, 1996 Letter From Strobe Talbott To Javier Solana",European Security Architecture,Pending,selection,non-crisis lane,"Read released PDF, decide include/context/exclude, and extract source note fields.",https://foia.state.gov/DOCUMENTS/FOIA_L_May2022/FL-2017-13804/DOC_0C09000027/C09000027.pdf,https://foia.state.gov/DOCUMENTS/FOIA_L_May2022/FL-2017-13804/DOC_0C09000027/C09000027.pdf,"Source: Department of State, FOIA Virtual Reading Room, Strobe Talbott FOIA release, Document C09000027. Confidential."
178,Rebalance Coverage,73,1998-05-17,Memcon,Memorandum of Conversation - President Boris Yeltsin of Russia,Crisis Security Files,Include candidate,chronology,NATO-Russia thread; late-volume coverage,Verify Washington time and chronological placement.,https://clinton.presidentiallibraries.us/items/show/101528,https://clinton.presidentiallibraries.us/files/original/de36fdf16dd4aee1a6215050f89ba430.pdf,"Source: William J. Clinton Presidential Library, Clinton Digital Library, Declassified Documents, Memcons - Memoranda of Conversation, Release 2015-0782-M-2, Item 101528. Confidential."
179,Rebalance Coverage,73,1999-06-20,Memcon,Memorandum of Conversation - President Boris Yeltsin of Russia,Crisis Security Files,Include candidate,chronology,NATO-Russia thread; late-volume coverage,Verify Washington time and chronological placement.,https://clinton.presidentiallibraries.us/items/show/101606,https://clinton.presidentiallibraries.us/files/original/3a9dfaf27b801d9fcfa3cefddca78be5.pdf,"Source: William J. Clinton Presidential Library, Clinton Digital Library, Declassified Documents, Memcons - Memoranda of Conversation, Release 2015-0782-M-2, Item 101606. Confidential."
180,Rebalance Coverage,71,1994-12-12,Release Packet,Letter From Strobe Talbott to Yuri,Crisis Security Files,Context candidate,,OSCE/CSCE architecture,"Split packet into document-level records with page spans, markings, and excision status.",https://foia.state.gov/search/results.aspx?searchText=C09000052,https://foia.state.gov/DOCUMENTS/FOIA_L_May2022/FL-2017-13804/DOC_0C09000052/C09000052.pdf,"Source: Department of State, FOIA Virtual Reading Room, Strobe Talbott FOIA case F-2017-13804, Document C09000052 (May 2022 release). Unclassified. Source pages: 7 pages counted."
181,Rebalance Coverage,71,1997-03-05,Telcon,Museum of Telephone Conversation - Chancellor Helmut Kohl of Germany,European Security Architecture,Include candidate,chronology,late-volume coverage; non-crisis lane,Verify Washington time and chronological placement.,https://clinton.presidentiallibraries.us/items/show/101474,https://clinton.presidentiallibraries.us/files/original/5324211d8de2a99a37b628367fdee5d1.pdf,"Source: William J. Clinton Presidential Library, Clinton Digital Library, Declassified Documents, Telcons - Memoranda of Telephone Conversations, Release 2015-0776-M, Item 101474. Secret."
182,Rebalance Coverage,71,1997-07-09,Memcon,Memorandum of Conversation - President Leonid Kuchma of Ukraine,NATO-Russia and Partnership,Include candidate,chronology,late-volume coverage; non-crisis lane,Verify Washington time and chronological placement.,https://clinton.presidentiallibraries.us/items/show/101470,https://clinton.presidentiallibraries.us/files/original/304ee46e4f0986bbcf617eb4aed17ad1.pdf,"Source: William J. Clinton Presidential Library, Clinton Digital Library, Declassified Documents, Memcons - Memoranda of Conversation, Item 101470. Confidential."
183,Rebalance Coverage,71,1997-10-21,Telcon,Museum of Telephone Conversation - Chancellor Helmut Kohl of Germany,European Security Architecture,Include candidate,chronology,late-volume coverage; non-crisis lane,Verify Washington time and chronological placement.,https://clinton.presidentiallibraries.us/items/show/101477,https://clinton.presidentiallibraries.us/files/original/3f30316ef54f66b11ea44aab7a663b3e.pdf,"Source: William J. Clinton Presidential Library, Clinton Digital Library, Declassified Documents, Telcons - Memoranda of Telephone Conversations, Release 2015-0776-M, Item 101477. Confidential."
184,Rebalance Coverage,71,1998-01-16,Memcon,"Memorandum of Conversation - President Guntis Ulmanis of Latvia, President Lennart Meri of Estonia, and President Algirdas Brazauskas of Lithuania",NATO Strategy and Enlargement,Include candidate,chronology,late-volume coverage; non-crisis lane,Verify Washington time and chronological placement.,https://clinton.presidentiallibraries.us/items/show/118565,https://clinton.presidentiallibraries.us/files/original/c9e50ea35d7e380c704747bc312cf21a.pdf,"Source: William J. Clinton Presidential Library, Clinton Digital Library, Declassified Documents, Memcons - Memoranda of Conversation, Release 2014-0656-M, Item 118565. Secret."
185,Rebalance Coverage,71,1998-05-02,Telcon,Memorandum of Telephone conversation with NATO Secretary General Solana,European Security Architecture,Include candidate,chronology,late-volume coverage; non-crisis lane,Verify Washington time and chronological placement.,https://clinton.presidentiallibraries.us/items/show/118889,https://clinton.presidentiallibraries.us/files/original/11d052c456f355d767263bf051e4efe7.pdf,"Source: William J. Clinton Presidential Library, Clinton Digital Library, Declassified Documents, Telcons - Memoranda of Telephone Conversations, Release 2015-0548-M, Item 118889. Confidential."
186,Rebalance Coverage,71,1998-10-21,Memcon,Memorandum of Conversation with President Adamkus of Lithuania,NATO Strategy and Enlargement,Include candidate,chronology,late-volume coverage; non-crisis lane,Verify Washington time and chronological placement.,https://clinton.presidentiallibraries.us/items/show/118917,https://clinton.presidentiallibraries.us/files/original/29c17fc63800df67688f1771d127a45e.pdf,"Source: William J. Clinton Presidential Library, Clinton Digital Library, Declassified Documents, Memcons - Memoranda of Conversation, Release 2016-0384-M, Item 118917. Confidential."
187,Chase Diary Leads,69,1993-03-24,Context,Presidential Daily Diary reference: meeting with Russian Foreign Minister Andrey Kozyrev,NATO-Russia and Partnership,Context candidate,,NATO-Russia thread; non-crisis lane,"Chase substantive memcon, telcon, briefing book, trip file, or summit file.",https://catalog.archives.gov/id/147870749,https://s3.amazonaws.com/NARAprodstorage/lz/presidential-libraries/clinton/foia/2013/2013-0549-F/42-t-101784486-20130549F-001-005-2018.pdf,"Source: National Archives and Records Administration, National Archives Catalog, Clinton Presidential Records, Presidential Daily Diary, Ellen McCathran Files, Release LPWJC 2013-0549-F, [03/15/1993-03/31/1993], NAID 147870749, Unclassified diary record. Source pages: page 89."
188,Chase Diary Leads,69,1993-09-29,Context,Presidential Daily Diary reference: meeting with Russian Foreign Minister Andrey Kozyrev,NATO-Russia and Partnership,Context candidate,,NATO-Russia thread; non-crisis lane,"Chase substantive memcon, telcon, briefing book, trip file, or summit file.",https://catalog.archives.gov/id/147870769,https://s3.amazonaws.com/NARAprodstorage/lz/presidential-libraries/clinton/foia/2013/2013-0549-F/42-t-101784486-20130549F-002-007-2018.pdf,"Source: National Archives and Records Administration, National Archives Catalog, Clinton Presidential Records, Presidential Daily Diary, Ellen McCathran Files, Release LPWJC 2013-0549-F, [09/16/1993-09/30/1993], NAID 147870769, Unclassified diary record. Source pages: page 90."
189,Chase Diary Leads,69,1994-01-14,Context,Presidential Daily Diary reference: denuclearization signing with Yeltsin and Kravchuk,NATO-Russia and Partnership,Context candidate,,NATO-Russia thread; non-crisis lane,"Chase substantive memcon, telcon, briefing book, trip file, or summit file.",https://catalog.archives.gov/id/147870783,https://s3.amazonaws.com/NARAprodstorage/lz/presidential-libraries/clinton/foia/2013/2013-0549-F/42-t-101784486-20130549F-003-006-2018.pdf,"Source: National Archives and Records Administration, National Archives Catalog, Clinton Presidential Records, Presidential Daily Diary, Ellen McCathran Files, Release LPWJC 2013-0549-F, [01/01/1994-01/15/1994], NAID 147870783, Unclassified diary record. Source pages: page 68."
190,Chase Diary Leads,69,1995-05-10,Context,Presidential Daily Diary reference: Moscow meetings and luncheon with Yeltsin,NATO-Russia and Partnership,Context candidate,,NATO-Russia thread; non-crisis lane,"Chase substantive memcon, telcon, briefing book, trip file, or summit file.",https://catalog.archives.gov/id/147870833,https://s3.amazonaws.com/NARAprodstorage/lz/presidential-libraries/clinton/foia/2013/2013-0549-F/42-t-101784486-20130549F-006-003-2018.pdf,"Source: National Archives and Records Administration, National Archives Catalog, Clinton Presidential Records, Presidential Daily Diary, Ellen McCathran Files, Release LPWJC 2013-0549-F, [05/01/1995-05/14/1995], NAID 147870833, Unclassified diary record. Source pages: pages 67-73."
191,Chase Diary Leads,69,1996-02-23,Context,Presidential Daily Diary reference: conference call with Boris Yeltsin,NATO-Russia and Partnership,Context candidate,,NATO-Russia thread; non-crisis lane,"Chase substantive memcon, telcon, briefing book, trip file, or summit file.",https://catalog.archives.gov/id/147870853,https://s3.amazonaws.com/NARAprodstorage/lz/presidential-libraries/clinton/foia/2013/2013-0549-F/42-t-101784486-20130549F-006-013-2018.pdf,"Source: National Archives and Records Administration, National Archives Catalog, Clinton Presidential Records, Presidential Daily Diary, Ellen McCathran Files, Release LPWJC 2013-0549-F, [02/01/1996-02/29/1996], NAID 147870853, Unclassified diary record. Source pages: page 36."
192,Rebalance Coverage,67,1998-03-25,Source Lead,"March 25, 1998 Letter From Strobe Talbott To James Rosappe",Crisis Security Files,Pending,selection,late-volume coverage,"Read released PDF, decide include/context/exclude, and extract source note fields.",https://foia.state.gov/DOCUMENTS/FOIA_L_Oct2023/FL-2017-13804/DOC_0C09000117/C09000117.pdf,https://foia.state.gov/DOCUMENTS/FOIA_L_Oct2023/FL-2017-13804/DOC_0C09000117/C09000117.pdf,"Source: Department of State, FOIA Virtual Reading Room, Strobe Talbott FOIA release, Document C09000117. Unclassified."
193,Rebalance Coverage,67,1998-03-25,Source Lead,"March 25, 1998 Letter From Strobe Talbott To Paul Reid",Crisis Security Files,Pending,selection,late-volume coverage,"Read released PDF, decide include/context/exclude, and extract source note fields.",https://foia.state.gov/DOCUMENTS/FOIA_L_Oct2023/FL-2017-13804/DOC_0C09000122/C09000122.pdf,https://foia.state.gov/DOCUMENTS/FOIA_L_Oct2023/FL-2017-13804/DOC_0C09000122/C09000122.pdf,"Source: Department of State, FOIA Virtual Reading Room, Strobe Talbott FOIA release, Document C09000122. Unclassified."
194,Rebalance Coverage,67,1998-09-16,Memcon,Memorandum of Conversation - President Vaclav Havel of the Czech Republic,Crisis Security Files,Include candidate,chronology,Madrid/accession thread; late-volume coverage,Verify Washington time and chronological placement.,https://clinton.presidentiallibraries.us/items/show/101539,,"Source: William J. Clinton Presidential Library, Clinton Digital Library, Declassified Documents, Memcons - Memoranda of Conversation, Release 2015-0773-M, Item 101539. Confidential."
195,Rebalance Coverage,67,1999-03-24,Telcon,"Telephone call with President Boris Yeltsin of Russia, March 24, 1999, White House",Crisis Security Files,Context candidate,chronology,NATO-Russia thread; late-volume coverage,Verify Washington time and chronological placement.,https://www.clintonlibrary.gov/research/archives/finding-aids/declassified-documents-concerning-russian-president-boris-yeltsin-0,https://www.clintonlibrary.gov/sites/default/files/finding_aids_a_z/2026-01/2015-0782-M-2.pdf,"Source: Clinton Library, Meetings and Telephone Calls with Foreign Leaders, master chronology, Release packet 2015-0782-M-2; related packet(s): 2014-0546-M-Release-A. The packet header has a date typo, but the marker, document ID, and leader chronology identify this as March 24, 1999. Secret."
196,Rebalance Coverage,67,1999-04-19,Source Lead,"Checklist of Key Issues Foreign Policy Team Meeting witch The President, Monday, April 19, 1999 w/Attached Distribution List",Crisis Security Files,Pending,selection,late-volume coverage,"Read released PDF, decide include/context/exclude, and extract source note fields.",https://foia.state.gov/DOCUMENTS/FOIA_L_June2024/FL-2017-13804/DOC_0C09000003/C09000003.pdf,https://foia.state.gov/DOCUMENTS/FOIA_L_June2024/FL-2017-13804/DOC_0C09000003/C09000003.pdf,"Source: Department of State, FOIA Virtual Reading Room, Strobe Talbott FOIA release, Document C09000003. Unclassified; Nodis."
197,Rebalance Coverage,67,1999-04-19,Telcon,"Telephone call with President Boris Yeltsin of Russia, April 19, 1999, White House",Crisis Security Files,Context candidate,chronology,NATO-Russia thread; late-volume coverage,Verify Washington time and chronological placement.,https://www.clintonlibrary.gov/research/archives/finding-aids/declassified-documents-concerning-russian-president-boris-yeltsin-0,https://www.clintonlibrary.gov/sites/default/files/finding_aids_a_z/2026-01/2015-0782-M-2.pdf,"Source: Clinton Library, Meetings and Telephone Calls with Foreign Leaders, master chronology, Release packet 2015-0782-M-2; related packet(s): 2014-0546-M-Release-A. Secret. Source pages: pages 438-443; 6 conversation pages."
198,Rebalance Coverage,67,1999-04-25,Telcon,"Telephone call with President Boris Yeltsin of Russia, April 25, 1999, Washington, D.C.",Crisis Security Files,Context candidate,chronology,NATO-Russia thread; late-volume coverage,Verify Washington time and chronological placement.,https://www.clintonlibrary.gov/research/archives/finding-aids/declassified-documents-concerning-russian-president-boris-yeltsin-0,https://www.clintonlibrary.gov/sites/default/files/finding_aids_a_z/2026-01/2015-0782-M-2.pdf,"Source: Clinton Library, Meetings and Telephone Calls with Foreign Leaders, master chronology, Release packet 2015-0782-M-2; related packet(s): 2014-0546-M-Release-A. Secret. Source pages: pages 445-456; 12 conversation pages."
199,Rebalance Coverage,67,1999-05-02,Telcon,"Telephone call with President Boris Yeltsin of Russia, May 2, 1999, White House",Crisis Security Files,Context candidate,chronology,NATO-Russia thread; late-volume coverage,Verify Washington time and chronological placement.,https://www.clintonlibrary.gov/research/archives/finding-aids/declassified-documents-concerning-russian-president-boris-yeltsin-0,https://www.clintonlibrary.gov/sites/default/files/finding_aids_a_z/2026-01/2015-0782-M-2.pdf,"Source: Clinton Library, Meetings and Telephone Calls with Foreign Leaders, master chronology, Release packet 2015-0782-M-2; related packet(s): 2014-0546-M-Release-A. Secret. Source pages: pages 470-473; 4 conversation pages."
200,Rebalance Coverage,67,1999-05-27,Telcon,Memorandum of Telephone Conversation - President Vaclav Havel of the Czech Republic,Crisis Security Files,Include candidate,chronology,Madrid/accession thread; late-volume coverage,Verify Washington time and chronological placement.,https://clinton.presidentiallibraries.us/items/show/101612,,"Source: William J. Clinton Presidential Library, Clinton Digital Library, Declassified Documents, Telcons - Memoranda of Telephone Conversations, Release 2015-0773-M, Item 101612. Confidential."
201,Rebalance Coverage,67,1999-06-07,Telcon,"Telephone call with President Boris Yeltsin of Russia, June 7, 1999, White House",Crisis Security Files,Context candidate,chronology,NATO-Russia thread; late-volume coverage,Verify Washington time and chronological placement.,https://www.clintonlibrary.gov/research/archives/finding-aids/declassified-documents-concerning-russian-president-boris-yeltsin-0,https://www.clintonlibrary.gov/sites/default/files/finding_aids_a_z/2026-01/2015-0782-M-2.pdf,"Source: Clinton Library, Meetings and Telephone Calls with Foreign Leaders, master chronology, Release packet 2015-0782-M-2; related packet(s): 2014-0546-M-Release-A. Confidential. Source pages: pages 479-480; 2 conversation pages."
202,Rebalance Coverage,67,1999-06-08,Telcon,"Telephone call with President Boris Yeltsin of Russia, June 8, 1999, White House",Crisis Security Files,Context candidate,chronology,NATO-Russia thread; late-volume coverage,Verify Washington time and chronological placement.,https://www.clintonlibrary.gov/research/archives/finding-aids/declassified-documents-concerning-russian-president-boris-yeltsin-0,https://www.clintonlibrary.gov/sites/default/files/finding_aids_a_z/2026-01/2015-0782-M-2.pdf,"Source: Clinton Library, Meetings and Telephone Calls with Foreign Leaders, master chronology, Release packet 2015-0782-M-2; related packet(s): 2014-0546-M-Release-A. Secret. Source pages: pages 482-484; 3 conversation pages."
203,Rebalance Coverage,67,1999-06-10,Telcon,"Telephone call with President Boris Yeltsin of Russia, June 10, 1999, White House",Crisis Security Files,Context candidate,chronology,NATO-Russia thread; late-volume coverage,Verify Washington time and chronological placement.,https://www.clintonlibrary.gov/research/archives/finding-aids/declassified-documents-concerning-russian-president-boris-yeltsin-0,https://www.clintonlibrary.gov/sites/default/files/finding_aids_a_z/2026-01/2015-0782-M-2.pdf,"Source: Clinton Library, Meetings and Telephone Calls with Foreign Leaders, master chronology, Release packet 2015-0782-M-2; related packet(s): 2014-0546-M-Release-A. Confidential. Source pages: pages 488-489; 2 conversation pages."
204,Rebalance Coverage,67,1999-06-13,Telcon,"Telephone call with President Boris Yeltsin of Russia, June 13, 1999, White House",Crisis Security Files,Context candidate,chronology,NATO-Russia thread; late-volume coverage,Verify Washington time and chronological placement.,https://www.clintonlibrary.gov/research/archives/finding-aids/declassified-documents-concerning-russian-president-boris-yeltsin-0,https://www.clintonlibrary.gov/sites/default/files/finding_aids_a_z/2026-01/2015-0782-M-2.pdf,"Source: Clinton Library, Meetings and Telephone Calls with Foreign Leaders, master chronology, Release packet 2015-0782-M-2; related packet(s): 2014-0546-M-Release-A. Secret. Source pages: pages 531-537; 7 conversation pages."
205,Rebalance Coverage,67,1999-06-14,Source Lead,1999 US-OMAN BILATERAL CONSULTATIONS - INTERNATIONAL AND REGIONAL ISSUES,Crisis Security Files,Pending,selection,late-volume coverage,"Read released PDF, decide include/context/exclude, and extract source note fields.",https://foia.state.gov/DOCUMENTS/FOIA_L_May2022/FL-2017-13804/DOC_0C09000048/C09000048.pdf,https://foia.state.gov/DOCUMENTS/FOIA_L_May2022/FL-2017-13804/DOC_0C09000048/C09000048.pdf,"Source: Department of State, FOIA Virtual Reading Room, Strobe Talbott FOIA release, Document C09000048. Confidential."
206,Rebalance Coverage,67,1999-06-14,Telcon,"Telephone call with President Boris Yeltsin of Russia, June 14, 1999, White House",Crisis Security Files,Context candidate,chronology,NATO-Russia thread; late-volume coverage,Verify Washington time and chronological placement.,https://www.clintonlibrary.gov/research/archives/finding-aids/declassified-documents-concerning-russian-president-boris-yeltsin-0,https://www.clintonlibrary.gov/sites/default/files/finding_aids_a_z/2026-01/2015-0782-M-2.pdf,"Source: Clinton Library, Meetings and Telephone Calls with Foreign Leaders, master chronology, Release packet 2015-0782-M-2; related packet(s): 2014-0546-M-Release-A. Secret. Source pages: pages 521-524; 4 conversation pages."
207,Rebalance Coverage,67,1999-06-20,Memcon,"Meeting with President Boris Yeltsin of Russia, June 20, 1999, Cologne, Germany",Crisis Security Files,Context candidate,chronology,NATO-Russia thread; late-volume coverage,Verify Washington time and chronological placement.,https://www.clintonlibrary.gov/research/archives/finding-aids/declassified-documents-concerning-russian-president-boris-yeltsin-0,https://www.clintonlibrary.gov/sites/default/files/finding_aids_a_z/2026-01/2015-0782-M-2.pdf,"Source: Clinton Library, Meetings and Telephone Calls with Foreign Leaders, master chronology, Release packet 2015-0782-M-2; related packet(s): 2014-0546-M-Release-A. Confidential. Source pages: pages 497-505; 9 conversation pages."
208,Rebalance Coverage,67,1999-07-17,Source Lead,Baltic Partnership Commission w/Attachment(s),Crisis Security Files,Pending,selection,late-volume coverage,"Read released PDF, decide include/context/exclude, and extract source note fields.",https://foia.state.gov/DOCUMENTS/FOIA_L_July2023/FL-2017-13804/DOC_0C09000018/C09000018.pdf,https://foia.state.gov/DOCUMENTS/FOIA_L_July2023/FL-2017-13804/DOC_0C09000018/C09000018.pdf,"Source: Department of State, FOIA Virtual Reading Room, Strobe Talbott FOIA release, Document C09000018. Unclassified."
209,Promote Leads,67,1995-02-23,Release Packet,Memorandum From Acting Secretary Talbott to Secretary Brown: Your Visit to Spain,Crisis Security Files,Context candidate,,Madrid/accession thread,"Split packet into document-level records with page spans, markings, and excision status.",https://foia.state.gov/search/results.aspx?searchText=C09000085,https://foia.state.gov/DOCUMENTS/FOIA_L_Apr2023/FL-2017-13804/DOC_0C09000085/C09000085.pdf,"Source: Department of State, FOIA Virtual Reading Room, Strobe Talbott FOIA case F-2017-13804, Document C09000085. Confidential. Source pages: 6 pages counted."
210,Promote Leads,67,1995-06-07,Release Packet,Official-Informal Message From Talbott to Mamedov,Crisis Security Files,Context candidate,,NATO-Russia thread,"Split packet into document-level records with page spans, markings, and excision status.",https://foia.state.gov/search/results.aspx?searchText=C09000098,https://foia.state.gov/DOCUMENTS/FOIA_L_Apr2023/FL-2017-13804/DOC_0C09000098/C09000098.pdf,"Source: Department of State, FOIA Virtual Reading Room, Strobe Talbott FOIA case F-2017-13804, Document C09000098. Secret. Source pages: 6 pages counted."
211,Promote Leads,67,1995-06-13,Release Packet,Letter From Yuri Mamedov to Strobe Talbott,Crisis Security Files,Context candidate,,NATO-Russia thread,"Split packet into document-level records with page spans, markings, and excision status.",https://foia.state.gov/search/results.aspx?searchText=C09000087,https://foia.state.gov/DOCUMENTS/FOIA_L_Apr2023/FL-2017-13804/DOC_0C09000087/C09000087.pdf,"Source: Department of State, FOIA Virtual Reading Room, Strobe Talbott FOIA case F-2017-13804, Document C09000087. Unclassified. Source pages: 3 pages counted."
212,Promote Leads,67,1995-08-31,Release Packet,Bosnia: Secretary-Kozyrev Letter,Crisis Security Files,Context candidate,,NATO-Russia thread,"Split packet into document-level records with page spans, markings, and excision status.",https://foia.state.gov/search/results.aspx?searchText=C09000009,https://foia.state.gov/DOCUMENTS/FOIA_L_June2022/FL-2017-13804/DOC_0C09000009/C09000009.pdf,"Source: Department of State, FOIA Virtual Reading Room, Strobe Talbott FOIA case F-2017-13804, Document C09000009. Secret; Nodis. Source pages: 2 pages counted."
213,Rebalance Coverage,65,1997-05-14,Context,Remarks on the NATO-Russia Founding Act and an Exchange With Reporters,NATO-Russia and Partnership,Context candidate,,NATO-Russia thread; late-volume coverage; non-crisis lane,"Review for final selection, annotation, and index treatment.",https://www.govinfo.gov/app/details/PPP-1997-book1/PPP-1997-book1-doc-pg598,https://www.govinfo.gov/content/pkg/PPP-1997-book1/pdf/PPP-1997-book1-doc-pg598.pdf,"Source: Government Publishing Office, GovInfo, Public Papers of the Presidents of the United States: William J. Clinton, PPP-1997-book1; PPP-1997-book1-doc-pg598. Unclassified public record."
214,Rebalance Coverage,65,1997-05-27,Context,"Remarks at the Signing Ceremony for the NATO-Russia Founding Act in Paris, France",NATO-Russia and Partnership,Context candidate,,NATO-Russia thread; late-volume coverage; non-crisis lane,"Review for final selection, annotation, and index treatment.",https://www.govinfo.gov/app/details/PPP-1997-book1/PPP-1997-book1-doc-pg657,https://www.govinfo.gov/content/pkg/PPP-1997-book1/pdf/PPP-1997-book1-doc-pg657.pdf,"Source: Government Publishing Office, GovInfo, Public Papers of the Presidents of the United States: William J. Clinton, PPP-1997-book1; PPP-1997-book1-doc-pg657. Unclassified public record."
215,Rebalance Coverage,65,1997-05-28,Context,"The President's News Conference With European Union Leaders in The Hague, The Netherlands",European Security Architecture,Context candidate,,NATO-EU/ESDI architecture; late-volume coverage; non-crisis lane,"Review for final selection, annotation, and index treatment.",https://www.govinfo.gov/app/details/PPP-1997-book1/PPP-1997-book1-doc-pg659-2,https://www.govinfo.gov/content/pkg/PPP-1997-book1/pdf/PPP-1997-book1-doc-pg659-2.pdf,"Source: Government Publishing Office, GovInfo, Public Papers of the Presidents of the United States: William J. Clinton, PPP-1997-book1; PPP-1997-book1-doc-pg659-2. Unclassified public record."
216,Rebalance Coverage,65,1997-07-09,Context,Remarks at the Signing Ceremony for the NATO-Ukraine Charter in Madrid,European Security Architecture,Context candidate,,Madrid/accession thread; late-volume coverage; non-crisis lane,"Review for final selection, annotation, and index treatment.",https://www.govinfo.gov/app/details/PPP-1997-book2/PPP-1997-book2-doc-pg927,https://www.govinfo.gov/content/pkg/PPP-1997-book2/pdf/PPP-1997-book2-doc-pg927.pdf,"Source: Government Publishing Office, GovInfo, Public Papers of the Presidents of the United States: William J. Clinton, PPP-1997-book2; PPP-1997-book2-doc-pg927. Unclassified public record."
217,Rebalance Coverage,65,1997-07-10,Context,Remarks at a Dinner Hosted by President Aleksander Kwasniewski of Poland in Warsaw,NATO Strategy and Enlargement,Context candidate,,Madrid/accession thread; late-volume coverage; non-crisis lane,"Review for final selection, annotation, and index treatment.",https://www.govinfo.gov/app/details/PPP-1997-book2/PPP-1997-book2-doc-pg941,https://www.govinfo.gov/content/pkg/PPP-1997-book2/pdf/PPP-1997-book2-doc-pg941.pdf,"Source: Government Publishing Office, GovInfo, Public Papers of the Presidents of the United States: William J. Clinton, PPP-1997-book2; PPP-1997-book2-doc-pg941. Unclassified public record."
218,Rebalance Coverage,65,1997-12-05,Context,Remarks Prior to Discussions With European Union Leaders and an Exchange With Reporters,European Security Architecture,Context candidate,,NATO-EU/ESDI architecture; late-volume coverage; non-crisis lane,"Review for final selection, annotation, and index treatment.",https://www.govinfo.gov/app/details/PPP-1997-book2/PPP-1997-book2-doc-pg1718-3,https://www.govinfo.gov/content/pkg/PPP-1997-book2/pdf/PPP-1997-book2-doc-pg1718-3.pdf,"Source: Government Publishing Office, GovInfo, Public Papers of the Presidents of the United States: William J. Clinton, PPP-1997-book2; PPP-1997-book2-doc-pg1718-3. Unclassified public record."
219,Rebalance Coverage,65,1998-02-11,Context,"Message to the Senate Transmitting the Protocols of Accession to NATO for Poland, Hungary, and the Czech Republic",European Security Architecture,Context candidate,,Madrid/accession thread; late-volume coverage; non-crisis lane,"Review for final selection, annotation, and index treatment.",https://www.govinfo.gov/app/details/PPP-1998-book1/PPP-1998-book1-doc-pg208,https://www.govinfo.gov/content/pkg/PPP-1998-book1/pdf/PPP-1998-book1-doc-pg208.pdf,"Source: Government Publishing Office, GovInfo, Public Papers of the Presidents of the United States: William J. Clinton, PPP-1998-book1; PPP-1998-book1-doc-pg208. Unclassified public record."
220,Rebalance Coverage,65,1998-02-11,Context,"Remarks on Signing the Transmittal to the Senate of the Protocols of Accession to NATO for Poland, Hungary, and the Czech Republic",European Security Architecture,Context candidate,,Madrid/accession thread; late-volume coverage; non-crisis lane,"Review for final selection, annotation, and index treatment.",https://www.govinfo.gov/app/details/PPP-1998-book1/PPP-1998-book1-doc-pg206,https://www.govinfo.gov/content/pkg/PPP-1998-book1/pdf/PPP-1998-book1-doc-pg206.pdf,"Source: Government Publishing Office, GovInfo, Public Papers of the Presidents of the United States: William J. Clinton, PPP-1998-book1; PPP-1998-book1-doc-pg206. Unclassified public record."
221,Rebalance Coverage,65,1998-03-03,Context,Statement on Senate Support for NATO Enlargement,European Security Architecture,Context candidate,,Madrid/accession thread; late-volume coverage; non-crisis lane,"Review for final selection, annotation, and index treatment.",https://www.govinfo.gov/app/details/PPP-1998-book1/PPP-1998-book1-doc-pg319,https://www.govinfo.gov/content/pkg/PPP-1998-book1/pdf/PPP-1998-book1-doc-pg319.pdf,"Source: Government Publishing Office, GovInfo, Public Papers of the Presidents of the United States: William J. Clinton, PPP-1998-book1; PPP-1998-book1-doc-pg319. Unclassified public record."
222,Rebalance Coverage,65,1998-04-30,Context,"Statement on Senate Ratification of the Protocols of Accession to NATO for Poland, Hungary, and the Czech Republic",European Security Architecture,Context candidate,,Madrid/accession thread; late-volume coverage; non-crisis lane,"Review for final selection, annotation, and index treatment.",https://www.govinfo.gov/app/details/PPP-1998-book1/PPP-1998-book1-doc-pg653,https://www.govinfo.gov/content/pkg/PPP-1998-book1/pdf/PPP-1998-book1-doc-pg653.pdf,"Source: Government Publishing Office, GovInfo, Public Papers of the Presidents of the United States: William J. Clinton, PPP-1998-book1; PPP-1998-book1-doc-pg653. Unclassified public record."
223,Rebalance Coverage,65,1998-05-18,Context,"The President's News Conference With European Union Leaders in London, United Kingdom",European Security Architecture,Context candidate,,NATO-EU/ESDI architecture; late-volume coverage; non-crisis lane,"Review for final selection, annotation, and index treatment.",https://www.govinfo.gov/app/details/PPP-1998-book1/PPP-1998-book1-doc-pg791,https://www.govinfo.gov/content/pkg/PPP-1998-book1/pdf/PPP-1998-book1-doc-pg791.pdf,"Source: Government Publishing Office, GovInfo, Public Papers of the Presidents of the United States: William J. Clinton, PPP-1998-book1; PPP-1998-book1-doc-pg791. Unclassified public record."
224,Rebalance Coverage,65,1998-05-21,Context,"Message to the Congress Reporting a Certification Required by the Ratification Resolution for the Protocols of Accession to NATO for Poland, Hungary, and the Czech Republic",European Security Architecture,Context candidate,,Madrid/accession thread; late-volume coverage; non-crisis lane,"Review for final selection, annotation, and index treatment.",https://www.govinfo.gov/app/details/PPP-1998-book1/PPP-1998-book1-doc-pg820-2,https://www.govinfo.gov/content/pkg/PPP-1998-book1/pdf/PPP-1998-book1-doc-pg820-2.pdf,"Source: Government Publishing Office, GovInfo, Public Papers of the Presidents of the United States: William J. Clinton, PPP-1998-book1; PPP-1998-book1-doc-pg820-2. Unclassified public record."
225,Rebalance Coverage,65,1998-05-21,Context,"Message to the Congress Reporting Certifications Required by the Ratification Resolution for the Protocols of Accession to NATO for Poland, Hungary, and the Czech Republic",European Security Architecture,Context candidate,,Madrid/accession thread; late-volume coverage; non-crisis lane,"Review for final selection, annotation, and index treatment.",https://www.govinfo.gov/app/details/PPP-1998-book1/PPP-1998-book1-doc-pg821,https://www.govinfo.gov/content/pkg/PPP-1998-book1/pdf/PPP-1998-book1-doc-pg821.pdf,"Source: Government Publishing Office, GovInfo, Public Papers of the Presidents of the United States: William J. Clinton, PPP-1998-book1; PPP-1998-book1-doc-pg821. Unclassified public record."
226,Rebalance Coverage,65,1998-05-21,Context,"Message to the Senate on Ratification of the Protocols of Accession to NATO for Poland, Hungary, and the Czech Republic",European Security Architecture,Context candidate,,Madrid/accession thread; late-volume coverage; non-crisis lane,"Review for final selection, annotation, and index treatment.",https://www.govinfo.gov/app/details/PPP-1998-book1/PPP-1998-book1-doc-pg820,https://www.govinfo.gov/content/pkg/PPP-1998-book1/pdf/PPP-1998-book1-doc-pg820.pdf,"Source: Government Publishing Office, GovInfo, Public Papers of the Presidents of the United States: William J. Clinton, PPP-1998-book1; PPP-1998-book1-doc-pg820. Unclassified public record."
227,Rebalance Coverage,65,1998-05-21,Context,"Remarks on Senate Ratification of the Protocols of Accession to NATO for Poland, Hungary, and the Czech Republic",European Security Architecture,Context candidate,,Madrid/accession thread; late-volume coverage; non-crisis lane,"Review for final selection, annotation, and index treatment.",https://www.govinfo.gov/app/details/PPP-1998-book1/PPP-1998-book1-doc-pg817-2,https://www.govinfo.gov/content/pkg/PPP-1998-book1/pdf/PPP-1998-book1-doc-pg817-2.pdf,"Source: Government Publishing Office, GovInfo, Public Papers of the Presidents of the United States: William J. Clinton, PPP-1998-book1; PPP-1998-book1-doc-pg817-2. Unclassified public record."
228,Rebalance Coverage,65,1999-06-21,Context,Remarks Following Discussions With European Union Leaders and an Exchange With Reporters in Bonn,European Security Architecture,Context candidate,,NATO-EU/ESDI architecture; late-volume coverage; non-crisis lane,"Review for final selection, annotation, and index treatment.",https://www.govinfo.gov/app/details/PPP-1999-book1/PPP-1999-book1-doc-pg980,https://www.govinfo.gov/content/pkg/PPP-1999-book1/pdf/PPP-1999-book1-doc-pg980.pdf,"Source: Government Publishing Office, GovInfo, Public Papers of the Presidents of the United States: William J. Clinton, PPP-1999-book1; PPP-1999-book1-doc-pg980. Unclassified public record."
229,Rebalance Coverage,65,2000-05-31,Context,The President's News Conference With European Union Leaders in Lisbon,European Security Architecture,Context candidate,,NATO-EU/ESDI architecture; late-volume coverage; non-crisis lane,"Review for final selection, annotation, and index treatment.",https://www.govinfo.gov/app/details/PPP-2000-book1/PPP-2000-book1-doc-pg1051,https://www.govinfo.gov/content/pkg/PPP-2000-book1/pdf/PPP-2000-book1-doc-pg1051.pdf,"Source: Government Publishing Office, GovInfo, Public Papers of the Presidents of the United States: William J. Clinton, PPP-2000-book1; PPP-2000-book1-doc-pg1051. Unclassified public record."
230,Rebalance Coverage,65,2000-12-18,Context,Declaration by the United States and the European Union on the Responsibilities of States and on Transparency Regarding Arms Exports,European Security Architecture,Context candidate,,NATO-EU/ESDI architecture; late-volume coverage; non-crisis lane,"Review for final selection, annotation, and index treatment.",https://www.govinfo.gov/app/details/PPP-2000-book3/PPP-2000-book3-doc-pg2721,https://www.govinfo.gov/content/pkg/PPP-2000-book3/pdf/PPP-2000-book3-doc-pg2721.pdf,"Source: Government Publishing Office, GovInfo, Public Papers of the Presidents of the United States: William J. Clinton, PPP-2000-book3; PPP-2000-book3-doc-pg2721. Unclassified public record."
231,Rebalance Coverage,65,2000-12-18,Context,Exchange With Reporters Prior to Discussions With European Union Leaders,European Security Architecture,Context candidate,,NATO-EU/ESDI architecture; late-volume coverage; non-crisis lane,"Review for final selection, annotation, and index treatment.",https://www.govinfo.gov/app/details/PPP-2000-book3/PPP-2000-book3-doc-pg2719,https://www.govinfo.gov/content/pkg/PPP-2000-book3/pdf/PPP-2000-book3-doc-pg2719.pdf,"Source: Government Publishing Office, GovInfo, Public Papers of the Presidents of the United States: William J. Clinton, PPP-2000-book3; PPP-2000-book3-doc-pg2719. Unclassified public record."
232,Promote Leads,65,1993-01-01,Scout Lead,[Balkans: Bosnia] [1],Crisis Security Files,Pending,selection,,"Extract document-level candidates with actual dates, page spans, markings, and source path.",https://catalog.archives.gov/id/40482281,https://s3.amazonaws.com/NARAprodstorage/opastorage/live/81/4822/40482281/content/presidential-libraries/clinton/foia/2008/2008-0994-F/2008-0994-F-Bosnia-JPG/Box_002/42-t-7585484-20080994F-002-004-2016/42_t_7585484_20080994F_002_004_2016_Page_001.JPG,"Source: National Archives and Records Administration, National Archives Catalog, Records of the National Security Council European Affairs Office (Clinton Administration), Jane Holl's Files, [Balkans: Bosnia] [1], NAID 40482281."
233,Promote Leads,65,1993-01-01,Scout Lead,"[Bosnia - Hercegovina, December 1993] [2]",Crisis Security Files,Pending,selection,,"Extract document-level candidates with actual dates, page spans, markings, and source path.",https://catalog.archives.gov/id/40482379,https://s3.amazonaws.com/NARAprodstorage/opastorage/live/79/4823/40482379/content/presidential-libraries/clinton/foia/2008/2008-0994-F/2008-0994-F-Bosnia-JPG/Box_012/42-t-7585484-20080994F-012-006-2016/42_t_7585484_20080994F_012_006_2016_Page_001.JPG,"Source: National Archives and Records Administration, National Archives Catalog, Records of the National Security Council European Affairs Office (Clinton Administration), Jane Holl's Files, [Bosnia - Hercegovina, December 1993] [2], NAID 40482379."
234,Promote Leads,65,1993-01-01,Scout Lead,"[Bosnia - Hercegovina, February - March 1993] [1]",Crisis Security Files,Pending,selection,,"Extract document-level candidates with actual dates, page spans, markings, and source path.",https://catalog.archives.gov/id/40482325,https://s3.amazonaws.com/NARAprodstorage/opastorage/live/25/4823/40482325/content/presidential-libraries/clinton/foia/2008/2008-0994-F/2008-0994-F-Bosnia-JPG/Box_006/42-t-7585484-20080994F-006-006-2016/42_t_7585484_20080994F_006_006_2016_Page_001.JPG,"Source: National Archives and Records Administration, National Archives Catalog, Records of the National Security Council European Affairs Office (Clinton Administration), Jane Holl's Files, [Bosnia - Hercegovina, February - March 1993] [1], NAID 40482325."
235,Promote Leads,65,1993-01-01,Scout Lead,"[Bosnia - Hercegovina, July - August 1992] [1]",Crisis Security Files,Pending,selection,,"Extract document-level candidates with actual dates, page spans, markings, and source path.",https://catalog.archives.gov/id/40482315,https://s3.amazonaws.com/NARAprodstorage/opastorage/live/15/4823/40482315/content/presidential-libraries/clinton/foia/2008/2008-0994-F/2008-0994-F-Bosnia-JPG/Box_005/42-t-7585484-20080994F-005-008-2016/42_t_7585484_20080994F_005_008_2016_Page_001.JPG,"Source: National Archives and Records Administration, National Archives Catalog, Records of the National Security Council European Affairs Office (Clinton Administration), Jane Holl's Files, [Bosnia - Hercegovina, July - August 1992] [1], NAID 40482315."
236,Promote Leads,65,1993-01-01,Scout Lead,"[Bosnia - Hercegovina, October 1993] [2]",Crisis Security Files,Pending,selection,,"Extract document-level candidates with actual dates, page spans, markings, and source path.",https://catalog.archives.gov/id/40482373,https://s3.amazonaws.com/NARAprodstorage/opastorage/live/73/4823/40482373/content/presidential-libraries/clinton/foia/2008/2008-0994-F/2008-0994-F-Bosnia-JPG/Box_011/42-t-7585484-20080994F-011-009-2016/42_t_7585484_20080994F_011_009_2016_Page_001.JPG,"Source: National Archives and Records Administration, National Archives Catalog, Records of the National Security Council European Affairs Office (Clinton Administration), Jane Holl's Files, [Bosnia - Hercegovina, October 1993] [2], NAID 40482373."
237,Promote Leads,65,1993-01-01,Scout Lead,[Bosnia] [1],Crisis Security Files,Pending,selection,,"Extract document-level candidates with actual dates, page spans, markings, and source path.",https://catalog.archives.gov/id/40482449,https://s3.amazonaws.com/NARAprodstorage/opastorage/live/49/4824/40482449/content/presidential-libraries/clinton/foia/2008/2008-0994-F/2008-0994-F-Bosnia-JPG/Box_019/42-t-7585486-20080994F-019-005-2016/42_t_7585486_20080994F_019_005_2016_Page_001.JPG,"Source: National Archives and Records Administration, National Archives Catalog, Records of the National Security Council European Affairs Office (Clinton Administration), Donald Kerrick's Files, [Bosnia] [1], NAID 40482449."
238,Promote Leads,65,1993-01-01,Scout Lead,[Bosnia] [2],Crisis Security Files,Pending,selection,,"Extract document-level candidates with actual dates, page spans, markings, and source path.",https://catalog.archives.gov/id/40482290,https://s3.amazonaws.com/NARAprodstorage/opastorage/live/90/4822/40482290/content/presidential-libraries/clinton/foia/2008/2008-0994-F/2008-0994-F-Bosnia-JPG/Box_003/42-t-7585484-20080994F-003-003-2016/42_t_7585484_20080994F_003_003_2016_Page_001.JPG,"Source: National Archives and Records Administration, National Archives Catalog, Records of the National Security Council European Affairs Office (Clinton Administration), Jane Holl's Files, [Bosnia] [2], NAID 40482290."
239,Promote Leads,65,1993-01-01,Scout Lead,[Bosnia] [2],Crisis Security Files,Pending,selection,,"Extract document-level candidates with actual dates, page spans, markings, and source path.",https://catalog.archives.gov/id/40482450,https://s3.amazonaws.com/NARAprodstorage/opastorage/live/50/4824/40482450/content/presidential-libraries/clinton/foia/2008/2008-0994-F/2008-0994-F-Bosnia-JPG/Box_019/42-t-7585486-20080994F-019-006-2016/42_t_7585486_20080994F_019_006_2016_Page_001.JPG,"Source: National Archives and Records Administration, National Archives Catalog, Records of the National Security Council European Affairs Office (Clinton Administration), Donald Kerrick's Files, [Bosnia] [2], NAID 40482450."
240,Promote Leads,65,1993-01-01,Scout Lead,[Bosnia] [4],Crisis Security Files,Pending,selection,,"Extract document-level candidates with actual dates, page spans, markings, and source path.",https://catalog.archives.gov/id/40482292,https://s3.amazonaws.com/NARAprodstorage/opastorage/live/92/4822/40482292/content/presidential-libraries/clinton/foia/2008/2008-0994-F/2008-0994-F-Bosnia-JPG/Box_003/42-t-7585484-20080994F-003-005-2016/42_t_7585484_20080994F_003_005_2016_Page_001.JPG,"Source: National Archives and Records Administration, National Archives Catalog, Records of the National Security Council European Affairs Office (Clinton Administration), Jane Holl's Files, [Bosnia] [4], NAID 40482292."
241,Promote Leads,65,1993-01-01,Scout Lead,[Bosnia] [5],Crisis Security Files,Pending,selection,,"Extract document-level candidates with actual dates, page spans, markings, and source path.",https://catalog.archives.gov/id/40482293,https://s3.amazonaws.com/NARAprodstorage/opastorage/live/93/4822/40482293/content/presidential-libraries/clinton/foia/2008/2008-0994-F/2008-0994-F-Bosnia-JPG/Box_003/42-t-7585484-20080994F-003-006-2016/42_t_7585484_20080994F_003_006_2016_Page_001.JPG,"Source: National Archives and Records Administration, National Archives Catalog, Records of the National Security Council European Affairs Office (Clinton Administration), Jane Holl's Files, [Bosnia] [5], NAID 40482293."
242,Promote Leads,65,1993-01-01,Scout Lead,[Bosnia] [6],Crisis Security Files,Pending,selection,,"Extract document-level candidates with actual dates, page spans, markings, and source path.",https://catalog.archives.gov/id/40482294,https://s3.amazonaws.com/NARAprodstorage/opastorage/live/94/4822/40482294/content/presidential-libraries/clinton/foia/2008/2008-0994-F/2008-0994-F-Bosnia-JPG/Box_003/42-t-7585484-20080994F-003-007-2016/42_t_7585484_20080994F_003_007_2016_Page_001.JPG,"Source: National Archives and Records Administration, National Archives Catalog, Records of the National Security Council European Affairs Office (Clinton Administration), Jane Holl's Files, [Bosnia] [6], NAID 40482294."
243,Promote Leads,65,1993-01-01,Scout Lead,[Bosnia] [7],Crisis Security Files,Pending,selection,,"Extract document-level candidates with actual dates, page spans, markings, and source path.",https://catalog.archives.gov/id/40482295,https://s3.amazonaws.com/NARAprodstorage/opastorage/live/95/4822/40482295/content/presidential-libraries/clinton/foia/2008/2008-0994-F/2008-0994-F-Bosnia-JPG/Box_003/42-t-7585484-20080994F-003-008-2016/42_t_7585484_20080994F_003_008_2016_Page_001.JPG,"Source: National Archives and Records Administration, National Archives Catalog, Records of the National Security Council European Affairs Office (Clinton Administration), Jane Holl's Files, [Bosnia] [7], NAID 40482295."
244,Promote Leads,65,1993-01-01,Scout Lead,Bob Dole to President Clinton re: Crisis in Kosovo,Crisis Security Files,Pending,selection,,"Extract document-level candidates with actual dates, page spans, markings, and source path.",https://catalog.archives.gov/id/646483003,https://s3.amazonaws.com/NARAprodstorage/lz/presidential-libraries/clinton/wjc-nscrm/7585717/a250-batch002/Dole-02025-001.pdf,"Source: National Archives and Records Administration, National Archives Catalog, Bob Dole to President Clinton re: Crisis in Kosovo, NAID 646483003."
245,Promote Leads,65,1993-01-01,Scout Lead,Bosnia,Crisis Security Files,Pending,selection,,"Extract document-level candidates with actual dates, page spans, markings, and source path.",https://catalog.archives.gov/id/40482448,https://s3.amazonaws.com/NARAprodstorage/opastorage/live/48/4824/40482448/content/presidential-libraries/clinton/foia/2008/2008-0994-F/2008-0994-F-Bosnia-JPG/Box_019/42-t-7585486-20080994F-019-004-2016/42_t_7585486_20080994F_019_004_2016_Page_001.JPG,"Source: National Archives and Records Administration, National Archives Catalog, Records of the National Security Council European Affairs Office (Clinton Administration), Donald Kerrick's Files, Bosnia, NAID 40482448."
246,Promote Leads,65,1993-01-01,Scout Lead,Bosnia - Communiques,Crisis Security Files,Pending,selection,,"Extract document-level candidates with actual dates, page spans, markings, and source path.",https://catalog.archives.gov/id/40482453,https://s3.amazonaws.com/NARAprodstorage/opastorage/live/53/4824/40482453/content/presidential-libraries/clinton/foia/2008/2008-0994-F/2008-0994-F-Bosnia-JPG/Box_019/42-t-7585486-20080994F-019-009-2016/42_t_7585486_20080994F_019_009_2016_Page_001.JPG,"Source: National Archives and Records Administration, National Archives Catalog, Records of the National Security Council European Affairs Office (Clinton Administration), Donald Kerrick's Files, Bosnia - Communiques, NAID 40482453."
247,Promote Leads,65,1993-01-01,Scout Lead,Bosnia - Congress,Crisis Security Files,Pending,selection,,"Extract document-level candidates with actual dates, page spans, markings, and source path.",https://catalog.archives.gov/id/40482309,https://s3.amazonaws.com/NARAprodstorage/opastorage/live/9/4823/40482309/content/presidential-libraries/clinton/foia/2008/2008-0994-F/2008-0994-F-Bosnia-JPG/Box_005/42-t-7585484-20080994F-005-002-2016/42_t_7585484_20080994F_005_002_2016_Page_001.JPG,"Source: National Archives and Records Administration, National Archives Catalog, Records of the National Security Council European Affairs Office (Clinton Administration), Jane Holl's Files, Bosnia - Congress, NAID 40482309."
248,Promote Leads,65,1993-01-01,Scout Lead,Bosnia - Geneva Negotiations,Crisis Security Files,Pending,selection,,"Extract document-level candidates with actual dates, page spans, markings, and source path.",https://catalog.archives.gov/id/40482314,https://s3.amazonaws.com/NARAprodstorage/opastorage/live/14/4823/40482314/content/presidential-libraries/clinton/foia/2008/2008-0994-F/2008-0994-F-Bosnia-JPG/Box_005/42-t-7585484-20080994F-005-007-2016/42_t_7585484_20080994F_005_007_2016_Page_001.JPG,"Source: National Archives and Records Administration, National Archives Catalog, Records of the National Security Council European Affairs Office (Clinton Administration), Jane Holl's Files, Bosnia - Geneva Negotiations, NAID 40482314."
249,Promote Leads,65,1993-01-01,Scout Lead,"Bosnia - Hercegovina, April 1993 [6]",Crisis Security Files,Pending,selection,,"Extract document-level candidates with actual dates, page spans, markings, and source path.",https://catalog.archives.gov/id/40482339,https://s3.amazonaws.com/NARAprodstorage/opastorage/live/39/4823/40482339/content/presidential-libraries/clinton/foia/2008/2008-0994-F/2008-0994-F-Bosnia-JPG/Box_008/42-t-7585484-20080994F-008-002-2016/42_t_7585484_20080994F_008_002_2016_Page_001.JPG,"Source: National Archives and Records Administration, National Archives Catalog, Records of the National Security Council European Affairs Office (Clinton Administration), Jane Holl's Files, Bosnia - Hercegovina, April 1993 [6], NAID 40482339."
250,Promote Leads,65,1993-01-01,Scout Lead,"Bosnia - Hercegovina, February 1993 [1]",Crisis Security Files,Pending,selection,,"Extract document-level candidates with actual dates, page spans, markings, and source path.",https://catalog.archives.gov/id/40482320,https://s3.amazonaws.com/NARAprodstorage/opastorage/live/20/4823/40482320/content/presidential-libraries/clinton/foia/2008/2008-0994-F/2008-0994-F-Bosnia-JPG/Box_006/42-t-7585484-20080994F-006-001-2016/42_t_7585484_20080994F_006_001_2016_Page_001.JPG,"Source: National Archives and Records Administration, National Archives Catalog, Records of the National Security Council European Affairs Office (Clinton Administration), Jane Holl's Files, Bosnia - Hercegovina, February 1993 [1], NAID 40482320."
251,Promote Leads,65,1993-01-01,Scout Lead,"Bosnia - Hercegovina, July - August 1993 [1]",Crisis Security Files,Pending,selection,,"Extract document-level candidates with actual dates, page spans, markings, and source path.",https://catalog.archives.gov/id/40482352,https://s3.amazonaws.com/NARAprodstorage/opastorage/live/52/4823/40482352/content/presidential-libraries/clinton/foia/2008/2008-0994-F/2008-0994-F-Bosnia-JPG/Box_009/42-t-7585484-20080994F-009-006-2016/42_t_7585484_20080994F_009_006_2016_Page_001.JPG,"Source: National Archives and Records Administration, National Archives Catalog, Records of the National Security Council European Affairs Office (Clinton Administration), Jane Holl's Files, Bosnia - Hercegovina, July - August 1993 [1], NAID 40482352."
252,Promote Leads,65,1993-01-01,Scout Lead,Bosnia - Letters [2],Crisis Security Files,Pending,selection,,"Extract document-level candidates with actual dates, page spans, markings, and source path.",https://catalog.archives.gov/id/40482460,https://s3.amazonaws.com/NARAprodstorage/opastorage/live/60/4824/40482460/content/presidential-libraries/clinton/foia/2008/2008-0994-F/2008-0994-F-Bosnia-JPG/Box_020/42-t-7585486-20080994F-020-006-2016/42_t_7585486_20080994F_020_006_2016_Page_001.JPG,"Source: National Archives and Records Administration, National Archives Catalog, Records of the National Security Council European Affairs Office (Clinton Administration), Donald Kerrick's Files, Bosnia - Letters [2], NAID 40482460."
253,Promote Leads,65,1993-01-01,Scout Lead,Bosnia - Letters [4],Crisis Security Files,Pending,selection,,"Extract document-level candidates with actual dates, page spans, markings, and source path.",https://catalog.archives.gov/id/40482462,https://s3.amazonaws.com/NARAprodstorage/opastorage/live/62/4824/40482462/content/presidential-libraries/clinton/foia/2008/2008-0994-F/2008-0994-F-Bosnia-JPG/Box_020/42-t-7585486-20080994F-020-008-2016/42_t_7585486_20080994F_020_008_2016_Page_001.JPG,"Source: National Archives and Records Administration, National Archives Catalog, Records of the National Security Council European Affairs Office (Clinton Administration), Donald Kerrick's Files, Bosnia - Letters [4], NAID 40482462."
254,Promote Leads,65,1993-01-01,Scout Lead,Bosnia - NATO,Crisis Security Files,Pending,selection,,"Extract document-level candidates with actual dates, page spans, markings, and source path.",https://catalog.archives.gov/id/40482395,https://s3.amazonaws.com/NARAprodstorage/opastorage/live/95/4823/40482395/content/presidential-libraries/clinton/foia/2008/2008-0994-F/2008-0994-F-Bosnia-JPG/Box_014/42-t-7585484-20080994F-014-003-2016/42_t_7585484_20080994F_014_003_2016_Page_001.JPG,"Source: National Archives and Records Administration, National Archives Catalog, Records of the National Security Council European Affairs Office (Clinton Administration), Jane Holl's Files, Bosnia - NATO, NAID 40482395."
255,Promote Leads,65,1993-01-01,Scout Lead,Bosnia - NATO [3],Crisis Security Files,Pending,selection,,"Extract document-level candidates with actual dates, page spans, markings, and source path.",https://catalog.archives.gov/id/40482475,https://s3.amazonaws.com/NARAprodstorage/opastorage/live/75/4824/40482475/content/presidential-libraries/clinton/foia/2008/2008-0994-F/2008-0994-F-Bosnia-JPG/Box_022/42-t-7585486-20080994F-022-002-2016/42_t_7585486_20080994F_022_002_2016_Page_001.JPG,"Source: National Archives and Records Administration, National Archives Catalog, Records of the National Security Council European Affairs Office (Clinton Administration), Donald Kerrick's Files, Bosnia - NATO [3], NAID 40482475."
256,Promote Leads,65,1993-01-01,Scout Lead,Bosnia - Talking Points [1],Crisis Security Files,Pending,selection,,"Extract document-level candidates with actual dates, page spans, markings, and source path.",https://catalog.archives.gov/id/40482503,https://s3.amazonaws.com/NARAprodstorage/opastorage/live/3/4825/40482503/content/presidential-libraries/clinton/foia/2008/2008-0994-F/2008-0994-F-Bosnia-JPG/Box_024/42-t-7585486-20080994F-024-011-2016/42_t_7585486_20080994F_024_011_2016_Page_001.JPG,"Source: National Archives and Records Administration, National Archives Catalog, Records of the National Security Council European Affairs Office (Clinton Administration), Donald Kerrick's Files, Bosnia - Talking Points [1], NAID 40482503."
257,Promote Leads,65,1993-01-01,Scout Lead,Bosnia: Public Information/Media [3],Crisis Security Files,Pending,selection,,"Extract document-level candidates with actual dates, page spans, markings, and source path.",https://catalog.archives.gov/id/40482405,https://s3.amazonaws.com/NARAprodstorage/opastorage/live/5/4824/40482405/content/presidential-libraries/clinton/foia/2008/2008-0994-F/2008-0994-F-Bosnia-JPG/Box_015/42-t-7585484-20080994F-015-003-2016/42_t_7585484_20080994F_015_003_2016_Page_001.JPG,"Source: National Archives and Records Administration, National Archives Catalog, Records of the National Security Council European Affairs Office (Clinton Administration), Jane Holl's Files, Bosnia: Public Information/Media [3], NAID 40482405."
258,Promote Leads,65,1993-01-01,Scout Lead,Bosnia: Public Information/Media [5],Crisis Security Files,Pending,selection,,"Extract document-level candidates with actual dates, page spans, markings, and source path.",https://catalog.archives.gov/id/40482407,https://s3.amazonaws.com/NARAprodstorage/opastorage/live/7/4824/40482407/content/presidential-libraries/clinton/foia/2008/2008-0994-F/2008-0994-F-Bosnia-JPG/Box_015/42-t-7585484-20080994F-015-005-2016/42_t_7585484_20080994F_015_005_2016_Page_001.JPG,"Source: National Archives and Records Administration, National Archives Catalog, Records of the National Security Council European Affairs Office (Clinton Administration), Jane Holl's Files, Bosnia: Public Information/Media [5], NAID 40482407."
259,Promote Leads,65,1993-01-01,Scout Lead,"DC0011 DC Meeting on Bosnia-Hercegovina, February 26, 1993",Crisis Security Files,Pending,selection,,"Extract document-level candidates with actual dates, page spans, markings, and source path.",https://catalog.archives.gov/id/41051326,https://s3.amazonaws.com/NARAprodstorage/lz/presidential-libraries/clinton/7585709/42-t-7585709-20120798F-004-017-2016.pdf,"Source: National Archives and Records Administration, National Archives Catalog, DC0011 DC Meeting on Bosnia-Hercegovina, February 26, 1993, NAID 41051326."
260,Promote Leads,65,1993-01-01,Scout Lead,"DC0012 DC Meeting on Bosnia-Hercegovina, March 4, 1993",Crisis Security Files,Pending,selection,,"Extract document-level candidates with actual dates, page spans, markings, and source path.",https://catalog.archives.gov/id/41051327,https://s3.amazonaws.com/NARAprodstorage/lz/presidential-libraries/clinton/7585709/42-t-7585709-20120798F-004-018-2016.pdf,"Source: National Archives and Records Administration, National Archives Catalog, DC0012 DC Meeting on Bosnia-Hercegovina, March 4, 1993, NAID 41051327."
261,Promote Leads,65,1993-01-01,Scout Lead,"DC0013 DC Meeting on Bosnia-Hercegovina, March 9, 1993",Crisis Security Files,Pending,selection,,"Extract document-level candidates with actual dates, page spans, markings, and source path.",https://catalog.archives.gov/id/41051328,https://s3.amazonaws.com/NARAprodstorage/lz/presidential-libraries/clinton/7585709/42-t-7585709-20120798F-004-019-2016.pdf,"Source: National Archives and Records Administration, National Archives Catalog, DC0013 DC Meeting on Bosnia-Hercegovina, March 9, 1993, NAID 41051328."
262,Promote Leads,65,1993-01-01,Scout Lead,"DC0065 DC Meeting on Bosnia-Hercegovina Humanitarian Assistance, October 28, 1993",Crisis Security Files,Pending,selection,,"Extract document-level candidates with actual dates, page spans, markings, and source path.",https://catalog.archives.gov/id/41051333,https://s3.amazonaws.com/NARAprodstorage/lz/presidential-libraries/clinton/7585709/42-t-7585709-20120798F-004-024-2016.pdf,"Source: National Archives and Records Administration, National Archives Catalog, DC0065 DC Meeting on Bosnia-Hercegovina Humanitarian Assistance, October 28, 1993, NAID 41051333."
263,Promote Leads,65,1993-01-01,Scout Lead,"DC0070 DC Meeting on Bosnia-Hercegovina Humanitarian Assistance, November 16, 1993",Crisis Security Files,Pending,selection,,"Extract document-level candidates with actual dates, page spans, markings, and source path.",https://catalog.archives.gov/id/41051334,https://s3.amazonaws.com/NARAprodstorage/lz/presidential-libraries/clinton/7585709/42-t-7585709-20120798F-004-025-2016.pdf,"Source: National Archives and Records Administration, National Archives Catalog, DC0070 DC Meeting on Bosnia-Hercegovina Humanitarian Assistance, November 16, 1993, NAID 41051334."
264,Promote Leads,65,1993-01-01,Scout Lead,DC0540 DC Meeting on Kosovo,Crisis Security Files,Pending,selection,,"Extract document-level candidates with actual dates, page spans, markings, and source path.",https://catalog.archives.gov/id/233580617,https://s3.amazonaws.com/NARAprodstorage/lz/presidential-libraries/clinton/wjc-nscrm/26457815/Batch0002/26457815-20061186F-001-004-2021.pdf,"Source: National Archives and Records Administration, National Archives Catalog, DC0540 DC Meeting on Kosovo, NAID 233580617."
265,Promote Leads,65,1993-01-01,Scout Lead,Elie Wiesel to President Clinton re: Kosovo Refugees,Crisis Security Files,Pending,selection,,"Extract document-level candidates with actual dates, page spans, markings, and source path.",https://catalog.archives.gov/id/646483129,https://s3.amazonaws.com/NARAprodstorage/lz/presidential-libraries/clinton/wjc-nscrm/7585717/a250-batch002/Wiesel-02025-001.pdf,"Source: National Archives and Records Administration, National Archives Catalog, Elie Wiesel to President Clinton re: Kosovo Refugees, NAID 646483129."
266,Promote Leads,65,1993-01-01,Scout Lead,Estonia: Estonia - NATO,Crisis Security Files,Pending,selection,,"Extract document-level candidates with actual dates, page spans, markings, and source path.",https://catalog.archives.gov/id/23901642,https://s3.amazonaws.com/NARAprodstorage/opastorage/live/42/9016/23901642/content/presidential-libraries/clinton/foia/2011-1036-F/2011-1036-F-JPG/Box_004/42-t-7585493-20111036F-004-012-2015/42_t_7585493_20111036F_004_012_2015_Page_001.JPG,"Source: National Archives and Records Administration, National Archives Catalog, Records of the National Security Council European Affairs Office (Clinton Administration), Richard Norland's Files, Estonia: Estonia - NATO, NAID 23901642."
267,Promote Leads,65,1993-01-01,Scout Lead,Latvia: Russia-Latvia [2],Crisis Security Files,Pending,selection,,"Extract document-level candidates with actual dates, page spans, markings, and source path.",https://catalog.archives.gov/id/23901924,https://s3.us-east-1.amazonaws.com/NARAprodstorage/lz/presidential-libraries/clinton/wjc-nscea/7585493/42-t-7585493-20111037F-008-007-2015.pdf,"Source: National Archives and Records Administration, National Archives Catalog, Records of the National Security Council European Affairs Office (Clinton Administration), Richard Norland's Files, Latvia: Russia-Latvia [2], NAID 23901924."
268,Promote Leads,65,1993-01-01,Scout Lead,Lithuania - Vilnius Conference,Crisis Security Files,Pending,selection,,"Extract document-level candidates with actual dates, page spans, markings, and source path.",https://catalog.archives.gov/id/23902172,https://s3.amazonaws.com/NARAprodstorage/opastorage/live/72/9021/23902172/content/presidential-libraries/clinton/foia/2011-1038-F/2011-1038-F-JPG/Box_002/42-t-7585471-20111038F-002-021-2015/42_t_7585471_20111038F_002_021_2015_Page_001.JPG,"Source: National Archives and Records Administration, National Archives Catalog, Records of the National Security Council European Affairs Office (Clinton Administration), Antony Blinken's Files, Lithuania - Vilnius Conference, NAID 23902172."
269,Promote Leads,65,1993-01-01,Scout Lead,Lithuania [5],Crisis Security Files,Pending,selection,,"Extract document-level candidates with actual dates, page spans, markings, and source path.",https://catalog.archives.gov/id/23902177,https://s3.amazonaws.com/NARAprodstorage/opastorage/live/77/9021/23902177/content/presidential-libraries/clinton/foia/2011-1038-F/2011-1038-F-JPG/Box_003/42-t-7585493-20111038F-003-001-2015/42_t_7585493_20111038F_003_001_2015_Page_001.JPG,"Source: National Archives and Records Administration, National Archives Catalog, Records of the National Security Council European Affairs Office (Clinton Administration), Richard Norland's Files, Lithuania [5], NAID 23902177."
270,Promote Leads,65,1993-01-01,Scout Lead,Milan Panic to President Clinton re: Kosovo Crisis,Crisis Security Files,Pending,selection,,"Extract document-level candidates with actual dates, page spans, markings, and source path.",https://catalog.archives.gov/id/646483067,https://s3.amazonaws.com/NARAprodstorage/lz/presidential-libraries/clinton/wjc-nscrm/7585717/a250-batch002/Panic-02025-001.pdf,"Source: National Archives and Records Administration, National Archives Catalog, Milan Panic to President Clinton re: Kosovo Crisis, NAID 646483067."
271,Promote Leads,65,1993-01-01,Scout Lead,"PC0003 PC Meeting on Bosnia-Hercegovina, February 5, 1993",Crisis Security Files,Pending,selection,,"Extract document-level candidates with actual dates, page spans, markings, and source path.",https://catalog.archives.gov/id/41051404,https://s3.amazonaws.com/NARAprodstorage/lz/presidential-libraries/clinton/7585709/42-t-7585709-20120798F-008-006-2016.pdf,"Source: National Archives and Records Administration, National Archives Catalog, PC0003 PC Meeting on Bosnia-Hercegovina, February 5, 1993, NAID 41051404."
272,Promote Leads,65,1993-01-01,Scout Lead,"PC0006 PC Meeting on Bosnia-Hercegovina, March 3, 1993",Crisis Security Files,Pending,selection,,"Extract document-level candidates with actual dates, page spans, markings, and source path.",https://catalog.archives.gov/id/41051406,https://s3.amazonaws.com/NARAprodstorage/lz/presidential-libraries/clinton/7585709/42-t-7585709-20120798F-008-008-2016.pdf,"Source: National Archives and Records Administration, National Archives Catalog, PC0006 PC Meeting on Bosnia-Hercegovina, March 3, 1993, NAID 41051406."
273,Promote Leads,65,1993-01-01,Scout Lead,"PC0009 PC Meeting on Bosnia-Hercegovina, March 13, 1993",Crisis Security Files,Pending,selection,,"Extract document-level candidates with actual dates, page spans, markings, and source path.",https://catalog.archives.gov/id/41051407,https://s3.amazonaws.com/NARAprodstorage/lz/presidential-libraries/clinton/7585709/42-t-7585709-20120798F-008-009-2016.pdf,"Source: National Archives and Records Administration, National Archives Catalog, PC0009 PC Meeting on Bosnia-Hercegovina, March 13, 1993, NAID 41051407."
274,Promote Leads,65,1993-01-01,Scout Lead,"PC0010 PC Meeting on Bosnia-Hercegovina, March 25, 1993",Crisis Security Files,Pending,selection,,"Extract document-level candidates with actual dates, page spans, markings, and source path.",https://catalog.archives.gov/id/41051408,https://s3.amazonaws.com/NARAprodstorage/lz/presidential-libraries/clinton/7585709/42-t-7585709-20120798F-008-010-2016.pdf,"Source: National Archives and Records Administration, National Archives Catalog, PC0010 PC Meeting on Bosnia-Hercegovina, March 25, 1993, NAID 41051408."
275,Promote Leads,65,1993-01-01,Scout Lead,"PC0011 PC Meeting on Bosnia-Hercegovina, March 27, 1993",Crisis Security Files,Pending,selection,,"Extract document-level candidates with actual dates, page spans, markings, and source path.",https://catalog.archives.gov/id/41051409,https://s3.amazonaws.com/NARAprodstorage/lz/presidential-libraries/clinton/7585709/42-t-7585709-20120798F-008-011-2016.pdf,"Source: National Archives and Records Administration, National Archives Catalog, PC0011 PC Meeting on Bosnia-Hercegovina, March 27, 1993, NAID 41051409."
276,Promote Leads,65,1993-01-01,Scout Lead,"PC0012 PC Meeting on Bosnia-Hercegovina, April 9, 1993",Crisis Security Files,Pending,selection,,"Extract document-level candidates with actual dates, page spans, markings, and source path.",https://catalog.archives.gov/id/41051410,https://s3.amazonaws.com/NARAprodstorage/lz/presidential-libraries/clinton/7585709/42-t-7585709-20120798F-008-012-2016.pdf,"Source: National Archives and Records Administration, National Archives Catalog, PC0012 PC Meeting on Bosnia-Hercegovina, April 9, 1993, NAID 41051410."
277,Promote Leads,65,1993-01-01,Scout Lead,"PC0014 PC Meeting on Bosnia-Hercegovina, April 17, 1993",Crisis Security Files,Pending,selection,,"Extract document-level candidates with actual dates, page spans, markings, and source path.",https://catalog.archives.gov/id/41051411,https://s3.amazonaws.com/NARAprodstorage/lz/presidential-libraries/clinton/7585709/42-t-7585709-20120798F-008-013-2016.pdf,"Source: National Archives and Records Administration, National Archives Catalog, PC0014 PC Meeting on Bosnia-Hercegovina, April 17, 1993, NAID 41051411."
278,Promote Leads,65,1993-01-01,Scout Lead,"PC0016 PC Meeting on Bosnia-Hercegovina, 1993",Crisis Security Files,Pending,selection,,"Extract document-level candidates with actual dates, page spans, markings, and source path.",https://catalog.archives.gov/id/41051412,https://s3.amazonaws.com/NARAprodstorage/lz/presidential-libraries/clinton/7585709/42-t-7585709-20120798F-008-014-2016.pdf,"Source: National Archives and Records Administration, National Archives Catalog, PC0016 PC Meeting on Bosnia-Hercegovina, 1993, NAID 41051412."
279,Promote Leads,65,1993-01-01,Scout Lead,"PC0017 PC Meeting on Bosnia-Hercegovina, May 6, 1993",Crisis Security Files,Pending,selection,,"Extract document-level candidates with actual dates, page spans, markings, and source path.",https://catalog.archives.gov/id/41051413,https://s3.amazonaws.com/NARAprodstorage/lz/presidential-libraries/clinton/7585709/42-t-7585709-20120798F-008-015-2016.pdf,"Source: National Archives and Records Administration, National Archives Catalog, PC0017 PC Meeting on Bosnia-Hercegovina, May 6, 1993, NAID 41051413."
280,Promote Leads,65,1993-01-01,Scout Lead,"PC0018 PC Meeting on Bosnia-Hercegovina, May 8, 1993",Crisis Security Files,Pending,selection,,"Extract document-level candidates with actual dates, page spans, markings, and source path.",https://catalog.archives.gov/id/41051414,https://s3.amazonaws.com/NARAprodstorage/lz/presidential-libraries/clinton/7585709/42-t-7585709-20120798F-008-016-2016.pdf,"Source: National Archives and Records Administration, National Archives Catalog, PC0018 PC Meeting on Bosnia-Hercegovina, May 8, 1993, NAID 41051414."
281,Promote Leads,65,1993-01-01,Scout Lead,"PC0021 PC Meeting on Bosnia-Hercegovina, May 17, 1993",Crisis Security Files,Pending,selection,,"Extract document-level candidates with actual dates, page spans, markings, and source path.",https://catalog.archives.gov/id/41051415,https://s3.amazonaws.com/NARAprodstorage/lz/presidential-libraries/clinton/7585709/42-t-7585709-20120798F-008-017-2016.pdf,"Source: National Archives and Records Administration, National Archives Catalog, PC0021 PC Meeting on Bosnia-Hercegovina, May 17, 1993, NAID 41051415."
282,Promote Leads,65,1993-01-01,Scout Lead,"PC0026 PC Meeting on Bosnia-Hercegovina, September 1, 1993",Crisis Security Files,Pending,selection,,"Extract document-level candidates with actual dates, page spans, markings, and source path.",https://catalog.archives.gov/id/41051417,https://s3.amazonaws.com/NARAprodstorage/lz/presidential-libraries/clinton/7585709/42-t-7585709-20120798F-008-019-2016.pdf,"Source: National Archives and Records Administration, National Archives Catalog, PC0026 PC Meeting on Bosnia-Hercegovina, September 1, 1993, NAID 41051417."
283,Promote Leads,65,1993-01-01,Scout Lead,"PC0033 PC Meeting on Bosnia-Hercegovina, September 20, 1993",Crisis Security Files,Pending,selection,,"Extract document-level candidates with actual dates, page spans, markings, and source path.",https://catalog.archives.gov/id/41051418,https://s3.amazonaws.com/NARAprodstorage/lz/presidential-libraries/clinton/7585709/42-t-7585709-20120798F-008-020-2016.pdf,"Source: National Archives and Records Administration, National Archives Catalog, PC0033 PC Meeting on Bosnia-Hercegovina, September 20, 1993, NAID 41051418."
284,Promote Leads,65,1993-01-01,Scout Lead,"PC0035 PC Meeting on Bosnia-Hercegovina, October 2, 1993",Crisis Security Files,Pending,selection,,"Extract document-level candidates with actual dates, page spans, markings, and source path.",https://catalog.archives.gov/id/41051419,https://s3.amazonaws.com/NARAprodstorage/lz/presidential-libraries/clinton/7585709/42-t-7585709-20120798F-008-021-2016.pdf,"Source: National Archives and Records Administration, National Archives Catalog, PC0035 PC Meeting on Bosnia-Hercegovina, October 2, 1993, NAID 41051419."
285,Promote Leads,65,1993-01-01,Scout Lead,"PC0039 PC Meeting on Bosnia-Hercegovina, October 19, 1993",Crisis Security Files,Pending,selection,,"Extract document-level candidates with actual dates, page spans, markings, and source path.",https://catalog.archives.gov/id/41051420,https://s3.amazonaws.com/NARAprodstorage/lz/presidential-libraries/clinton/7585709/42-t-7585709-20120798F-008-022-2016.pdf,"Source: National Archives and Records Administration, National Archives Catalog, PC0039 PC Meeting on Bosnia-Hercegovina, October 19, 1993, NAID 41051420."
286,Promote Leads,65,1994-01-01,Scout Lead,"[Bosnia - Hercegovina, February 1994 Implementation] [2]",Crisis Security Files,Pending,selection,,"Extract document-level candidates with actual dates, page spans, markings, and source path.",https://catalog.archives.gov/id/40482384,https://s3.amazonaws.com/NARAprodstorage/opastorage/live/84/4823/40482384/content/presidential-libraries/clinton/foia/2008/2008-0994-F/2008-0994-F-Bosnia-JPG/Box_013/42-t-7585484-20080994F-013-001-2016/42_t_7585484_20080994F_013_001_2016_Page_001.JPG,"Source: National Archives and Records Administration, National Archives Catalog, Records of the National Security Council European Affairs Office (Clinton Administration), Jane Holl's Files, [Bosnia - Hercegovina, February 1994 Implementation] [2], NAID 40482384."
287,Promote Leads,65,1994-01-01,Scout Lead,"Bosnia - Croatia Signing Ceremony, March 18, 1994 [2]",Crisis Security Files,Pending,selection,,"Extract document-level candidates with actual dates, page spans, markings, and source path.",https://catalog.archives.gov/id/40482311,https://s3.amazonaws.com/NARAprodstorage/opastorage/live/11/4823/40482311/content/presidential-libraries/clinton/foia/2008/2008-0994-F/2008-0994-F-Bosnia-JPG/Box_005/42-t-7585484-20080994F-005-004-2016/42_t_7585484_20080994F_005_004_2016_Page_001.JPG,"Source: National Archives and Records Administration, National Archives Catalog, Records of the National Security Council European Affairs Office (Clinton Administration), Jane Holl's Files, Bosnia - Croatia Signing Ceremony, March 18, 1994 [2], NAID 40482311."
288,Promote Leads,65,1994-01-01,Scout Lead,"Bosnia - Croatia Signing Ceremony, March 18, 1994 [3]",Crisis Security Files,Pending,selection,,"Extract document-level candidates with actual dates, page spans, markings, and source path.",https://catalog.archives.gov/id/40482312,https://s3.amazonaws.com/NARAprodstorage/opastorage/live/12/4823/40482312/content/presidential-libraries/clinton/foia/2008/2008-0994-F/2008-0994-F-Bosnia-JPG/Box_005/42-t-7585484-20080994F-005-005-2016/42_t_7585484_20080994F_005_005_2016_Page_001.JPG,"Source: National Archives and Records Administration, National Archives Catalog, Records of the National Security Council European Affairs Office (Clinton Administration), Jane Holl's Files, Bosnia - Croatia Signing Ceremony, March 18, 1994 [3], NAID 40482312."
289,Promote Leads,65,1994-01-01,Scout Lead,Bosnia - July 1994 [4],Crisis Security Files,Pending,selection,,"Extract document-level candidates with actual dates, page spans, markings, and source path.",https://catalog.archives.gov/id/120361491,https://s3.amazonaws.com/NARAprodstorage/lz/presidential-libraries/clinton/foia/2013/2013-0687-f/42-t-7585499-20130687F-004-006-2016.pdf,"Source: National Archives and Records Administration, National Archives Catalog, Records of the National Security Council European Affairs Office (Clinton Administration), Alexander Vershbow's Files, Bosnia - July 1994 [4], NAID 120361491."
290,Promote Leads,65,1994-01-01,Scout Lead,Bosnia Post-Bihac (Mid-Nov. - Early-Dec. 1994): Bosnia DC 12/23/1994 [1],Crisis Security Files,Pending,selection,,"Extract document-level candidates with actual dates, page spans, markings, and source path.",https://catalog.archives.gov/id/120361443,https://s3.amazonaws.com/NARAprodstorage/lz/presidential-libraries/clinton/foia/2013/2013-0687-f/42-t-7585499-20130687F-002-008-2016.pdf,"Source: National Archives and Records Administration, National Archives Catalog, Records of the National Security Council European Affairs Office (Clinton Administration), Alexander Vershbow's Files, Bosnia Post-Bihac (Mid-Nov. - Early-Dec. 1994): Bosnia DC 12/23/1994 [1], NAID 120361443."
291,Promote Leads,65,1994-01-01,Scout Lead,Bosnia Principals Committee/Deputies Committee 1994 Meetings [1],Crisis Security Files,Pending,selection,,"Extract document-level candidates with actual dates, page spans, markings, and source path.",https://catalog.archives.gov/id/40482483,https://s3.amazonaws.com/NARAprodstorage/opastorage/live/83/4824/40482483/content/presidential-libraries/clinton/foia/2008/2008-0994-F/2008-0994-F-Bosnia-JPG/Box_022/42-t-7585486-20080994F-022-010-2016/42_t_7585486_20080994F_022_010_2016_Page_001.JPG,"Source: National Archives and Records Administration, National Archives Catalog, Records of the National Security Council European Affairs Office (Clinton Administration), Donald Kerrick's Files, Bosnia Principals Committee/Deputies Committee 1994 Meetings [1], NAID 40482483."
292,Promote Leads,65,1994-01-01,Scout Lead,Bosnia Principals Committee/Deputies Committee 1994 Meetings [3],Crisis Security Files,Pending,selection,,"Extract document-level candidates with actual dates, page spans, markings, and source path.",https://catalog.archives.gov/id/40482485,https://s3.amazonaws.com/NARAprodstorage/opastorage/live/85/4824/40482485/content/presidential-libraries/clinton/foia/2008/2008-0994-F/2008-0994-F-Bosnia-JPG/Box_023/42-t-7585486-20080994F-023-002-2016/42_t_7585486_20080994F_023_002_2016_Page_001.JPG,"Source: National Archives and Records Administration, National Archives Catalog, Records of the National Security Council European Affairs Office (Clinton Administration), Donald Kerrick's Files, Bosnia Principals Committee/Deputies Committee 1994 Meetings [3], NAID 40482485."
293,Promote Leads,65,1994-01-01,Scout Lead,Bosnia Principals Committee/Deputies Committee 1994 Meetings [4],Crisis Security Files,Pending,selection,,"Extract document-level candidates with actual dates, page spans, markings, and source path.",https://catalog.archives.gov/id/40482486,https://s3.amazonaws.com/NARAprodstorage/opastorage/live/86/4824/40482486/content/presidential-libraries/clinton/foia/2008/2008-0994-F/2008-0994-F-Bosnia-JPG/Box_023/42-t-7585486-20080994F-023-003-2016/42_t_7585486_20080994F_023_003_2016_Page_001.JPG,"Source: National Archives and Records Administration, National Archives Catalog, Records of the National Security Council European Affairs Office (Clinton Administration), Donald Kerrick's Files, Bosnia Principals Committee/Deputies Committee 1994 Meetings [4], NAID 40482486."
294,Promote Leads,65,1994-01-01,Scout Lead,Bosnia Principals Committee/Deputies Committee 1994 Meetings [5],Crisis Security Files,Pending,selection,,"Extract document-level candidates with actual dates, page spans, markings, and source path.",https://catalog.archives.gov/id/40482487,https://s3.amazonaws.com/NARAprodstorage/opastorage/live/87/4824/40482487/content/presidential-libraries/clinton/foia/2008/2008-0994-F/2008-0994-F-Bosnia-JPG/Box_023/42-t-7585486-20080994F-023-004-2016/42_t_7585486_20080994F_023_004_2016_Page_001.JPG,"Source: National Archives and Records Administration, National Archives Catalog, Records of the National Security Council European Affairs Office (Clinton Administration), Donald Kerrick's Files, Bosnia Principals Committee/Deputies Committee 1994 Meetings [5], NAID 40482487."
295,Promote Leads,65,1994-01-01,Scout Lead,Bosnia Principals Committee/Deputies Committee 1994 Meetings [8],Crisis Security Files,Pending,selection,,"Extract document-level candidates with actual dates, page spans, markings, and source path.",https://catalog.archives.gov/id/40482490,https://s3.amazonaws.com/NARAprodstorage/opastorage/live/90/4824/40482490/content/presidential-libraries/clinton/foia/2008/2008-0994-F/2008-0994-F-Bosnia-JPG/Box_023/42-t-7585486-20080994F-023-007-2016/42_t_7585486_20080994F_023_007_2016_Page_001.JPG,"Source: National Archives and Records Administration, National Archives Catalog, Records of the National Security Council European Affairs Office (Clinton Administration), Donald Kerrick's Files, Bosnia Principals Committee/Deputies Committee 1994 Meetings [8], NAID 40482490."
296,Promote Leads,65,1994-01-01,Scout Lead,"DC0156 DC Meeting on Bosnia-Hercegovina, December 19, 1994",Crisis Security Files,Pending,selection,,"Extract document-level candidates with actual dates, page spans, markings, and source path.",https://catalog.archives.gov/id/41051335,https://s3.amazonaws.com/NARAprodstorage/lz/presidential-libraries/clinton/7585709/42-t-7585709-20120798F-004-026-2016.pdf,"Source: National Archives and Records Administration, National Archives Catalog, DC0156 DC Meeting on Bosnia-Hercegovina, December 19, 1994, NAID 41051335."
297,Promote Leads,65,1994-01-01,Scout Lead,"PC0060 PC Meeting on Bosnia-Hercegovina, February 18, 1994",Crisis Security Files,Pending,selection,,"Extract document-level candidates with actual dates, page spans, markings, and source path.",https://catalog.archives.gov/id/41051424,https://s3.amazonaws.com/NARAprodstorage/lz/presidential-libraries/clinton/7585709/42-t-7585709-20120798F-009-001-2016.pdf,"Source: National Archives and Records Administration, National Archives Catalog, PC0060 PC Meeting on Bosnia-Hercegovina, February 18, 1994, NAID 41051424."
298,Promote Leads,65,1994-01-01,Scout Lead,"PC0062 PC Meeting on Bosnia-Hercegovina, February 28, 1994",Crisis Security Files,Pending,selection,,"Extract document-level candidates with actual dates, page spans, markings, and source path.",https://catalog.archives.gov/id/41051425,https://s3.amazonaws.com/NARAprodstorage/lz/presidential-libraries/clinton/7585709/42-t-7585709-20120798F-009-002-2016.pdf,"Source: National Archives and Records Administration, National Archives Catalog, PC0062 PC Meeting on Bosnia-Hercegovina, February 28, 1994, NAID 41051425."
299,Promote Leads,65,1994-01-01,Scout Lead,"PC0064 PC Meeting on Bosnia-Hercegovina, March 8, 1994",Crisis Security Files,Pending,selection,,"Extract document-level candidates with actual dates, page spans, markings, and source path.",https://catalog.archives.gov/id/41051426,https://s3.amazonaws.com/NARAprodstorage/lz/presidential-libraries/clinton/7585709/42-t-7585709-20120798F-009-003-2016.pdf,"Source: National Archives and Records Administration, National Archives Catalog, PC0064 PC Meeting on Bosnia-Hercegovina, March 8, 1994, NAID 41051426."
300,Promote Leads,65,1994-01-01,Scout Lead,"PC0069 PC Meeting on Bosnia-Hercegovina, April 10, 1994",Crisis Security Files,Pending,selection,,"Extract document-level candidates with actual dates, page spans, markings, and source path.",https://catalog.archives.gov/id/41051427,https://s3.amazonaws.com/NARAprodstorage/lz/presidential-libraries/clinton/7585709/42-t-7585709-20120798F-009-004-2016.pdf,"Source: National Archives and Records Administration, National Archives Catalog, PC0069 PC Meeting on Bosnia-Hercegovina, April 10, 1994, NAID 41051427."
301,Promote Leads,65,1994-01-01,Scout Lead,"PC0070 PC Meeting on Bosnia-Hercegovina, April 18, 1994",Crisis Security Files,Pending,selection,,"Extract document-level candidates with actual dates, page spans, markings, and source path.",https://catalog.archives.gov/id/41051428,https://s3.amazonaws.com/NARAprodstorage/lz/presidential-libraries/clinton/7585709/42-t-7585709-20120798F-009-005-2016.pdf,"Source: National Archives and Records Administration, National Archives Catalog, PC0070 PC Meeting on Bosnia-Hercegovina, April 18, 1994, NAID 41051428."
302,Promote Leads,65,1994-01-01,Scout Lead,"PC0072 PC Meeting on Bosnia-Hercegovina, April 23, 1994",Crisis Security Files,Pending,selection,,"Extract document-level candidates with actual dates, page spans, markings, and source path.",https://catalog.archives.gov/id/41051429,https://s3.amazonaws.com/NARAprodstorage/lz/presidential-libraries/clinton/7585709/42-t-7585709-20120798F-009-006-2016.pdf,"Source: National Archives and Records Administration, National Archives Catalog, PC0072 PC Meeting on Bosnia-Hercegovina, April 23, 1994, NAID 41051429."
303,Promote Leads,65,1994-01-01,Scout Lead,"PC0076 PC Meeting on Bosnia-Hercegovina, May 20, 1994",Crisis Security Files,Pending,selection,,"Extract document-level candidates with actual dates, page spans, markings, and source path.",https://catalog.archives.gov/id/41051430,https://s3.amazonaws.com/NARAprodstorage/lz/presidential-libraries/clinton/7585709/42-t-7585709-20120798F-009-007-2016.pdf,"Source: National Archives and Records Administration, National Archives Catalog, PC0076 PC Meeting on Bosnia-Hercegovina, May 20, 1994, NAID 41051430."
304,Promote Leads,65,1994-01-01,Scout Lead,"PC0078 PC Meeting on Bosnia-Hercegovina, May 23, 1994",Crisis Security Files,Pending,selection,,"Extract document-level candidates with actual dates, page spans, markings, and source path.",https://catalog.archives.gov/id/41051431,https://s3.amazonaws.com/NARAprodstorage/lz/presidential-libraries/clinton/7585709/42-t-7585709-20120798F-009-008-2016.pdf,"Source: National Archives and Records Administration, National Archives Catalog, PC0078 PC Meeting on Bosnia-Hercegovina, May 23, 1994, NAID 41051431."
305,Promote Leads,65,1994-01-01,Scout Lead,"PC0080 PC Meeting on Bosnia-Hercegovina, May 31, 1994",Crisis Security Files,Pending,selection,,"Extract document-level candidates with actual dates, page spans, markings, and source path.",https://catalog.archives.gov/id/41051432,https://s3.amazonaws.com/NARAprodstorage/lz/presidential-libraries/clinton/7585709/42-t-7585709-20120798F-009-009-2016.pdf,"Source: National Archives and Records Administration, National Archives Catalog, PC0080 PC Meeting on Bosnia-Hercegovina, May 31, 1994, NAID 41051432."
306,Promote Leads,65,1994-01-01,Scout Lead,"PC0085 PC Meeting on Bosnia-Hercegovina, 1994",Crisis Security Files,Pending,selection,,"Extract document-level candidates with actual dates, page spans, markings, and source path.",https://catalog.archives.gov/id/41051433,https://s3.amazonaws.com/NARAprodstorage/lz/presidential-libraries/clinton/7585709/42-t-7585709-20120798F-009-010-2016.pdf,"Source: National Archives and Records Administration, National Archives Catalog, PC0085 PC Meeting on Bosnia-Hercegovina, 1994, NAID 41051433."
307,Promote Leads,65,1994-01-01,Scout Lead,"PC0090 PC Meeting on Bosnia-Hercegovina, July 27, 1994",Crisis Security Files,Pending,selection,,"Extract document-level candidates with actual dates, page spans, markings, and source path.",https://catalog.archives.gov/id/41051434,https://s3.amazonaws.com/NARAprodstorage/lz/presidential-libraries/clinton/7585709/42-t-7585709-20120798F-009-011-2016.pdf,"Source: National Archives and Records Administration, National Archives Catalog, PC0090 PC Meeting on Bosnia-Hercegovina, July 27, 1994, NAID 41051434."
308,Promote Leads,65,1994-01-01,Scout Lead,"PC0094 PC Meeting on Bosnia-Hercegovina, August 5, 1994",Crisis Security Files,Pending,selection,,"Extract document-level candidates with actual dates, page spans, markings, and source path.",https://catalog.archives.gov/id/41051435,https://s3.amazonaws.com/NARAprodstorage/lz/presidential-libraries/clinton/7585709/42-t-7585709-20120798F-009-012-2016.pdf,"Source: National Archives and Records Administration, National Archives Catalog, PC0094 PC Meeting on Bosnia-Hercegovina, August 5, 1994, NAID 41051435."
309,Promote Leads,65,1994-01-01,Scout Lead,"PC0095 PC Meeting on Bosnia-Hercegovina and the Eastern Mediterranean, August 17, 1994 [1]",Crisis Security Files,Pending,selection,,"Extract document-level candidates with actual dates, page spans, markings, and source path.",https://catalog.archives.gov/id/41051436,https://s3.amazonaws.com/NARAprodstorage/lz/presidential-libraries/clinton/7585709/42-t-7585709-20120798F-009-013-2016.pdf,"Source: National Archives and Records Administration, National Archives Catalog, PC0095 PC Meeting on Bosnia-Hercegovina and the Eastern Mediterranean, August 17, 1994 [1], NAID 41051436."
310,Promote Leads,65,1994-01-01,Scout Lead,"PC0095 PC Meeting on Bosnia-Hercegovina and the Eastern Mediterranean, August 17, 1994 [2]",Crisis Security Files,Pending,selection,,"Extract document-level candidates with actual dates, page spans, markings, and source path.",https://catalog.archives.gov/id/41051437,https://s3.amazonaws.com/NARAprodstorage/lz/presidential-libraries/clinton/7585709/42-t-7585709-20120798F-009-014-2016.pdf,"Source: National Archives and Records Administration, National Archives Catalog, PC0095 PC Meeting on Bosnia-Hercegovina and the Eastern Mediterranean, August 17, 1994 [2], NAID 41051437."
311,Promote Leads,65,1994-01-01,Scout Lead,"PC0098 PC Meeting on Bosnia-Hercegovina, September 13, 1994 [1]",Crisis Security Files,Pending,selection,,"Extract document-level candidates with actual dates, page spans, markings, and source path.",https://catalog.archives.gov/id/41051438,https://s3.amazonaws.com/NARAprodstorage/lz/presidential-libraries/clinton/7585709/42-t-7585709-20120798F-009-015-2016.pdf,"Source: National Archives and Records Administration, National Archives Catalog, PC0098 PC Meeting on Bosnia-Hercegovina, September 13, 1994 [1], NAID 41051438."
312,Promote Leads,65,1994-01-01,Scout Lead,"PC0098 PC Meeting on Bosnia-Hercegovina, September 13, 1994 [2]",Crisis Security Files,Pending,selection,,"Extract document-level candidates with actual dates, page spans, markings, and source path.",https://catalog.archives.gov/id/41051439,https://s3.amazonaws.com/NARAprodstorage/lz/presidential-libraries/clinton/7585709/42-t-7585709-20120798F-009-016-2016.pdf,"Source: National Archives and Records Administration, National Archives Catalog, PC0098 PC Meeting on Bosnia-Hercegovina, September 13, 1994 [2], NAID 41051439."
313,Promote Leads,65,1994-01-01,Scout Lead,"PC0103 PC Meeting on Bosnia-Hercegovina, October 18, 1994",Crisis Security Files,Pending,selection,,"Extract document-level candidates with actual dates, page spans, markings, and source path.",https://catalog.archives.gov/id/41051440,https://s3.amazonaws.com/NARAprodstorage/lz/presidential-libraries/clinton/7585709/42-t-7585709-20120798F-009-017-2016.pdf,"Source: National Archives and Records Administration, National Archives Catalog, PC0103 PC Meeting on Bosnia-Hercegovina, October 18, 1994, NAID 41051440."
314,Promote Leads,65,1994-01-01,Scout Lead,"PC0106 PC Meeting on Bosnia-Hercegovina, November 7, 1994",Crisis Security Files,Pending,selection,,"Extract document-level candidates with actual dates, page spans, markings, and source path.",https://catalog.archives.gov/id/41051441,https://s3.amazonaws.com/NARAprodstorage/lz/presidential-libraries/clinton/7585709/42-t-7585709-20120798F-009-018-2016.pdf,"Source: National Archives and Records Administration, National Archives Catalog, PC0106 PC Meeting on Bosnia-Hercegovina, November 7, 1994, NAID 41051441."
315,Promote Leads,65,1994-01-01,Scout Lead,"PC0108 PC Meeting on Bosnia-Hercegovina, November 17, 1994",Crisis Security Files,Pending,selection,,"Extract document-level candidates with actual dates, page spans, markings, and source path.",https://catalog.archives.gov/id/41051442,https://s3.amazonaws.com/NARAprodstorage/lz/presidential-libraries/clinton/7585709/42-t-7585709-20120798F-009-019-2016.pdf,"Source: National Archives and Records Administration, National Archives Catalog, PC0108 PC Meeting on Bosnia-Hercegovina, November 17, 1994, NAID 41051442."
316,Promote Leads,65,1994-01-01,Scout Lead,"PC0110 PC Meeting on Bosnia-Hercegovina, November 28, 1994",Crisis Security Files,Pending,selection,,"Extract document-level candidates with actual dates, page spans, markings, and source path.",https://catalog.archives.gov/id/41051443,https://s3.amazonaws.com/NARAprodstorage/lz/presidential-libraries/clinton/7585709/42-t-7585709-20120798F-009-020-2016.pdf,"Source: National Archives and Records Administration, National Archives Catalog, PC0110 PC Meeting on Bosnia-Hercegovina, November 28, 1994, NAID 41051443."
317,Promote Leads,65,1994-01-01,Scout Lead,"PC0111 PC Meeting on Bosnia-Hercegovina, 1994",Crisis Security Files,Pending,selection,,"Extract document-level candidates with actual dates, page spans, markings, and source path.",https://catalog.archives.gov/id/41051444,https://s3.amazonaws.com/NARAprodstorage/lz/presidential-libraries/clinton/7585709/42-t-7585709-20120798F-009-021-2016.pdf,"Source: National Archives and Records Administration, National Archives Catalog, PC0111 PC Meeting on Bosnia-Hercegovina, 1994, NAID 41051444."
318,Promote Leads,65,1994-01-01,Scout Lead,"PC0112 PC Meeting on Bosnia-Hercegovina, December 12, 1994",Crisis Security Files,Pending,selection,,"Extract document-level candidates with actual dates, page spans, markings, and source path.",https://catalog.archives.gov/id/41051445,https://s3.amazonaws.com/NARAprodstorage/lz/presidential-libraries/clinton/7585709/42-t-7585709-20120798F-009-022-2016.pdf,"Source: National Archives and Records Administration, National Archives Catalog, PC0112 PC Meeting on Bosnia-Hercegovina, December 12, 1994, NAID 41051445."
319,Promote Leads,65,1995-01-01,Scout Lead,Bosnia - February 1995 [4],Crisis Security Files,Pending,selection,,"Extract document-level candidates with actual dates, page spans, markings, and source path.",https://catalog.archives.gov/id/120361555,https://s3.amazonaws.com/NARAprodstorage/lz/presidential-libraries/clinton/foia/2013/2013-0687-f/42-t-7585499-20130687F-006-012-2016.pdf,"Source: National Archives and Records Administration, National Archives Catalog, Records of the National Security Council European Affairs Office (Clinton Administration), Alexander Vershbow's Files, Bosnia - February 1995 [4], NAID 120361555."
320,Promote Leads,65,1995-01-01,Scout Lead,Bosnia - July 1995: Mid.-Late [1],Crisis Security Files,Pending,selection,,"Extract document-level candidates with actual dates, page spans, markings, and source path.",https://catalog.archives.gov/id/120361671,https://s3.amazonaws.com/NARAprodstorage/lz/presidential-libraries/clinton/foia/2013/2013-0687-f/42-t-7585499-20130687F-011-008-2016.pdf,"Source: National Archives and Records Administration, National Archives Catalog, Records of the National Security Council European Affairs Office (Clinton Administration), Alexander Vershbow's Files, Bosnia - July 1995: Mid.-Late [1], NAID 120361671."
321,Promote Leads,65,1995-01-01,Scout Lead,Bosnia - June 1995: Early [1],Crisis Security Files,Pending,selection,,"Extract document-level candidates with actual dates, page spans, markings, and source path.",https://catalog.archives.gov/id/120361629,https://s3.amazonaws.com/NARAprodstorage/lz/presidential-libraries/clinton/foia/2013/2013-0687-f/42-t-7585499-20130687F-009-012-2016.pdf,"Source: National Archives and Records Administration, National Archives Catalog, Records of the National Security Council European Affairs Office (Clinton Administration), Alexander Vershbow's Files, Bosnia - June 1995: Early [1], NAID 120361629."
322,Promote Leads,65,1995-01-01,Scout Lead,Bosnia - June 1995: Mid.-Late [5],Crisis Security Files,Pending,selection,,"Extract document-level candidates with actual dates, page spans, markings, and source path.",https://catalog.archives.gov/id/120361649,https://s3.amazonaws.com/NARAprodstorage/lz/presidential-libraries/clinton/foia/2013/2013-0687-f/42-t-7585499-20130687F-010-009-2016.pdf,"Source: National Archives and Records Administration, National Archives Catalog, Records of the National Security Council European Affairs Office (Clinton Administration), Alexander Vershbow's Files, Bosnia - June 1995: Mid.-Late [5], NAID 120361649."
323,Promote Leads,65,1995-01-01,Scout Lead,Bosnia - June 1995: Mid.-Late [6],Crisis Security Files,Pending,selection,,"Extract document-level candidates with actual dates, page spans, markings, and source path.",https://catalog.archives.gov/id/120361651,https://s3.amazonaws.com/NARAprodstorage/lz/presidential-libraries/clinton/foia/2013/2013-0687-f/42-t-7585499-20130687F-010-010-2016.pdf,"Source: National Archives and Records Administration, National Archives Catalog, Records of the National Security Council European Affairs Office (Clinton Administration), Alexander Vershbow's Files, Bosnia - June 1995: Mid.-Late [6], NAID 120361651."
324,Promote Leads,65,1995-01-01,Scout Lead,Bosnia - June 1995: Mid.-Late [7],Crisis Security Files,Pending,selection,,"Extract document-level candidates with actual dates, page spans, markings, and source path.",https://catalog.archives.gov/id/120361653,https://s3.amazonaws.com/NARAprodstorage/lz/presidential-libraries/clinton/foia/2013/2013-0687-f/42-t-7585499-20130687F-010-011-2016.pdf,"Source: National Archives and Records Administration, National Archives Catalog, Records of the National Security Council European Affairs Office (Clinton Administration), Alexander Vershbow's Files, Bosnia - June 1995: Mid.-Late [7], NAID 120361653."
325,Promote Leads,65,1995-01-01,Scout Lead,Bosnia - May 1995: Mid.-Late [5],Crisis Security Files,Pending,selection,,"Extract document-level candidates with actual dates, page spans, markings, and source path.",https://catalog.archives.gov/id/120361623,https://s3.amazonaws.com/NARAprodstorage/lz/presidential-libraries/clinton/foia/2013/2013-0687-f/42-t-7585499-20130687F-009-009-2016.pdf,"Source: National Archives and Records Administration, National Archives Catalog, Records of the National Security Council European Affairs Office (Clinton Administration), Alexander Vershbow's Files, Bosnia - May 1995: Mid.-Late [5], NAID 120361623."
326,Promote Leads,65,1995-01-01,Scout Lead,Bosnia - September 1995 (Early): Early-Mid. [1],Crisis Security Files,Pending,selection,,"Extract document-level candidates with actual dates, page spans, markings, and source path.",https://catalog.archives.gov/id/120361743,https://s3.amazonaws.com/NARAprodstorage/lz/presidential-libraries/clinton/foia/2013/2013-0687-f/42-t-7585499-20130687F-014-002-2016.pdf,"Source: National Archives and Records Administration, National Archives Catalog, Records of the National Security Council European Affairs Office (Clinton Administration), Alexander Vershbow's Files, Bosnia - September 1995 (Early): Early-Mid. [1], NAID 120361743."
327,Promote Leads,65,1995-01-01,Scout Lead,Bosnia - September 1995 (Late) [6],Crisis Security Files,Pending,selection,,"Extract document-level candidates with actual dates, page spans, markings, and source path.",https://catalog.archives.gov/id/120361767,https://s3.amazonaws.com/NARAprodstorage/lz/presidential-libraries/clinton/foia/2013/2013-0687-f/42-t-7585499-20130687F-015-002-2016.pdf,"Source: National Archives and Records Administration, National Archives Catalog, Records of the National Security Council European Affairs Office (Clinton Administration), Alexander Vershbow's Files, Bosnia - September 1995 (Late) [6], NAID 120361767."
328,Promote Leads,65,1995-01-01,Scout Lead,Bosnia - September 1995 [2],Crisis Security Files,Pending,selection,,"Extract document-level candidates with actual dates, page spans, markings, and source path.",https://catalog.archives.gov/id/120361711,https://s3.amazonaws.com/NARAprodstorage/lz/presidential-libraries/clinton/foia/2013/2013-0687-f/42-t-7585499-20130687F-012-010-2016.pdf,"Source: National Archives and Records Administration, National Archives Catalog, Records of the National Security Council European Affairs Office (Clinton Administration), Alexander Vershbow's Files, Bosnia - September 1995 [2], NAID 120361711."
329,Promote Leads,65,1995-01-01,Scout Lead,Bosnia Principals Committee/Deputies Committee 1995 Meetings [2],Crisis Security Files,Pending,selection,,"Extract document-level candidates with actual dates, page spans, markings, and source path.",https://catalog.archives.gov/id/40482494,https://s3.amazonaws.com/NARAprodstorage/opastorage/live/94/4824/40482494/content/presidential-libraries/clinton/foia/2008/2008-0994-F/2008-0994-F-Bosnia-JPG/Box_024/42-t-7585486-20080994F-024-002-2016/42_t_7585486_20080994F_024_002_2016_Page_001.JPG,"Source: National Archives and Records Administration, National Archives Catalog, Records of the National Security Council European Affairs Office (Clinton Administration), Donald Kerrick's Files, Bosnia Principals Committee/Deputies Committee 1995 Meetings [2], NAID 40482494."
330,Promote Leads,65,1995-01-01,Scout Lead,"DC0160 DC Meeting on Bosnia-Hercegovina, January 6, 1995",Crisis Security Files,Pending,selection,,"Extract document-level candidates with actual dates, page spans, markings, and source path.",https://catalog.archives.gov/id/41051336,https://s3.amazonaws.com/NARAprodstorage/lz/presidential-libraries/clinton/7585709/42-t-7585709-20120798F-004-027-2016.pdf,"Source: National Archives and Records Administration, National Archives Catalog, DC0160 DC Meeting on Bosnia-Hercegovina, January 6, 1995, NAID 41051336."
331,Promote Leads,65,1995-01-01,Scout Lead,"DC0163 DC Meeting on Bosnia-Hercegovina, January 11, 1995",Crisis Security Files,Pending,selection,,"Extract document-level candidates with actual dates, page spans, markings, and source path.",https://catalog.archives.gov/id/41051337,https://s3.amazonaws.com/NARAprodstorage/lz/presidential-libraries/clinton/7585709/42-t-7585709-20120798F-004-028-2016.pdf,"Source: National Archives and Records Administration, National Archives Catalog, DC0163 DC Meeting on Bosnia-Hercegovina, January 11, 1995, NAID 41051337."
332,Promote Leads,65,1995-01-01,Scout Lead,"DC0165 DC Meeting on Bosnia-Hercegovina and Croatia, January 25, 1995",Crisis Security Files,Pending,selection,,"Extract document-level candidates with actual dates, page spans, markings, and source path.",https://catalog.archives.gov/id/41051338,https://s3.amazonaws.com/NARAprodstorage/lz/presidential-libraries/clinton/7585709/42-t-7585709-20120798F-004-029-2016.pdf,"Source: National Archives and Records Administration, National Archives Catalog, DC0165 DC Meeting on Bosnia-Hercegovina and Croatia, January 25, 1995, NAID 41051338."
333,Promote Leads,65,1995-01-01,Scout Lead,"DC0168 DC Meeting on Bosnia-Hercegovina and Croatia, February 2, 1995",Crisis Security Files,Pending,selection,,"Extract document-level candidates with actual dates, page spans, markings, and source path.",https://catalog.archives.gov/id/41051339,https://s3.amazonaws.com/NARAprodstorage/lz/presidential-libraries/clinton/7585709/42-t-7585709-20120798F-005-001-2016.pdf,"Source: National Archives and Records Administration, National Archives Catalog, DC0168 DC Meeting on Bosnia-Hercegovina and Croatia, February 2, 1995, NAID 41051339."
334,Promote Leads,65,1995-01-01,Scout Lead,"DC0176 DC Meeting on Bosnia-Hercegovina and Croatia, February 22, 1995",Crisis Security Files,Pending,selection,,"Extract document-level candidates with actual dates, page spans, markings, and source path.",https://catalog.archives.gov/id/41051340,https://s3.amazonaws.com/NARAprodstorage/lz/presidential-libraries/clinton/7585709/42-t-7585709-20120798F-005-002-2016.pdf,"Source: National Archives and Records Administration, National Archives Catalog, DC0176 DC Meeting on Bosnia-Hercegovina and Croatia, February 22, 1995, NAID 41051340."
335,Promote Leads,65,1995-01-01,Scout Lead,"DC0178 DC Meeting on Bosnia-Hercegovina and Croatia, February 28, 1995",Crisis Security Files,Pending,selection,,"Extract document-level candidates with actual dates, page spans, markings, and source path.",https://catalog.archives.gov/id/41051341,https://s3.amazonaws.com/NARAprodstorage/lz/presidential-libraries/clinton/7585709/42-t-7585709-20120798F-005-003-2016.pdf,"Source: National Archives and Records Administration, National Archives Catalog, DC0178 DC Meeting on Bosnia-Hercegovina and Croatia, February 28, 1995, NAID 41051341."
336,Promote Leads,65,1995-01-01,Scout Lead,"DC0179 DC Meeting on Bosnia-Hercegovina and Croatia, March 2, 1995",Crisis Security Files,Pending,selection,,"Extract document-level candidates with actual dates, page spans, markings, and source path.",https://catalog.archives.gov/id/41051342,https://s3.amazonaws.com/NARAprodstorage/lz/presidential-libraries/clinton/7585709/42-t-7585709-20120798F-005-004-2016.pdf,"Source: National Archives and Records Administration, National Archives Catalog, DC0179 DC Meeting on Bosnia-Hercegovina and Croatia, March 2, 1995, NAID 41051342."
337,Promote Leads,65,1995-01-01,Scout Lead,"DC0181 DC Meeting on Bosnia-Hercegovina, March 9, 1995",Crisis Security Files,Pending,selection,,"Extract document-level candidates with actual dates, page spans, markings, and source path.",https://catalog.archives.gov/id/41051343,https://s3.amazonaws.com/NARAprodstorage/lz/presidential-libraries/clinton/7585709/42-t-7585709-20120798F-005-005-2016.pdf,"Source: National Archives and Records Administration, National Archives Catalog, DC0181 DC Meeting on Bosnia-Hercegovina, March 9, 1995, NAID 41051343."
338,Promote Leads,65,1995-01-01,Scout Lead,"DC0196 DC Meeting on Bosnia-Hercegovina and Croatia, April 27, 1995",Crisis Security Files,Pending,selection,,"Extract document-level candidates with actual dates, page spans, markings, and source path.",https://catalog.archives.gov/id/41051344,https://s3.amazonaws.com/NARAprodstorage/lz/presidential-libraries/clinton/7585709/42-t-7585709-20120798F-005-006-2016.pdf,"Source: National Archives and Records Administration, National Archives Catalog, DC0196 DC Meeting on Bosnia-Hercegovina and Croatia, April 27, 1995, NAID 41051344."
339,Promote Leads,65,1995-01-01,Scout Lead,"DC0198 DC Meeting on Bosnia-Hercegovina and Croatia, May 4, 1995",Crisis Security Files,Pending,selection,,"Extract document-level candidates with actual dates, page spans, markings, and source path.",https://catalog.archives.gov/id/41051345,https://s3.amazonaws.com/NARAprodstorage/lz/presidential-libraries/clinton/7585709/42-t-7585709-20120798F-005-007-2016.pdf,"Source: National Archives and Records Administration, National Archives Catalog, DC0198 DC Meeting on Bosnia-Hercegovina and Croatia, May 4, 1995, NAID 41051345."
340,Promote Leads,65,1995-01-01,Scout Lead,"DC0199 DC Meeting on Bosnia-Hercegovina and Croatia, May 9, 1995",Crisis Security Files,Pending,selection,,"Extract document-level candidates with actual dates, page spans, markings, and source path.",https://catalog.archives.gov/id/41051346,https://s3.amazonaws.com/NARAprodstorage/lz/presidential-libraries/clinton/7585709/42-t-7585709-20120798F-005-008-2016.pdf,"Source: National Archives and Records Administration, National Archives Catalog, DC0199 DC Meeting on Bosnia-Hercegovina and Croatia, May 9, 1995, NAID 41051346."
341,Promote Leads,65,1995-01-01,Scout Lead,"DC0202 DC Meeting on Bosnia-Hercegovina, 1995",Crisis Security Files,Pending,selection,,"Extract document-level candidates with actual dates, page spans, markings, and source path.",https://catalog.archives.gov/id/41051347,https://s3.amazonaws.com/NARAprodstorage/lz/presidential-libraries/clinton/7585709/42-t-7585709-20120798F-005-009-2016.pdf,"Source: National Archives and Records Administration, National Archives Catalog, DC0202 DC Meeting on Bosnia-Hercegovina, 1995, NAID 41051347."
342,Promote Leads,65,1995-01-01,Scout Lead,"DC0203 DC Meeting on Bosnia-Hercegovina, June 19, 1995",Crisis Security Files,Pending,selection,,"Extract document-level candidates with actual dates, page spans, markings, and source path.",https://catalog.archives.gov/id/41051348,https://s3.amazonaws.com/NARAprodstorage/lz/presidential-libraries/clinton/7585709/42-t-7585709-20120798F-005-010-2016.pdf,"Source: National Archives and Records Administration, National Archives Catalog, DC0203 DC Meeting on Bosnia-Hercegovina, June 19, 1995, NAID 41051348."
343,Promote Leads,65,1995-01-01,Scout Lead,"DC0206 DC Meeting on Bosnia-Hercegovina, July 11-12, 1995",Crisis Security Files,Pending,selection,,"Extract document-level candidates with actual dates, page spans, markings, and source path.",https://catalog.archives.gov/id/41051349,https://s3.amazonaws.com/NARAprodstorage/lz/presidential-libraries/clinton/7585709/42-t-7585709-20120798F-005-011-2016.pdf,"Source: National Archives and Records Administration, National Archives Catalog, DC0206 DC Meeting on Bosnia-Hercegovina, July 11-12, 1995, NAID 41051349."
344,Promote Leads,65,1995-01-01,Scout Lead,"DC0207 DC Meeting on Bosnia-Hercegovina, 1995",Crisis Security Files,Pending,selection,,"Extract document-level candidates with actual dates, page spans, markings, and source path.",https://catalog.archives.gov/id/41051350,https://s3.amazonaws.com/NARAprodstorage/lz/presidential-libraries/clinton/7585709/42-t-7585709-20120798F-005-012-2016.pdf,"Source: National Archives and Records Administration, National Archives Catalog, DC0207 DC Meeting on Bosnia-Hercegovina, 1995, NAID 41051350."
345,Promote Leads,65,1995-01-01,Scout Lead,"DC0208 DC Meeting on Bosnia-Hercegovina, July 24, 1995",Crisis Security Files,Pending,selection,,"Extract document-level candidates with actual dates, page spans, markings, and source path.",https://catalog.archives.gov/id/41051351,https://s3.amazonaws.com/NARAprodstorage/lz/presidential-libraries/clinton/7585709/42-t-7585709-20120798F-005-013-2016.pdf,"Source: National Archives and Records Administration, National Archives Catalog, DC0208 DC Meeting on Bosnia-Hercegovina, July 24, 1995, NAID 41051351."
346,Promote Leads,65,1995-01-01,Scout Lead,"DC0209 DC Meeting on Bosnia-Hercegovina, July 25, 1995",Crisis Security Files,Pending,selection,,"Extract document-level candidates with actual dates, page spans, markings, and source path.",https://catalog.archives.gov/id/41051352,https://s3.amazonaws.com/NARAprodstorage/lz/presidential-libraries/clinton/7585709/42-t-7585709-20120798F-005-014-2016.pdf,"Source: National Archives and Records Administration, National Archives Catalog, DC0209 DC Meeting on Bosnia-Hercegovina, July 25, 1995, NAID 41051352."
347,Promote Leads,65,1995-01-01,Scout Lead,"DC0212 DC Meeting on Bosnia-Hercegovina, August 11, 1995",Crisis Security Files,Pending,selection,,"Extract document-level candidates with actual dates, page spans, markings, and source path.",https://catalog.archives.gov/id/41051353,https://s3.amazonaws.com/NARAprodstorage/lz/presidential-libraries/clinton/7585709/42-t-7585709-20120798F-005-015-2016.pdf,"Source: National Archives and Records Administration, National Archives Catalog, DC0212 DC Meeting on Bosnia-Hercegovina, August 11, 1995, NAID 41051353."
348,Promote Leads,65,1995-01-01,Scout Lead,"DC0214 DC Meeting on Bosnia-Hercegovina, August 14, 1995",Crisis Security Files,Pending,selection,,"Extract document-level candidates with actual dates, page spans, markings, and source path.",https://catalog.archives.gov/id/41051354,https://s3.amazonaws.com/NARAprodstorage/lz/presidential-libraries/clinton/7585709/42-t-7585709-20120798F-005-016-2016.pdf,"Source: National Archives and Records Administration, National Archives Catalog, DC0214 DC Meeting on Bosnia-Hercegovina, August 14, 1995, NAID 41051354."
349,Promote Leads,65,1995-01-01,Scout Lead,"DC0216 DC Meeting on Bosnia-Hercegovina, August 18, 1995",Crisis Security Files,Pending,selection,,"Extract document-level candidates with actual dates, page spans, markings, and source path.",https://catalog.archives.gov/id/41051355,https://s3.amazonaws.com/NARAprodstorage/lz/presidential-libraries/clinton/7585709/42-t-7585709-20120798F-005-017-2016.pdf,"Source: National Archives and Records Administration, National Archives Catalog, DC0216 DC Meeting on Bosnia-Hercegovina, August 18, 1995, NAID 41051355."
350,Promote Leads,65,1995-01-01,Scout Lead,"DC0217 DC Meeting on Bosnia-Hercegovina, August 23, 1995",Crisis Security Files,Pending,selection,,"Extract document-level candidates with actual dates, page spans, markings, and source path.",https://catalog.archives.gov/id/41051356,https://s3.amazonaws.com/NARAprodstorage/lz/presidential-libraries/clinton/7585709/42-t-7585709-20120798F-005-018-2016.pdf,"Source: National Archives and Records Administration, National Archives Catalog, DC0217 DC Meeting on Bosnia-Hercegovina, August 23, 1995, NAID 41051356."
351,Promote Leads,65,1995-01-01,Scout Lead,"DC0218 DC Meeting on Bosnia-Hercegovina, August 28, 1995",Crisis Security Files,Pending,selection,,"Extract document-level candidates with actual dates, page spans, markings, and source path.",https://catalog.archives.gov/id/41051357,https://s3.amazonaws.com/NARAprodstorage/lz/presidential-libraries/clinton/7585709/42-t-7585709-20120798F-005-019-2016.pdf,"Source: National Archives and Records Administration, National Archives Catalog, DC0218 DC Meeting on Bosnia-Hercegovina, August 28, 1995, NAID 41051357."
352,Promote Leads,65,1995-01-01,Scout Lead,"DC0221 DC Meeting on Bosnia-Hercegovina, September 8, 1995",Crisis Security Files,Pending,selection,,"Extract document-level candidates with actual dates, page spans, markings, and source path.",https://catalog.archives.gov/id/41051358,https://s3.amazonaws.com/NARAprodstorage/lz/presidential-libraries/clinton/7585709/42-t-7585709-20120798F-005-020-2016.pdf,"Source: National Archives and Records Administration, National Archives Catalog, DC0221 DC Meeting on Bosnia-Hercegovina, September 8, 1995, NAID 41051358."
353,Promote Leads,65,1995-01-01,Scout Lead,"DC0224 DC Meeting on Bosnia-Hercegovina, September 15, 1995",Crisis Security Files,Pending,selection,,"Extract document-level candidates with actual dates, page spans, markings, and source path.",https://catalog.archives.gov/id/41051359,https://s3.amazonaws.com/NARAprodstorage/lz/presidential-libraries/clinton/7585709/42-t-7585709-20120798F-005-021-2016.pdf,"Source: National Archives and Records Administration, National Archives Catalog, DC0224 DC Meeting on Bosnia-Hercegovina, September 15, 1995, NAID 41051359."
354,Promote Leads,65,1995-01-01,Scout Lead,"DC0226 DC Meeting on Bosnia-Hercegovina, September 29, 1995",Crisis Security Files,Pending,selection,,"Extract document-level candidates with actual dates, page spans, markings, and source path.",https://catalog.archives.gov/id/41051360,https://s3.amazonaws.com/NARAprodstorage/lz/presidential-libraries/clinton/7585709/42-t-7585709-20120798F-005-022-2016.pdf,"Source: National Archives and Records Administration, National Archives Catalog, DC0226 DC Meeting on Bosnia-Hercegovina, September 29, 1995, NAID 41051360."
355,Promote Leads,65,1995-01-01,Scout Lead,"DC0229 DC Meeting on Bosnia-Hercegovina, October 6, 1995",Crisis Security Files,Pending,selection,,"Extract document-level candidates with actual dates, page spans, markings, and source path.",https://catalog.archives.gov/id/41051361,https://s3.amazonaws.com/NARAprodstorage/lz/presidential-libraries/clinton/7585709/42-t-7585709-20120798F-005-023-2016.pdf,"Source: National Archives and Records Administration, National Archives Catalog, DC0229 DC Meeting on Bosnia-Hercegovina, October 6, 1995, NAID 41051361."
356,Promote Leads,65,1995-01-01,Scout Lead,"DC0232 DC Meeting on Bosnia-Hercegovina, October 16, 1995",Crisis Security Files,Pending,selection,,"Extract document-level candidates with actual dates, page spans, markings, and source path.",https://catalog.archives.gov/id/41051362,https://s3.amazonaws.com/NARAprodstorage/lz/presidential-libraries/clinton/7585709/42-t-7585709-20120798F-005-024-2016.pdf,"Source: National Archives and Records Administration, National Archives Catalog, DC0232 DC Meeting on Bosnia-Hercegovina, October 16, 1995, NAID 41051362."
357,Promote Leads,65,1995-01-01,Scout Lead,"DC0235 DC Meeting on Bosnia-Hercegovina, October 18, 1995",Crisis Security Files,Pending,selection,,"Extract document-level candidates with actual dates, page spans, markings, and source path.",https://catalog.archives.gov/id/41051363,https://s3.amazonaws.com/NARAprodstorage/lz/presidential-libraries/clinton/7585709/42-t-7585709-20120798F-005-025-2016.pdf,"Source: National Archives and Records Administration, National Archives Catalog, DC0235 DC Meeting on Bosnia-Hercegovina, October 18, 1995, NAID 41051363."
358,Promote Leads,65,1995-01-01,Scout Lead,"DC0236 DC Meeting on Bosnia-Hercegovina, October 20, 1995",Crisis Security Files,Pending,selection,,"Extract document-level candidates with actual dates, page spans, markings, and source path.",https://catalog.archives.gov/id/41051364,https://s3.amazonaws.com/NARAprodstorage/lz/presidential-libraries/clinton/7585709/42-t-7585709-20120798F-005-026-2016.pdf,"Source: National Archives and Records Administration, National Archives Catalog, DC0236 DC Meeting on Bosnia-Hercegovina, October 20, 1995, NAID 41051364."
359,Promote Leads,65,1995-01-01,Scout Lead,"DC0237 DC Meeting on Bosnia-Hercegovina, October 24, 1995",Crisis Security Files,Pending,selection,,"Extract document-level candidates with actual dates, page spans, markings, and source path.",https://catalog.archives.gov/id/41051365,https://s3.amazonaws.com/NARAprodstorage/lz/presidential-libraries/clinton/7585709/42-t-7585709-20120798F-005-027-2016.pdf,"Source: National Archives and Records Administration, National Archives Catalog, DC0237 DC Meeting on Bosnia-Hercegovina, October 24, 1995, NAID 41051365."
360,Promote Leads,65,1995-01-01,Scout Lead,"DC0239 DC Meeting on Bosnia-Hercegovina, November 1, 1995",Crisis Security Files,Pending,selection,,"Extract document-level candidates with actual dates, page spans, markings, and source path.",https://catalog.archives.gov/id/41051366,https://s3.amazonaws.com/NARAprodstorage/lz/presidential-libraries/clinton/7585709/42-t-7585709-20120798F-005-028-2016.pdf,"Source: National Archives and Records Administration, National Archives Catalog, DC0239 DC Meeting on Bosnia-Hercegovina, November 1, 1995, NAID 41051366."
361,Promote Leads,65,1995-01-01,Scout Lead,"DC0241 DC Meeting on Bosnia-Hercegovina, November 13, 1995",Crisis Security Files,Pending,selection,,"Extract document-level candidates with actual dates, page spans, markings, and source path.",https://catalog.archives.gov/id/41051367,https://s3.amazonaws.com/NARAprodstorage/lz/presidential-libraries/clinton/7585709/42-t-7585709-20120798F-005-029-2016.pdf,"Source: National Archives and Records Administration, National Archives Catalog, DC0241 DC Meeting on Bosnia-Hercegovina, November 13, 1995, NAID 41051367."
362,Promote Leads,65,1995-01-01,Scout Lead,"PC/DC [Principals Committee/Deputies Committee] Meetings on Bosnia, April 1995 [1]",Crisis Security Files,Pending,selection,,"Extract document-level candidates with actual dates, page spans, markings, and source path.",https://catalog.archives.gov/id/41051297,https://s3.amazonaws.com/NARAprodstorage/lz/presidential-libraries/clinton/7585472/42-t-7585472-20120798F-002-007-2016.pdf,"Source: National Archives and Records Administration, National Archives Catalog, Records of the National Security Council European Affairs Office (Clinton Administration), Sue Bremner's Files, PC/DC [Principals Committee/Deputies Committee] Meetings on Bosnia, April 1995 [1], NAID 41051297."
363,Promote Leads,65,1995-01-01,Scout Lead,"PC/DC [Principals Committee/Deputies Committee] Meetings on Bosnia, April 1995 [2]",Crisis Security Files,Pending,selection,,"Extract document-level candidates with actual dates, page spans, markings, and source path.",https://catalog.archives.gov/id/41051298,https://s3.amazonaws.com/NARAprodstorage/lz/presidential-libraries/clinton/7585472/42-t-7585472-20120798F-002-008-2016.pdf,"Source: National Archives and Records Administration, National Archives Catalog, Records of the National Security Council European Affairs Office (Clinton Administration), Sue Bremner's Files, PC/DC [Principals Committee/Deputies Committee] Meetings on Bosnia, April 1995 [2], NAID 41051298."
364,Promote Leads,65,1995-01-01,Scout Lead,"PC/DC [Principals Committee/Deputies Committee] Meetings on Bosnia, April 1995 [3]",Crisis Security Files,Pending,selection,,"Extract document-level candidates with actual dates, page spans, markings, and source path.",https://catalog.archives.gov/id/41051299,https://s3.amazonaws.com/NARAprodstorage/lz/presidential-libraries/clinton/7585472/42-t-7585472-20120798F-002-009-2016.pdf,"Source: National Archives and Records Administration, National Archives Catalog, Records of the National Security Council European Affairs Office (Clinton Administration), Sue Bremner's Files, PC/DC [Principals Committee/Deputies Committee] Meetings on Bosnia, April 1995 [3], NAID 41051299."
365,Promote Leads,65,1995-01-01,Scout Lead,"PC/DC [Principals Committee/Deputies Committee] Meetings on Bosnia, January 1995 [4]",Crisis Security Files,Pending,selection,,"Extract document-level candidates with actual dates, page spans, markings, and source path.",https://catalog.archives.gov/id/41051283,https://s3.amazonaws.com/NARAprodstorage/lz/presidential-libraries/clinton/7585472/42-t-7585472-20120798F-001-004-2016.pdf,"Source: National Archives and Records Administration, National Archives Catalog, Records of the National Security Council European Affairs Office (Clinton Administration), Sue Bremner's Files, PC/DC [Principals Committee/Deputies Committee] Meetings on Bosnia, January 1995 [4], NAID 41051283."
366,Promote Leads,65,1995-01-01,Scout Lead,"PC/DC [Principals Committee/Deputies Committee] Meetings on Bosnia, March 1995 [3]",Crisis Security Files,Pending,selection,,"Extract document-level candidates with actual dates, page spans, markings, and source path.",https://catalog.archives.gov/id/41051291,https://s3.amazonaws.com/NARAprodstorage/lz/presidential-libraries/clinton/7585472/42-t-7585472-20120798F-002-001-2016.pdf,"Source: National Archives and Records Administration, National Archives Catalog, Records of the National Security Council European Affairs Office (Clinton Administration), Sue Bremner's Files, PC/DC [Principals Committee/Deputies Committee] Meetings on Bosnia, March 1995 [3], NAID 41051291."
367,Promote Leads,65,1995-01-01,Scout Lead,"PC/DC [Principals Committee/Deputies Committee] Meetings on Bosnia, March 1995 [4]",Crisis Security Files,Pending,selection,,"Extract document-level candidates with actual dates, page spans, markings, and source path.",https://catalog.archives.gov/id/41051292,https://s3.amazonaws.com/NARAprodstorage/lz/presidential-libraries/clinton/7585472/42-t-7585472-20120798F-002-002-2016.pdf,"Source: National Archives and Records Administration, National Archives Catalog, Records of the National Security Council European Affairs Office (Clinton Administration), Sue Bremner's Files, PC/DC [Principals Committee/Deputies Committee] Meetings on Bosnia, March 1995 [4], NAID 41051292."
368,Promote Leads,65,1995-01-01,Scout Lead,"PC/DC [Principals Committee/Deputies Committee] Meetings on Bosnia, March 1995 [7]",Crisis Security Files,Pending,selection,,"Extract document-level candidates with actual dates, page spans, markings, and source path.",https://catalog.archives.gov/id/41051295,https://s3.amazonaws.com/NARAprodstorage/lz/presidential-libraries/clinton/7585472/42-t-7585472-20120798F-002-005-2016.pdf,"Source: National Archives and Records Administration, National Archives Catalog, Records of the National Security Council European Affairs Office (Clinton Administration), Sue Bremner's Files, PC/DC [Principals Committee/Deputies Committee] Meetings on Bosnia, March 1995 [7], NAID 41051295."
369,Promote Leads,65,1995-01-01,Scout Lead,"PC/DC [Principals Committee/Deputies Committee] Meetings on Bosnia, March 1995 [8]",Crisis Security Files,Pending,selection,,"Extract document-level candidates with actual dates, page spans, markings, and source path.",https://catalog.archives.gov/id/41051296,https://s3.amazonaws.com/NARAprodstorage/lz/presidential-libraries/clinton/7585472/42-t-7585472-20120798F-002-006-2016.pdf,"Source: National Archives and Records Administration, National Archives Catalog, Records of the National Security Council European Affairs Office (Clinton Administration), Sue Bremner's Files, PC/DC [Principals Committee/Deputies Committee] Meetings on Bosnia, March 1995 [8], NAID 41051296."
370,Promote Leads,65,1995-01-01,Scout Lead,"PC/DC [Principals Committee/Deputies Committee] Meetings on Bosnia, May 1995 [1]",Crisis Security Files,Pending,selection,,"Extract document-level candidates with actual dates, page spans, markings, and source path.",https://catalog.archives.gov/id/41051301,https://s3.amazonaws.com/NARAprodstorage/lz/presidential-libraries/clinton/7585472/42-t-7585472-20120798F-003-001-2016.pdf,"Source: National Archives and Records Administration, National Archives Catalog, Records of the National Security Council European Affairs Office (Clinton Administration), Sue Bremner's Files, PC/DC [Principals Committee/Deputies Committee] Meetings on Bosnia, May 1995 [1], NAID 41051301."
371,Promote Leads,65,1995-01-01,Scout Lead,"PC/DC [Principals Committee/Deputies Committee] Meetings on Bosnia, May 1995 [2]",Crisis Security Files,Pending,selection,,"Extract document-level candidates with actual dates, page spans, markings, and source path.",https://catalog.archives.gov/id/41051302,https://s3.amazonaws.com/NARAprodstorage/lz/presidential-libraries/clinton/7585472/42-t-7585472-20120798F-003-002-2016.pdf,"Source: National Archives and Records Administration, National Archives Catalog, Records of the National Security Council European Affairs Office (Clinton Administration), Sue Bremner's Files, PC/DC [Principals Committee/Deputies Committee] Meetings on Bosnia, May 1995 [2], NAID 41051302."
372,Promote Leads,65,1995-01-01,Scout Lead,"PC/DC [Principals Committee/Deputies Committee] Meetings on Bosnia, May 1995 [3]",Crisis Security Files,Pending,selection,,"Extract document-level candidates with actual dates, page spans, markings, and source path.",https://catalog.archives.gov/id/41051303,https://s3.amazonaws.com/NARAprodstorage/lz/presidential-libraries/clinton/7585472/42-t-7585472-20120798F-003-003-2016.pdf,"Source: National Archives and Records Administration, National Archives Catalog, Records of the National Security Council European Affairs Office (Clinton Administration), Sue Bremner's Files, PC/DC [Principals Committee/Deputies Committee] Meetings on Bosnia, May 1995 [3], NAID 41051303."
373,Promote Leads,65,1995-01-01,Scout Lead,"PC/DC [Principals Committee/Deputies Committee] Meetings on Bosnia, May 1995 [4]",Crisis Security Files,Pending,selection,,"Extract document-level candidates with actual dates, page spans, markings, and source path.",https://catalog.archives.gov/id/41051304,https://s3.amazonaws.com/NARAprodstorage/lz/presidential-libraries/clinton/7585472/42-t-7585472-20120798F-003-004-2016.pdf,"Source: National Archives and Records Administration, National Archives Catalog, Records of the National Security Council European Affairs Office (Clinton Administration), Sue Bremner's Files, PC/DC [Principals Committee/Deputies Committee] Meetings on Bosnia, May 1995 [4], NAID 41051304."
374,Promote Leads,65,1995-01-01,Scout Lead,"PC/DC [Principals Committee/Deputies Committee] Meetings on Bosnia, May 1995 [5]",Crisis Security Files,Pending,selection,,"Extract document-level candidates with actual dates, page spans, markings, and source path.",https://catalog.archives.gov/id/41051305,https://s3.amazonaws.com/NARAprodstorage/lz/presidential-libraries/clinton/7585472/42-t-7585472-20120798F-003-005-2016.pdf,"Source: National Archives and Records Administration, National Archives Catalog, Records of the National Security Council European Affairs Office (Clinton Administration), Sue Bremner's Files, PC/DC [Principals Committee/Deputies Committee] Meetings on Bosnia, May 1995 [5], NAID 41051305."
375,Promote Leads,65,1995-01-01,Scout Lead,"PC/DC [Principals Committee/Deputies Committee] Meetings on Bosnia, May 1995 [6]",Crisis Security Files,Pending,selection,,"Extract document-level candidates with actual dates, page spans, markings, and source path.",https://catalog.archives.gov/id/41051306,https://s3.amazonaws.com/NARAprodstorage/lz/presidential-libraries/clinton/7585472/42-t-7585472-20120798F-003-006-2016.pdf,"Source: National Archives and Records Administration, National Archives Catalog, Records of the National Security Council European Affairs Office (Clinton Administration), Sue Bremner's Files, PC/DC [Principals Committee/Deputies Committee] Meetings on Bosnia, May 1995 [6], NAID 41051306."
376,Promote Leads,65,1995-01-01,Scout Lead,"PC0114 PC Meeting on Cechnya (Russia) and Bosnia-Hercegovina, January 20, 1995",Crisis Security Files,Pending,selection,,"Extract document-level candidates with actual dates, page spans, markings, and source path.",https://catalog.archives.gov/id/41051446,https://s3.amazonaws.com/NARAprodstorage/lz/presidential-libraries/clinton/7585709/42-t-7585709-20120798F-009-023-2016.pdf,"Source: National Archives and Records Administration, National Archives Catalog, PC0114 PC Meeting on Cechnya (Russia) and Bosnia-Hercegovina, January 20, 1995, NAID 41051446."
377,Promote Leads,65,1995-01-01,Scout Lead,"PC0118 PC Meeting on Bosnia-Hercegovina and Croatia, February 7, 1995",Crisis Security Files,Pending,selection,,"Extract document-level candidates with actual dates, page spans, markings, and source path.",https://catalog.archives.gov/id/41051447,https://s3.amazonaws.com/NARAprodstorage/lz/presidential-libraries/clinton/7585709/42-t-7585709-20120798F-009-024-2016.pdf,"Source: National Archives and Records Administration, National Archives Catalog, PC0118 PC Meeting on Bosnia-Hercegovina and Croatia, February 7, 1995, NAID 41051447."
378,Promote Leads,65,1995-01-01,Scout Lead,"PC0119 PC Meeting on Bosnia-Hercegovina and Croatia, February 13, 1995",Crisis Security Files,Pending,selection,,"Extract document-level candidates with actual dates, page spans, markings, and source path.",https://catalog.archives.gov/id/41051448,https://s3.amazonaws.com/NARAprodstorage/lz/presidential-libraries/clinton/7585709/42-t-7585709-20120798F-009-025-2016.pdf,"Source: National Archives and Records Administration, National Archives Catalog, PC0119 PC Meeting on Bosnia-Hercegovina and Croatia, February 13, 1995, NAID 41051448."
379,Promote Leads,65,1995-01-01,Scout Lead,"PC0120 PC Meeting on Bosnia-Hercegovina and Croatia, February 21, 1995",Crisis Security Files,Pending,selection,,"Extract document-level candidates with actual dates, page spans, markings, and source path.",https://catalog.archives.gov/id/41051449,https://s3.amazonaws.com/NARAprodstorage/lz/presidential-libraries/clinton/7585709/42-t-7585709-20120798F-009-026-2016.pdf,"Source: National Archives and Records Administration, National Archives Catalog, PC0120 PC Meeting on Bosnia-Hercegovina and Croatia, February 21, 1995, NAID 41051449."
380,Promote Leads,65,1995-01-01,Scout Lead,"PC0123 PC Meeting on Bosnia-Hercegovina and Croatia, March 3, 1995",Crisis Security Files,Pending,selection,,"Extract document-level candidates with actual dates, page spans, markings, and source path.",https://catalog.archives.gov/id/41051450,https://s3.amazonaws.com/NARAprodstorage/lz/presidential-libraries/clinton/7585709/42-t-7585709-20120798F-009-027-2016.pdf,"Source: National Archives and Records Administration, National Archives Catalog, PC0123 PC Meeting on Bosnia-Hercegovina and Croatia, March 3, 1995, NAID 41051450."
381,Promote Leads,65,1995-01-01,Scout Lead,"PC0124 PC Meeting on Bosnia-Hercegovina and Croatia, March 17, 1995 [1]",Crisis Security Files,Pending,selection,,"Extract document-level candidates with actual dates, page spans, markings, and source path.",https://catalog.archives.gov/id/41051451,https://s3.amazonaws.com/NARAprodstorage/lz/presidential-libraries/clinton/7585709/42-t-7585709-20120798F-009-028-2016.pdf,"Source: National Archives and Records Administration, National Archives Catalog, PC0124 PC Meeting on Bosnia-Hercegovina and Croatia, March 17, 1995 [1], NAID 41051451."
382,Promote Leads,65,1995-01-01,Scout Lead,"PC0124 PC Meeting on Bosnia-Hercegovina and Croatia, March 17, 1995 [2]",Crisis Security Files,Pending,selection,,"Extract document-level candidates with actual dates, page spans, markings, and source path.",https://catalog.archives.gov/id/41051452,https://s3.amazonaws.com/NARAprodstorage/lz/presidential-libraries/clinton/7585709/42-t-7585709-20120798F-009-029-2016.pdf,"Source: National Archives and Records Administration, National Archives Catalog, PC0124 PC Meeting on Bosnia-Hercegovina and Croatia, March 17, 1995 [2], NAID 41051452."
383,Promote Leads,65,1995-01-01,Scout Lead,"PC0126 PC Meeting on Bosnia-Hercegovina and Croatia, March 28, 1995",Crisis Security Files,Pending,selection,,"Extract document-level candidates with actual dates, page spans, markings, and source path.",https://catalog.archives.gov/id/41051453,https://s3.amazonaws.com/NARAprodstorage/lz/presidential-libraries/clinton/7585709/42-t-7585709-20120798F-009-030-2016.pdf,"Source: National Archives and Records Administration, National Archives Catalog, PC0126 PC Meeting on Bosnia-Hercegovina and Croatia, March 28, 1995, NAID 41051453."
384,Promote Leads,65,1995-01-01,Scout Lead,"PC0136 PC Meeting on Bosnia-Hercegovina and Croatia, May 19, 1995",Crisis Security Files,Pending,selection,,"Extract document-level candidates with actual dates, page spans, markings, and source path.",https://catalog.archives.gov/id/41051456,https://s3.amazonaws.com/NARAprodstorage/lz/presidential-libraries/clinton/7585709/42-t-7585709-20120798F-009-033-2016.pdf,"Source: National Archives and Records Administration, National Archives Catalog, PC0136 PC Meeting on Bosnia-Hercegovina and Croatia, May 19, 1995, NAID 41051456."
385,Promote Leads,65,1995-01-01,Scout Lead,"PC0137 PC Meeting on Bosnia-Hercegovina and Croatia, May 23, 1995",Crisis Security Files,Pending,selection,,"Extract document-level candidates with actual dates, page spans, markings, and source path.",https://catalog.archives.gov/id/41051457,https://s3.amazonaws.com/NARAprodstorage/lz/presidential-libraries/clinton/7585709/42-t-7585709-20120798F-009-034-2016.pdf,"Source: National Archives and Records Administration, National Archives Catalog, PC0137 PC Meeting on Bosnia-Hercegovina and Croatia, May 23, 1995, NAID 41051457."
386,Promote Leads,65,1995-01-01,Scout Lead,"PC0138 PC Meeting on Bosnia-Hercegovina and Croatia, May 28, 1995",Crisis Security Files,Pending,selection,,"Extract document-level candidates with actual dates, page spans, markings, and source path.",https://catalog.archives.gov/id/41051458,https://s3.amazonaws.com/NARAprodstorage/lz/presidential-libraries/clinton/7585709/42-t-7585709-20120798F-009-035-2016.pdf,"Source: National Archives and Records Administration, National Archives Catalog, PC0138 PC Meeting on Bosnia-Hercegovina and Croatia, May 28, 1995, NAID 41051458."
387,Promote Leads,65,1995-01-01,Scout Lead,"PC0142 PC Meeting on Bosnia-Hercegovina and Croatia, August 1, 1995",Crisis Security Files,Pending,selection,,"Extract document-level candidates with actual dates, page spans, markings, and source path.",https://catalog.archives.gov/id/41051461,https://s3.amazonaws.com/NARAprodstorage/lz/presidential-libraries/clinton/7585709/42-t-7585709-20120798F-009-038-2016.pdf,"Source: National Archives and Records Administration, National Archives Catalog, PC0142 PC Meeting on Bosnia-Hercegovina and Croatia, August 1, 1995, NAID 41051461."
388,Promote Leads,65,1996-01-01,Scout Lead,Bosnia/Iran/IOB [Intelligence Oversight Board] — Basic Documents 1996 [2],Crisis Security Files,Pending,selection,,"Extract document-level candidates with actual dates, page spans, markings, and source path.",https://catalog.archives.gov/id/236750696,https://s3.us-east-1.amazonaws.com/NARAprodstorage/lz/presidential-libraries/clinton/wjc-nscea/7585499/7585499-20060996F-002-005-2022-001.JPG,"Source: National Archives and Records Administration, National Archives Catalog, Records of the National Security Council European Affairs Office (Clinton Administration), Alexander Vershbow's Files, Bosnia/Iran/IOB [Intelligence Oversight Board] — Basic Documents 1996 [2], NAID 236750696."
389,Promote Leads,65,1996-01-01,Scout Lead,"Bosnia/Iran/IOB [Intelligence Oversight Board], April-May 1996 [1]",Crisis Security Files,Pending,selection,,"Extract document-level candidates with actual dates, page spans, markings, and source path.",https://catalog.archives.gov/id/236750692,https://s3.us-east-1.amazonaws.com/NARAprodstorage/lz/presidential-libraries/clinton/wjc-nscea/7585499/7585499-20060996F-002-001-2022-001.JPG,"Source: National Archives and Records Administration, National Archives Catalog, Records of the National Security Council European Affairs Office (Clinton Administration), Alexander Vershbow's Files, Bosnia/Iran/IOB [Intelligence Oversight Board], April-May 1996 [1], NAID 236750692."
390,Promote Leads,65,1996-01-01,Scout Lead,"Bosnia/Iran/IOB [Intelligence Oversight Board], End of May 1996 [1]",Crisis Security Files,Pending,selection,,"Extract document-level candidates with actual dates, page spans, markings, and source path.",https://catalog.archives.gov/id/236750697,https://s3.us-east-1.amazonaws.com/NARAprodstorage/lz/presidential-libraries/clinton/wjc-nscea/7585499/7585499-20060996F-002-006-2022-001.JPG,"Source: National Archives and Records Administration, National Archives Catalog, Records of the National Security Council European Affairs Office (Clinton Administration), Alexander Vershbow's Files, Bosnia/Iran/IOB [Intelligence Oversight Board], End of May 1996 [1], NAID 236750697."
391,Promote Leads,65,1996-01-01,Scout Lead,"Bosnia/Iran/IOB [Intelligence Oversight Board], End of May 1996 [2]",Crisis Security Files,Pending,selection,,"Extract document-level candidates with actual dates, page spans, markings, and source path.",https://catalog.archives.gov/id/236750698,https://s3.us-east-1.amazonaws.com/NARAprodstorage/lz/presidential-libraries/clinton/wjc-nscea/7585499/7585499-20060996F-002-007-2022-001.JPG,"Source: National Archives and Records Administration, National Archives Catalog, Records of the National Security Council European Affairs Office (Clinton Administration), Alexander Vershbow's Files, Bosnia/Iran/IOB [Intelligence Oversight Board], End of May 1996 [2], NAID 236750698."
392,Promote Leads,65,1996-01-01,Scout Lead,"DC0254 DC Meeting on Bosnia-Hercegovina, January 19, 1996",Crisis Security Files,Pending,selection,,"Extract document-level candidates with actual dates, page spans, markings, and source path.",https://catalog.archives.gov/id/41051370,https://s3.amazonaws.com/NARAprodstorage/lz/presidential-libraries/clinton/7585709/42-t-7585709-20120798F-005-032-2016.pdf,"Source: National Archives and Records Administration, National Archives Catalog, DC0254 DC Meeting on Bosnia-Hercegovina, January 19, 1996, NAID 41051370."
393,Promote Leads,65,1996-01-01,Scout Lead,"DC0256 DC Meeting on Bosnia-Hercegovina, February 2, 1996",Crisis Security Files,Pending,selection,,"Extract document-level candidates with actual dates, page spans, markings, and source path.",https://catalog.archives.gov/id/41051371,https://s3.amazonaws.com/NARAprodstorage/lz/presidential-libraries/clinton/7585709/42-t-7585709-20120798F-005-033-2016.pdf,"Source: National Archives and Records Administration, National Archives Catalog, DC0256 DC Meeting on Bosnia-Hercegovina, February 2, 1996, NAID 41051371."
394,Promote Leads,65,1996-01-01,Scout Lead,"DC0259 DC Meeting on Bosnia-Hercegovina, February 14, 1996",Crisis Security Files,Pending,selection,,"Extract document-level candidates with actual dates, page spans, markings, and source path.",https://catalog.archives.gov/id/41051372,https://s3.amazonaws.com/NARAprodstorage/lz/presidential-libraries/clinton/7585709/42-t-7585709-20120798F-005-034-2016.pdf,"Source: National Archives and Records Administration, National Archives Catalog, DC0259 DC Meeting on Bosnia-Hercegovina, February 14, 1996, NAID 41051372."
395,Promote Leads,65,1996-01-01,Scout Lead,"DC0264 DC Meeting on Bosnia-Hercegovina, February 29, 1996",Crisis Security Files,Pending,selection,,"Extract document-level candidates with actual dates, page spans, markings, and source path.",https://catalog.archives.gov/id/41051373,https://s3.amazonaws.com/NARAprodstorage/lz/presidential-libraries/clinton/7585709/42-t-7585709-20120798F-005-035-2016.pdf,"Source: National Archives and Records Administration, National Archives Catalog, DC0264 DC Meeting on Bosnia-Hercegovina, February 29, 1996, NAID 41051373."
396,Promote Leads,65,1996-01-01,Scout Lead,"DC0271 DC Meeting on Bosnia-Hercegovina, March 26, 1996",Crisis Security Files,Pending,selection,,"Extract document-level candidates with actual dates, page spans, markings, and source path.",https://catalog.archives.gov/id/41051374,https://s3.amazonaws.com/NARAprodstorage/lz/presidential-libraries/clinton/7585709/42-t-7585709-20120798F-005-036-2016.pdf,"Source: National Archives and Records Administration, National Archives Catalog, DC0271 DC Meeting on Bosnia-Hercegovina, March 26, 1996, NAID 41051374."
397,Promote Leads,65,1996-01-01,Scout Lead,"DC0274 DC Meeting on Bosnia-Hercegovina, April 11, 1996",Crisis Security Files,Pending,selection,,"Extract document-level candidates with actual dates, page spans, markings, and source path.",https://catalog.archives.gov/id/41051376,https://s3.amazonaws.com/NARAprodstorage/lz/presidential-libraries/clinton/7585709/42-t-7585709-20120798F-005-038-2016.pdf,"Source: National Archives and Records Administration, National Archives Catalog, DC0274 DC Meeting on Bosnia-Hercegovina, April 11, 1996, NAID 41051376."
398,Promote Leads,65,1996-01-01,Scout Lead,"DC0277 DC Meeting on Bosnia-Hercegovina, April 24, 1996",Crisis Security Files,Pending,selection,,"Extract document-level candidates with actual dates, page spans, markings, and source path.",https://catalog.archives.gov/id/41051377,https://s3.amazonaws.com/NARAprodstorage/lz/presidential-libraries/clinton/7585709/42-t-7585709-20120798F-006-001-2016.pdf,"Source: National Archives and Records Administration, National Archives Catalog, DC0277 DC Meeting on Bosnia-Hercegovina, April 24, 1996, NAID 41051377."
399,Promote Leads,65,1996-01-01,Scout Lead,"DC0278 DC Meeting on Bosnia-Hercegovina, May 1, 1996",Crisis Security Files,Pending,selection,,"Extract document-level candidates with actual dates, page spans, markings, and source path.",https://catalog.archives.gov/id/41051378,https://s3.amazonaws.com/NARAprodstorage/lz/presidential-libraries/clinton/7585709/42-t-7585709-20120798F-006-002-2016.pdf,"Source: National Archives and Records Administration, National Archives Catalog, DC0278 DC Meeting on Bosnia-Hercegovina, May 1, 1996, NAID 41051378."
400,Promote Leads,65,1996-01-01,Scout Lead,"DC0281 DC Meeting on Bosnia-Hercegovina, May 8, 1996",Crisis Security Files,Pending,selection,,"Extract document-level candidates with actual dates, page spans, markings, and source path.",https://catalog.archives.gov/id/41051379,https://s3.amazonaws.com/NARAprodstorage/lz/presidential-libraries/clinton/7585709/42-t-7585709-20120798F-006-003-2016.pdf,"Source: National Archives and Records Administration, National Archives Catalog, DC0281 DC Meeting on Bosnia-Hercegovina, May 8, 1996, NAID 41051379."
401,Promote Leads,65,1996-01-01,Scout Lead,"DC0284 DC Meeting on Bosnia-Hercegovina, May 15, 1996",Crisis Security Files,Pending,selection,,"Extract document-level candidates with actual dates, page spans, markings, and source path.",https://catalog.archives.gov/id/41051380,https://s3.amazonaws.com/NARAprodstorage/lz/presidential-libraries/clinton/7585709/42-t-7585709-20120798F-006-004-2016.pdf,"Source: National Archives and Records Administration, National Archives Catalog, DC0284 DC Meeting on Bosnia-Hercegovina, May 15, 1996, NAID 41051380."
402,Promote Leads,65,1996-01-01,Scout Lead,"DC0295 DC Meeting on Bosnia-Hercegovina, June 20, 1996",Crisis Security Files,Pending,selection,,"Extract document-level candidates with actual dates, page spans, markings, and source path.",https://catalog.archives.gov/id/41051385,https://s3.amazonaws.com/NARAprodstorage/lz/presidential-libraries/clinton/7585709/42-t-7585709-20120798F-006-009-2016.pdf,"Source: National Archives and Records Administration, National Archives Catalog, DC0295 DC Meeting on Bosnia-Hercegovina, June 20, 1996, NAID 41051385."
403,Promote Leads,65,1996-01-01,Scout Lead,"DC0299 DC Meeting on Bosnia-Hercegovina, July 25, 1996",Crisis Security Files,Pending,selection,,"Extract document-level candidates with actual dates, page spans, markings, and source path.",https://catalog.archives.gov/id/41051387,https://s3.amazonaws.com/NARAprodstorage/lz/presidential-libraries/clinton/7585709/42-t-7585709-20120798F-006-011-2016.pdf,"Source: National Archives and Records Administration, National Archives Catalog, DC0299 DC Meeting on Bosnia-Hercegovina, July 25, 1996, NAID 41051387."
404,Promote Leads,65,1996-01-01,Scout Lead,"DC0301 DC Meeting on Bosnia-Hercegovina, August 1, 1996",Crisis Security Files,Pending,selection,,"Extract document-level candidates with actual dates, page spans, markings, and source path.",https://catalog.archives.gov/id/41051388,https://s3.amazonaws.com/NARAprodstorage/lz/presidential-libraries/clinton/7585709/42-t-7585709-20120798F-007-001-2016.pdf,"Source: National Archives and Records Administration, National Archives Catalog, DC0301 DC Meeting on Bosnia-Hercegovina, August 1, 1996, NAID 41051388."
405,Promote Leads,65,1996-01-01,Scout Lead,"DC0308 DC Meeting on Bosnia-Hercegovina, August 27, 1996",Crisis Security Files,Pending,selection,,"Extract document-level candidates with actual dates, page spans, markings, and source path.",https://catalog.archives.gov/id/41051391,https://s3.amazonaws.com/NARAprodstorage/lz/presidential-libraries/clinton/7585709/42-t-7585709-20120798F-007-004-2016.pdf,"Source: National Archives and Records Administration, National Archives Catalog, DC0308 DC Meeting on Bosnia-Hercegovina, August 27, 1996, NAID 41051391."
406,Promote Leads,65,1996-01-01,Scout Lead,"DC0311 DC Meeting on Bosnia-Hercegovina, September 19, 1996",Crisis Security Files,Pending,selection,,"Extract document-level candidates with actual dates, page spans, markings, and source path.",https://catalog.archives.gov/id/41051393,https://s3.amazonaws.com/NARAprodstorage/lz/presidential-libraries/clinton/7585709/42-t-7585709-20120798F-007-006-2016.pdf,"Source: National Archives and Records Administration, National Archives Catalog, DC0311 DC Meeting on Bosnia-Hercegovina, September 19, 1996, NAID 41051393."
407,Promote Leads,65,1996-01-01,Scout Lead,"DC0313 DC Meeting on Bosnia-Hercegovina, 1996",Crisis Security Files,Pending,selection,,"Extract document-level candidates with actual dates, page spans, markings, and source path.",https://catalog.archives.gov/id/41051394,https://s3.amazonaws.com/NARAprodstorage/lz/presidential-libraries/clinton/7585709/42-t-7585709-20120798F-007-007-2016.pdf,"Source: National Archives and Records Administration, National Archives Catalog, DC0313 DC Meeting on Bosnia-Hercegovina, 1996, NAID 41051394."
408,Promote Leads,65,1996-01-01,Scout Lead,"DC0316 DC Meeting on Bosnia-Hercegovina, October 1, 1996",Crisis Security Files,Pending,selection,,"Extract document-level candidates with actual dates, page spans, markings, and source path.",https://catalog.archives.gov/id/41051395,https://s3.amazonaws.com/NARAprodstorage/lz/presidential-libraries/clinton/7585709/42-t-7585709-20120798F-007-008-2016.pdf,"Source: National Archives and Records Administration, National Archives Catalog, DC0316 DC Meeting on Bosnia-Hercegovina, October 1, 1996, NAID 41051395."
409,Promote Leads,65,1996-01-01,Scout Lead,"DC0318 DC Meeting on Bosnia-Hercegovina, October 9, 1996",Crisis Security Files,Pending,selection,,"Extract document-level candidates with actual dates, page spans, markings, and source path.",https://catalog.archives.gov/id/41051396,https://s3.amazonaws.com/NARAprodstorage/lz/presidential-libraries/clinton/7585709/42-t-7585709-20120798F-007-009-2016.pdf,"Source: National Archives and Records Administration, National Archives Catalog, DC0318 DC Meeting on Bosnia-Hercegovina, October 9, 1996, NAID 41051396."
410,Promote Leads,65,1996-01-01,Scout Lead,"DC0320 DC Meeting on Bosnia-Hercegovina, October 18, 1996",Crisis Security Files,Pending,selection,,"Extract document-level candidates with actual dates, page spans, markings, and source path.",https://catalog.archives.gov/id/41051397,https://s3.amazonaws.com/NARAprodstorage/lz/presidential-libraries/clinton/7585709/42-t-7585709-20120798F-007-010-2016.pdf,"Source: National Archives and Records Administration, National Archives Catalog, DC0320 DC Meeting on Bosnia-Hercegovina, October 18, 1996, NAID 41051397."
411,Promote Leads,65,1996-01-01,Scout Lead,"DC0323 DC Meeting on Bosnia-Hercegovina, November 7, 1996",Crisis Security Files,Pending,selection,,"Extract document-level candidates with actual dates, page spans, markings, and source path.",https://catalog.archives.gov/id/41051398,https://s3.amazonaws.com/NARAprodstorage/lz/presidential-libraries/clinton/7585709/42-t-7585709-20120798F-007-011-2016.pdf,"Source: National Archives and Records Administration, National Archives Catalog, DC0323 DC Meeting on Bosnia-Hercegovina, November 7, 1996, NAID 41051398."
412,Promote Leads,65,1996-01-01,Scout Lead,"PC/DC [Principals Committee/Deputies Committee] Meetings on Bosnia, March 1996 [5]",Crisis Security Files,Pending,selection,,"Extract document-level candidates with actual dates, page spans, markings, and source path.",https://catalog.archives.gov/id/41051293,https://s3.amazonaws.com/NARAprodstorage/lz/presidential-libraries/clinton/7585472/42-t-7585472-20120798F-002-003-2016.pdf,"Source: National Archives and Records Administration, National Archives Catalog, Records of the National Security Council European Affairs Office (Clinton Administration), Sue Bremner's Files, PC/DC [Principals Committee/Deputies Committee] Meetings on Bosnia, March 1996 [5], NAID 41051293."
413,Promote Leads,65,1996-01-01,Scout Lead,"PC/DC [Principals Committee/Deputies Committee] Meetings on Bosnia, March 1996 [6]",Crisis Security Files,Pending,selection,,"Extract document-level candidates with actual dates, page spans, markings, and source path.",https://catalog.archives.gov/id/41051294,https://s3.amazonaws.com/NARAprodstorage/lz/presidential-libraries/clinton/7585472/42-t-7585472-20120798F-002-004-2016.pdf,"Source: National Archives and Records Administration, National Archives Catalog, Records of the National Security Council European Affairs Office (Clinton Administration), Sue Bremner's Files, PC/DC [Principals Committee/Deputies Committee] Meetings on Bosnia, March 1996 [6], NAID 41051294."
414,Promote Leads,65,1996-01-01,Scout Lead,"PC0169 PC Meeting on Bosnia-Hercegovina, February 20, 1996",Crisis Security Files,Pending,selection,,"Extract document-level candidates with actual dates, page spans, markings, and source path.",https://catalog.archives.gov/id/41051477,https://s3.amazonaws.com/NARAprodstorage/lz/presidential-libraries/clinton/7585709/42-t-7585709-20120798F-009-054-2016.pdf,"Source: National Archives and Records Administration, National Archives Catalog, PC0169 PC Meeting on Bosnia-Hercegovina, February 20, 1996, NAID 41051477."
415,Promote Leads,65,1996-01-01,Scout Lead,"PC0171 PC Meeting on Bosnia-Hercegovina, March 1, 1996",Crisis Security Files,Pending,selection,,"Extract document-level candidates with actual dates, page spans, markings, and source path.",https://catalog.archives.gov/id/41051478,https://s3.amazonaws.com/NARAprodstorage/lz/presidential-libraries/clinton/7585709/42-t-7585709-20120798F-009-055-2016.pdf,"Source: National Archives and Records Administration, National Archives Catalog, PC0171 PC Meeting on Bosnia-Hercegovina, March 1, 1996, NAID 41051478."
416,Promote Leads,65,1996-01-01,Scout Lead,"PC0173 PC Meeting on Bosnia-Hercegovina, March 29, 1996",Crisis Security Files,Pending,selection,,"Extract document-level candidates with actual dates, page spans, markings, and source path.",https://catalog.archives.gov/id/41051479,https://s3.amazonaws.com/NARAprodstorage/lz/presidential-libraries/clinton/7585709/42-t-7585709-20120798F-009-056-2016.pdf,"Source: National Archives and Records Administration, National Archives Catalog, PC0173 PC Meeting on Bosnia-Hercegovina, March 29, 1996, NAID 41051479."
417,Promote Leads,65,1996-01-01,Scout Lead,"PC0174 PC Meeting on Bosnia-Hercegovina, May 3, 1996",Crisis Security Files,Pending,selection,,"Extract document-level candidates with actual dates, page spans, markings, and source path.",https://catalog.archives.gov/id/41051480,https://s3.amazonaws.com/NARAprodstorage/lz/presidential-libraries/clinton/7585709/42-t-7585709-20120798F-009-057-2016.pdf,"Source: National Archives and Records Administration, National Archives Catalog, PC0174 PC Meeting on Bosnia-Hercegovina, May 3, 1996, NAID 41051480."
418,Promote Leads,65,1996-01-01,Scout Lead,"PC0180 PC Meeting on Bosnia-Hercegovina, June 11, 1996",Crisis Security Files,Pending,selection,,"Extract document-level candidates with actual dates, page spans, markings, and source path.",https://catalog.archives.gov/id/41051482,https://s3.amazonaws.com/NARAprodstorage/lz/presidential-libraries/clinton/7585709/42-t-7585709-20120798F-010-001-2016.pdf,"Source: National Archives and Records Administration, National Archives Catalog, PC0180 PC Meeting on Bosnia-Hercegovina, June 11, 1996, NAID 41051482."
419,Promote Leads,65,1996-01-01,Scout Lead,"PC0183 PC Meeting on Bosnia-Hercegovina, June 25, 1996",Crisis Security Files,Pending,selection,,"Extract document-level candidates with actual dates, page spans, markings, and source path.",https://catalog.archives.gov/id/41051483,https://s3.amazonaws.com/NARAprodstorage/lz/presidential-libraries/clinton/7585709/42-t-7585709-20120798F-010-002-2016.pdf,"Source: National Archives and Records Administration, National Archives Catalog, PC0183 PC Meeting on Bosnia-Hercegovina, June 25, 1996, NAID 41051483."
420,Promote Leads,65,1996-01-01,Scout Lead,"PC0202 PC Meeting on Bosnia-Hercegovina, 1996",Crisis Security Files,Pending,selection,,"Extract document-level candidates with actual dates, page spans, markings, and source path.",https://catalog.archives.gov/id/41051486,https://s3.amazonaws.com/NARAprodstorage/lz/presidential-libraries/clinton/7585709/42-t-7585709-20120798F-010-005-2016.pdf,"Source: National Archives and Records Administration, National Archives Catalog, PC0202 PC Meeting on Bosnia-Hercegovina, 1996, NAID 41051486."
421,Promote Leads,63,1993-01-01,Scout Lead,[Balkans: Bosnia] [3],Crisis Security Files,Context candidate,,,"Extract document-level candidates with actual dates, page spans, markings, and source path.",https://catalog.archives.gov/id/40482283,https://s3.amazonaws.com/NARAprodstorage/opastorage/live/83/4822/40482283/content/presidential-libraries/clinton/foia/2008/2008-0994-F/2008-0994-F-Bosnia-JPG/Box_002/42-t-7585484-20080994F-002-006-2016/42_t_7585484_20080994F_002_006_2016_Page_001.JPG,"Source: National Archives and Records Administration, National Archives Catalog, Records of the National Security Council European Affairs Office (Clinton Administration), Jane Holl's Files, [Balkans: Bosnia] [3], NAID 40482283."
422,Promote Leads,63,1993-01-01,Scout Lead,"[Bosnia - Hercegovina, February - March 1993] [3]",Crisis Security Files,Context candidate,,,"Extract document-level candidates with actual dates, page spans, markings, and source path.",https://catalog.archives.gov/id/40482327,https://s3.amazonaws.com/NARAprodstorage/opastorage/live/27/4823/40482327/content/presidential-libraries/clinton/foia/2008/2008-0994-F/2008-0994-F-Bosnia-JPG/Box_006/42-t-7585484-20080994F-006-008-2016/42_t_7585484_20080994F_006_008_2016_Page_001.JPG,"Source: National Archives and Records Administration, National Archives Catalog, Records of the National Security Council European Affairs Office (Clinton Administration), Jane Holl's Files, [Bosnia - Hercegovina, February - March 1993] [3], NAID 40482327."
423,Promote Leads,63,1993-01-01,Scout Lead,[Bosnia] [8],Crisis Security Files,Context candidate,,,"Extract document-level candidates with actual dates, page spans, markings, and source path.",https://catalog.archives.gov/id/40482296,https://s3.amazonaws.com/NARAprodstorage/opastorage/live/96/4822/40482296/content/presidential-libraries/clinton/foia/2008/2008-0994-F/2008-0994-F-Bosnia-JPG/Box_003/42-t-7585484-20080994F-003-009-2016/42_t_7585484_20080994F_003_009_2016_Page_001.JPG,"Source: National Archives and Records Administration, National Archives Catalog, Records of the National Security Council European Affairs Office (Clinton Administration), Jane Holl's Files, [Bosnia] [8], NAID 40482296."
424,Promote Leads,63,1993-01-01,Scout Lead,Bosnia - Papers [6],Crisis Security Files,Context candidate,,,"Extract document-level candidates with actual dates, page spans, markings, and source path.",https://catalog.archives.gov/id/40482481,https://s3.amazonaws.com/NARAprodstorage/opastorage/live/81/4824/40482481/content/presidential-libraries/clinton/foia/2008/2008-0994-F/2008-0994-F-Bosnia-JPG/Box_022/42-t-7585486-20080994F-022-008-2016/42_t_7585486_20080994F_022_008_2016_Page_001.JPG,"Source: National Archives and Records Administration, National Archives Catalog, Records of the National Security Council European Affairs Office (Clinton Administration), Donald Kerrick's Files, Bosnia - Papers [6], NAID 40482481."
425,Promote Leads,63,1993-01-01,Scout Lead,Lithuania: Bilateral,Crisis Security Files,Context candidate,,,"Extract document-level candidates with actual dates, page spans, markings, and source path.",https://catalog.archives.gov/id/23902181,https://s3.us-east-1.amazonaws.com/NARAprodstorage/lz/presidential-libraries/clinton/wjc-nscea/7585493/42-t-7585493-20111038F-003-005-2015.pdf,"Source: National Archives and Records Administration, National Archives Catalog, Records of the National Security Council European Affairs Office (Clinton Administration), Richard Norland's Files, Lithuania: Bilateral, NAID 23902181."
426,Promote Leads,63,1994-01-01,Scout Lead,"[Bosnia - Hercegovina, February 1994] [2]",Crisis Security Files,Context candidate,,,"Extract document-level candidates with actual dates, page spans, markings, and source path.",https://catalog.archives.gov/id/40482382,https://s3.amazonaws.com/NARAprodstorage/opastorage/live/82/4823/40482382/content/presidential-libraries/clinton/foia/2008/2008-0994-F/2008-0994-F-Bosnia-JPG/Box_012/42-t-7585484-20080994F-012-009-2016/42_t_7585484_20080994F_012_009_2016_Page_001.JPG,"Source: National Archives and Records Administration, National Archives Catalog, Records of the National Security Council European Affairs Office (Clinton Administration), Jane Holl's Files, [Bosnia - Hercegovina, February 1994] [2], NAID 40482382."
427,Promote Leads,63,1994-01-01,Scout Lead,Bosnia Post-Bihac (Mid-Nov. - Early-Dec. 1994) [6],Crisis Security Files,Context candidate,,,"Extract document-level candidates with actual dates, page spans, markings, and source path.",https://catalog.archives.gov/id/120361439,https://s3.amazonaws.com/NARAprodstorage/lz/presidential-libraries/clinton/foia/2013/2013-0687-f/42-t-7585499-20130687F-002-006-2016.pdf,"Source: National Archives and Records Administration, National Archives Catalog, Records of the National Security Council European Affairs Office (Clinton Administration), Alexander Vershbow's Files, Bosnia Post-Bihac (Mid-Nov. - Early-Dec. 1994) [6], NAID 120361439."
428,Promote Leads,63,1995-01-01,Scout Lead,Bosnia - August 1995: Early [3],Crisis Security Files,Context candidate,,,"Extract document-level candidates with actual dates, page spans, markings, and source path.",https://catalog.archives.gov/id/120361695,https://s3.amazonaws.com/NARAprodstorage/lz/presidential-libraries/clinton/foia/2013/2013-0687-f/42-t-7585499-20130687F-012-002-2016.pdf,"Source: National Archives and Records Administration, National Archives Catalog, Records of the National Security Council European Affairs Office (Clinton Administration), Alexander Vershbow's Files, Bosnia - August 1995: Early [3], NAID 120361695."
429,Promote Leads,63,1995-01-01,Scout Lead,Bosnia - July 1995: End July-Early August [3],Crisis Security Files,Context candidate,,,"Extract document-level candidates with actual dates, page spans, markings, and source path.",https://catalog.archives.gov/id/120361685,https://s3.amazonaws.com/NARAprodstorage/lz/presidential-libraries/clinton/foia/2013/2013-0687-f/42-t-7585499-20130687F-011-015-2016.pdf,"Source: National Archives and Records Administration, National Archives Catalog, Records of the National Security Council European Affairs Office (Clinton Administration), Alexander Vershbow's Files, Bosnia - July 1995: End July-Early August [3], NAID 120361685."
430,Promote Leads,63,1995-01-01,Scout Lead,Bosnia - July 1995: Mid.-Late [2],Crisis Security Files,Context candidate,,,"Extract document-level candidates with actual dates, page spans, markings, and source path.",https://catalog.archives.gov/id/120361673,https://s3.amazonaws.com/NARAprodstorage/lz/presidential-libraries/clinton/foia/2013/2013-0687-f/42-t-7585499-20130687F-011-009-2016.pdf,"Source: National Archives and Records Administration, National Archives Catalog, Records of the National Security Council European Affairs Office (Clinton Administration), Alexander Vershbow's Files, Bosnia - July 1995: Mid.-Late [2], NAID 120361673."
431,Promote Leads,63,1995-01-01,Scout Lead,Bosnia - July 1995: Mid.-Late [5],Crisis Security Files,Context candidate,,,"Extract document-level candidates with actual dates, page spans, markings, and source path.",https://catalog.archives.gov/id/120361679,https://s3.amazonaws.com/NARAprodstorage/lz/presidential-libraries/clinton/foia/2013/2013-0687-f/42-t-7585499-20130687F-011-012-2016.pdf,"Source: National Archives and Records Administration, National Archives Catalog, Records of the National Security Council European Affairs Office (Clinton Administration), Alexander Vershbow's Files, Bosnia - July 1995: Mid.-Late [5], NAID 120361679."
432,Promote Leads,63,1995-01-01,Scout Lead,Bosnia - June 1995: Early [2],Crisis Security Files,Context candidate,,,"Extract document-level candidates with actual dates, page spans, markings, and source path.",https://catalog.archives.gov/id/120361631,https://s3.amazonaws.com/NARAprodstorage/lz/presidential-libraries/clinton/foia/2013/2013-0687-f/42-t-7585499-20130687F-009-013-2016.pdf,"Source: National Archives and Records Administration, National Archives Catalog, Records of the National Security Council European Affairs Office (Clinton Administration), Alexander Vershbow's Files, Bosnia - June 1995: Early [2], NAID 120361631."
433,Promote Leads,63,1995-01-01,Scout Lead,Bosnia - May 1995: Mid.-Late [1],Crisis Security Files,Context candidate,,,"Extract document-level candidates with actual dates, page spans, markings, and source path.",https://catalog.archives.gov/id/120361615,https://s3.amazonaws.com/NARAprodstorage/lz/presidential-libraries/clinton/foia/2013/2013-0687-f/42-t-7585499-20130687F-009-005-2016.pdf,"Source: National Archives and Records Administration, National Archives Catalog, Records of the National Security Council European Affairs Office (Clinton Administration), Alexander Vershbow's Files, Bosnia - May 1995: Mid.-Late [1], NAID 120361615."
434,Promote Leads,63,1995-01-01,Scout Lead,Bosnia - September 1995 (Early) [2],Crisis Security Files,Context candidate,,,"Extract document-level candidates with actual dates, page spans, markings, and source path.",https://catalog.archives.gov/id/120361731,https://s3.amazonaws.com/NARAprodstorage/lz/presidential-libraries/clinton/foia/2013/2013-0687-f/42-t-7585499-20130687F-013-008-2016.pdf,"Source: National Archives and Records Administration, National Archives Catalog, Records of the National Security Council European Affairs Office (Clinton Administration), Alexander Vershbow's Files, Bosnia - September 1995 (Early) [2], NAID 120361731."
435,Promote Leads,63,1995-01-01,Scout Lead,Bosnia - September 1995 (Late) [7],Crisis Security Files,Context candidate,,,"Extract document-level candidates with actual dates, page spans, markings, and source path.",https://catalog.archives.gov/id/120361769,https://s3.amazonaws.com/NARAprodstorage/lz/presidential-libraries/clinton/foia/2013/2013-0687-f/42-t-7585499-20130687F-015-003-2016.pdf,"Source: National Archives and Records Administration, National Archives Catalog, Records of the National Security Council European Affairs Office (Clinton Administration), Alexander Vershbow's Files, Bosnia - September 1995 (Late) [7], NAID 120361769."
436,Promote Leads,63,1996-01-01,Scout Lead,"Bosnia/Iran/IOB [Intelligence Oversight Board], April-May 1996 [3]",Crisis Security Files,Context candidate,,,"Extract document-level candidates with actual dates, page spans, markings, and source path.",https://catalog.archives.gov/id/236750694,https://s3.us-east-1.amazonaws.com/NARAprodstorage/lz/presidential-libraries/clinton/wjc-nscea/7585499/7585499-20060996F-002-003-2022-001.JPG,"Source: National Archives and Records Administration, National Archives Catalog, Records of the National Security Council European Affairs Office (Clinton Administration), Alexander Vershbow's Files, Bosnia/Iran/IOB [Intelligence Oversight Board], April-May 1996 [3], NAID 236750694."
437,Chase Diary Leads,63,1998-06-15,Context,Presidential Daily Diary reference: meeting and conference call with Boris Yeltsin,Crisis Security Files,Context candidate,,NATO-Russia thread; late-volume coverage,"Chase substantive memcon, telcon, briefing book, trip file, or summit file.",https://catalog.archives.gov/id/147870919,https://s3.amazonaws.com/NARAprodstorage/lz/presidential-libraries/clinton/foia/2013/2013-0549-F/42-t-101784486-20130549F-009-005-2018.pdf,"Source: National Archives and Records Administration, National Archives Catalog, Clinton Presidential Records, Presidential Daily Diary, Ellen McCathran Files, Release LPWJC 2013-0549-F, [06/01/1998-06/15/1998], NAID 147870919, Unclassified diary record. Source pages: pages 101-103."
438,Chase Diary Leads,63,1999-06-10,Context,Presidential Daily Diary reference: Kosovo Military Technical Agreement calls,Crisis Security Files,Context candidate,,NATO-Russia thread; late-volume coverage,"Chase substantive memcon, telcon, briefing book, trip file, or summit file.",https://catalog.archives.gov/id/17368193,https://s3.amazonaws.com/NARAprodstorage/opastorage/live/93/3681/17368193/content/presidential-libraries/clinton/foia/2010-0083-F/2010-0083-F-PDF/Box_002/42-t-7262157-20100083F-002-010-2015.pdf,"Source: National Archives and Records Administration, National Archives Catalog, Clinton Presidential Records, Presidential Daily Diary, Ellen McCathran Files, Release LPWJC 2010-0083-F, [Ellen McCathran - Presidential Daily Diary - Hardcopy 4/9/99; 4/14/99; 4/27/99; 4/30/99; 5/2/99; 5/20/99; 5/24/99; 5/28/99; 6/2/99; 6/10/99; 6/20/99], NAID 17368193, Unclassified diary record. Source pages: pages 59-61."
439,Fix Source and Declass,63,1995-10-23,Memcon,Memorandum of Conversation - Clinton-Yeltsin One-on-One at Hyde Park,Crisis Security Files,Include candidate,chronology,NATO-Russia thread,Verify Washington time and chronological placement.,https://catalog.archives.gov/id/163545436,https://s3.amazonaws.com/NARAprodstorage/lz/presidential-libraries/clinton/wjc-nscrm/7585721/7-YeltsinHydePark.pdf,"Source: National Archives and Records Administration, National Archives Catalog, Clinton Presidential Records, Clinton NSC Records Management Office, 2014-0948-M, NAID 163545436. Extracted from source packet PDF pages 5-16; 12 document pages counted. Review PDF includes a packet annotation sheet. Secret; Nodis."
440,Fix Source and Declass,63,1995-10-23,Memcon,Memorandum of Conversation - Lunch with President Boris Yeltsin,Crisis Security Files,Include candidate,chronology,NATO-Russia thread,Verify Washington time and chronological placement.,https://catalog.archives.gov/id/163545436,https://s3.amazonaws.com/NARAprodstorage/lz/presidential-libraries/clinton/wjc-nscrm/7585721/7-YeltsinHydePark.pdf,"Source: National Archives and Records Administration, National Archives Catalog, Clinton Presidential Records, Clinton NSC Records Management Office, 2014-0948-M, NAID 163545436. Secret. Extracted from source packet PDF pages 31-35; 5 document pages counted. Review PDF includes a packet annotation sheet."
441,Fix Source and Declass,63,1995-10-24,Memcon,Memorandum of Conversation - Presidents Izetbegovic and Tudjman,Crisis Security Files,Include candidate,chronology,NATO-Russia thread,Verify Washington time and chronological placement.,https://clinton.presidentiallibraries.us/items/show/36589,https://clinton.presidentiallibraries.us/files/original/1e07f85597e7a0a171bbd0b1ad67cdf1.pdf,"Source: William J. Clinton Presidential Library, Clinton Digital Library, Clinton Presidential Records, Declassified Documents concerning Bosnia, Release 2011-0964-M, Item 36589. Secret. Extracted from source packet PDF pages 37-43; 7 document pages counted. Review PDF includes a packet annotation sheet."
442,Rebalance Coverage,61,1993-09-17,Memcon,Memorandum of Conversation - Prime Minister Carlo Ciampi of Italy,NATO-Russia and Partnership,Include candidate,chronology,non-crisis lane,Verify Washington time and chronological placement.,https://clinton.presidentiallibraries.us/items/show/101346,https://clinton.presidentiallibraries.us/files/original/df7541d4f739658b122360c51d75e84f.pdf,"Source: William J. Clinton Presidential Library, Clinton Digital Library, Declassified Documents, Memcons - Memoranda of Conversation, Release 2015-0755-M, Item 101346. Confidential."
443,Rebalance Coverage,61,1994-01-20,Telcon,Memorandum of Telephone Conversation with President Ulmanis of Latvia,NATO Strategy and Enlargement,Include candidate,chronology,non-crisis lane,Verify Washington time and chronological placement.,https://clinton.presidentiallibraries.us/items/show/118919,https://clinton.presidentiallibraries.us/files/original/26cb14efd84422e9b5ca25b66f4a978e.pdf,"Source: William J. Clinton Presidential Library, Clinton Digital Library, Declassified Documents, Telcons - Memoranda of Telephone Conversations, Release 2016-0314-M-2, Item 118919. Confidential."
444,Rebalance Coverage,61,1994-03-04,Memcon,Memorandum of Conversation - President Leonid Kravchuk of Ukraine,NATO-Russia and Partnership,Include candidate,chronology,non-crisis lane,Verify Washington time and chronological placement.,https://clinton.presidentiallibraries.us/items/show/101354,https://clinton.presidentiallibraries.us/files/original/e75539e8d49947e78cd0c87e88844e51.pdf,"Source: William J. Clinton Presidential Library, Clinton Digital Library, Declassified Documents, Memcons - Memoranda of Conversation, Release 2016-0122-M, Item 101354. Confidential."
445,Rebalance Coverage,61,1994-07-08,Memcon,Memorandum of Conversation between President Clinton and Italian Prime Minister Berlusconi,NATO-Russia and Partnership,Include candidate,chronology,non-crisis lane,Verify Washington time and chronological placement.,https://clinton.presidentiallibraries.us/items/show/118984,https://clinton.presidentiallibraries.us/files/original/2d21f03fcf80b2ec322098163e628654.pdf,"Source: William J. Clinton Presidential Library, Clinton Digital Library, Declassified Documents, Memcons - Memoranda of Conversation, Release Declassified documents concerning Rwanda, Item 118984. Confidential."
446,Rebalance Coverage,61,1996-06-25,Memcon,"Memorandum of Conversation - President Guntis Ulmanis of Latvia, President Algirdas Brazauskas of Lithuania, and President Lennart Meri of Estonia",NATO Strategy and Enlargement,Include candidate,chronology,non-crisis lane,Verify Washington time and chronological placement.,https://clinton.presidentiallibraries.us/items/show/101467,https://clinton.presidentiallibraries.us/files/original/6fef6ada21b09fbd2afda36dbf939461.pdf,"Source: William J. Clinton Presidential Library, Clinton Digital Library, Declassified Documents, Memcons - Memoranda of Conversation, Release 2014-0656-M, Item 101467. Secret."
447,Fix Source and Declass,57,1993-04-03,Memcon,Working Dinner with President Boris Yeltsin,Crisis Security Files,Context candidate,chronology,NATO-Russia thread,Verify Washington time and chronological placement.,https://catalog.archives.gov/id/163545404,https://s3.amazonaws.com/NARAprodstorage/lz/presidential-libraries/clinton/wjc-nscrm/7585721/6-YeltsinVancouver.pdf,"Source: National Archives Catalog item 163545404, Clinton Library case 2014-0901-M, NSC Records Management PRS Files, Document ID 9302226. Derivative PDF extracts source pages 9-17 and appends source marker page 2 as provenance sheet. Secret."
448,Fix Source and Declass,57,1993-04-04,Memcon,Meeting with Russian President Boris Yeltsin on Security Issues,Crisis Security Files,Context candidate,chronology,NATO-Russia thread,Verify Washington time and chronological placement.,https://catalog.archives.gov/id/163545404,https://s3.amazonaws.com/NARAprodstorage/lz/presidential-libraries/clinton/wjc-nscrm/7585721/6-YeltsinVancouver.pdf,"Source: National Archives Catalog item 163545404, Clinton Library case 2014-0901-M, NSC Records Management PRS Files, Document ID 9302226. Derivative PDF extracts source pages 19-30 and appends source marker page 2 as provenance sheet. Secret."
449,Fix Source and Declass,57,1993-04-20,Memcon,Memorandum of Conversation - Meeting with President Vaclav Havel of the Czech Republic,Crisis Security Files,Include candidate,chronology,Madrid/accession thread,Verify Washington time and chronological placement.,https://clinton.presidentiallibraries.us/items/show/119030,,"Source: William J. Clinton Presidential Library, Clinton Digital Library, Declassified Documents, Memcons - Memoranda of Conversation, Release Declassified Documents Concerning President Vaclav Havel of the Czech Republic and President Lech Walesa of Poland, Item 119030. Confidential."
450,Fix Source and Declass,57,1994-01-12,Memcon,"Memorandum of Conversation -President Lech Walesa of Poland, President Arpad Goencz of Hungary, President Michal Kovac of Slovakia, and President Vaclav Havel of the Czech Republic",Crisis Security Files,Include candidate,chronology,Madrid/accession thread,Verify Washington time and chronological placement.,https://clinton.presidentiallibraries.us/items/show/101395,,"Source: William J. Clinton Presidential Library, Clinton Digital Library, Declassified Documents, Memcons - Memoranda of Conversation, Release LP-WJC/DOS-16-1, Item 101395. Confidential."
451,Fix Source and Declass,57,1994-01-13,Memcon,"President's dinner with President Yeltsin, January 13/14, 1994",Crisis Security Files,Context candidate,chronology,NATO-Russia thread,Verify Washington time and chronological placement.,https://clinton.presidentiallibraries.us/items/show/101370,https://clinton.presidentiallibraries.us/files/original/c016beef71be071cd9c96fcf0972fd57.pdf,"Source: William J. Clinton Presidential Library, Clinton Digital Library item 101370, ""Memorandum of Conversation - President Boris Yeltsin of Russia,"" January 13, 1994, part of 2016-0117-M, Memcons - Memoranda of Conversation. Item description: ""This Memcon was received as a NSC Cable."" Source PDF label: ""69 Memcon Cable President Boris Yeltsin of Russia (not really a memcon) Jan 13 1994.pdf."". Secret."
452,Fix Source and Declass,57,1994-04-10,Telcon,"Telephone call with President Boris Yeltsin of Russia, April 10, 1994, White House",Crisis Security Files,Context candidate,chronology,NATO-Russia thread,Verify Washington time and chronological placement.,https://www.clintonlibrary.gov/research/archives/finding-aids/declassified-documents-concerning-russian-president-boris-yeltsin,https://www.clintonlibrary.gov/sites/default/files/finding_aids_a_z/2026-05/2015-0782-M-1.pdf,"Source: Clinton Library, Meetings and Telephone Calls with Foreign Leaders, master chronology, Release packet 2015-0782-M-1; related packet(s): NARA NAID 40482516. Confidential. Source pages: pages 164-166; 3 conversation pages."
453,Fix Source and Declass,57,1995-10-21,Memcon,Memorandum of Conversation - President Vaclav Havel of the Czech Republic,Crisis Security Files,Include candidate,chronology,Madrid/accession thread,Verify Washington time and chronological placement.,https://clinton.presidentiallibraries.us/items/show/101427,,"Source: William J. Clinton Presidential Library, Clinton Digital Library, Declassified Documents, Memcons - Memoranda of Conversation, Release 2015-0773-M, Item 101427. Confidential."
454,Rebalance Coverage,55,1997-05-19,Memcon,Memorandum of Conversation with NATO Secretary General Solana,Crisis Security Files,Include candidate,chronology,late-volume coverage,Verify Washington time and chronological placement.,https://clinton.presidentiallibraries.us/items/show/118891,https://clinton.presidentiallibraries.us/files/original/a583efc92629c4b4c49c328f66efb044.pdf,"Source: William J. Clinton Presidential Library, Clinton Digital Library, Declassified Documents, Memcons - Memoranda of Conversation, Release 2015-0548-M, Item 118891. Confidential."
455,Rebalance Coverage,55,1997-07-07,Memcon,Memorandum of Conversation with NATO Secretary General Solana,Crisis Security Files,Include candidate,chronology,late-volume coverage,Verify Washington time and chronological placement.,https://clinton.presidentiallibraries.us/items/show/118890,https://clinton.presidentiallibraries.us/files/original/4ccaa957fa70635fc079c9b10006dd17.pdf,"Source: William J. Clinton Presidential Library, Clinton Digital Library, Declassified Documents, Memcons - Memoranda of Conversation, Release 2015-0549-M, Item 118890. Confidential."
456,Rebalance Coverage,55,1998-05-06,Memcon,Memorandum of Conversation - Prime Minister Romano Prodi of Italy,Crisis Security Files,Include candidate,chronology,late-volume coverage,Verify Washington time and chronological placement.,https://clinton.presidentiallibraries.us/items/show/101540,https://clinton.presidentiallibraries.us/files/original/0558ee545f56589a7cbf670e78115cc4.pdf,"Source: William J. Clinton Presidential Library, Clinton Digital Library, Declassified Documents, Memcons - Memoranda of Conversation, Release 2015-0755-M, Item 101540. Confidential."
457,Rebalance Coverage,55,1998-07-16,Memcon,Memorandum of Conversation with NATO Secretary General Javier Solana,Crisis Security Files,Include candidate,chronology,late-volume coverage,Verify Washington time and chronological placement.,https://clinton.presidentiallibraries.us/items/show/118883,https://clinton.presidentiallibraries.us/files/original/3025a65e30e068505e4d32c1a6c0a539.pdf,"Source: William J. Clinton Presidential Library, Clinton Digital Library, Declassified Documents, Memcons - Memoranda of Conversation, Release 2015-0548-M, Item 118883. Confidential."
458,Rebalance Coverage,55,1999-03-15,Memcon,Memorandum of Conversation with Secretary General Javier Solana of NATO,Crisis Security Files,Include candidate,chronology,late-volume coverage,Verify Washington time and chronological placement.,https://clinton.presidentiallibraries.us/items/show/118888,https://clinton.presidentiallibraries.us/files/original/5453fc71dd35fc99315b6be63240e1be.pdf,"Source: William J. Clinton Presidential Library, Clinton Digital Library, Declassified Documents, Memcons - Memoranda of Conversation, Release 2015-0548-M, Item 118888. Confidential."
459,Rebalance Coverage,55,1999-03-21,Telcon,Memorandum of Telephone Conversation with French President Jacques Chirac,Crisis Security Files,Include candidate,chronology,late-volume coverage,Verify Washington time and chronological placement.,https://clinton.presidentiallibraries.us/items/show/119246,https://clinton.presidentiallibraries.us/files/original/6423ae532d85907c701765a8184ecd07.pdf,"Source: William J. Clinton Presidential Library, Clinton Digital Library, Declassified Documents, Telcons - Memoranda of Telephone Conversations, Release 2014-0558-M, Item 119246. Secret."
460,Rebalance Coverage,55,1999-03-21,Telcon,Memorandum of Telephone Conversation with German Chancellor,Crisis Security Files,Include candidate,chronology,late-volume coverage,Verify Washington time and chronological placement.,https://clinton.presidentiallibraries.us/items/show/119248,https://clinton.presidentiallibraries.us/files/original/c5c2b6d34857e3aa7c7d5289d5471abd.pdf,"Source: William J. Clinton Presidential Library, Clinton Digital Library, Declassified Documents, Telcons - Memoranda of Telephone Conversations, Release 2014-0558-M, Item 119248. Secret."
461,Rebalance Coverage,55,1999-03-25,Telcon,Memorandum of Telephone Conversation with Secretary General Javier Solana,Crisis Security Files,Include candidate,chronology,late-volume coverage,Verify Washington time and chronological placement.,https://clinton.presidentiallibraries.us/items/show/118887,https://clinton.presidentiallibraries.us/files/original/edf02c9df20fc3617fbf9f72312bcedb.pdf,"Source: William J. Clinton Presidential Library, Clinton Digital Library, Declassified Documents, Telcons - Memoranda of Telephone Conversations, Release 2015-0548-M, Item 118887. Secret."
462,Rebalance Coverage,55,1999-04-22,Memcon,Memorandum of Conversation with NATO Secretary General Javier Solana,Crisis Security Files,Include candidate,chronology,late-volume coverage,Verify Washington time and chronological placement.,https://clinton.presidentiallibraries.us/items/show/118886,https://clinton.presidentiallibraries.us/files/original/76744b37fd4e81e9fd84dfca07ee5cd3.pdf,"Source: William J. Clinton Presidential Library, Clinton Digital Library, Declassified Documents, Memcons - Memoranda of Conversation, Release 2015-0548-M, Item 118886. Secret."
463,Rebalance Coverage,55,1999-04-26,Telcon,Memorandum of Telephone Conversation with NATO Secretary General Solana,Crisis Security Files,Include candidate,chronology,late-volume coverage,Verify Washington time and chronological placement.,https://clinton.presidentiallibraries.us/items/show/118884,https://clinton.presidentiallibraries.us/files/original/182b57f9a5b3d92c408be78e034d1de8.pdf,"Source: William J. Clinton Presidential Library, Clinton Digital Library, Declassified Documents, Telcons - Memoranda of Telephone Conversations, Release 2015-0548-M, Item 118884. Confidential."
464,Rebalance Coverage,55,1999-05-05,Memcon,Memorandum of Conversation with Secretary General Solana of NATO,Crisis Security Files,Include candidate,chronology,late-volume coverage,Verify Washington time and chronological placement.,https://clinton.presidentiallibraries.us/items/show/118885,https://clinton.presidentiallibraries.us/files/original/211af0c28d36dacd5ca394e846147219.pdf,"Source: William J. Clinton Presidential Library, Clinton Digital Library, Declassified Documents, Memcons - Memoranda of Conversation, Release 2015-0548-M, Item 118885. Confidential."
465,Rebalance Coverage,55,2000-06-05,Memcon,Memorandum of Conversation - President Leonid Kuchma of Ukraine,Crisis Security Files,Include candidate,chronology,late-volume coverage,Verify Washington time and chronological placement.,https://clinton.presidentiallibraries.us/items/show/101663,https://clinton.presidentiallibraries.us/files/original/7c287496e2d0bdef255b7be9be743cf8.pdf,"Source: William J. Clinton Presidential Library, Clinton Digital Library, Declassified Documents, Memcons - Memoranda of Conversation, Release 2016-0123-M, Item 101663. Secret."
466,Chase Diary Leads,53,1994-04-10,Context,Presidential Daily Diary reference: NATO bombing in Bosnia and Yeltsin conference call,Crisis Security Files,Context candidate,,NATO-Russia thread,"Chase substantive memcon, telcon, briefing book, trip file, or summit file.",https://catalog.archives.gov/id/147870795,https://s3.amazonaws.com/NARAprodstorage/lz/presidential-libraries/clinton/foia/2013/2013-0549-F/42-t-101784486-20130549F-004-003-2018.pdf,"Source: National Archives and Records Administration, National Archives Catalog, Clinton Presidential Records, Presidential Daily Diary, Ellen McCathran Files, Release LPWJC 2013-0549-F, [04/01/1994-04/15/1994], NAID 147870795, Unclassified diary record. Source pages: pages 50 and 53."
467,Chase Diary Leads,53,1995-07-28,Context,Presidential Daily Diary reference: conference call with Boris Yeltsin,Crisis Security Files,Context candidate,,NATO-Russia thread,"Chase substantive memcon, telcon, briefing book, trip file, or summit file.",https://catalog.archives.gov/id/147870839,https://s3.amazonaws.com/NARAprodstorage/lz/presidential-libraries/clinton/foia/2013/2013-0549-F/42-t-101784486-20130549F-006-006-2018.pdf,"Source: National Archives and Records Administration, National Archives Catalog, Clinton Presidential Records, Presidential Daily Diary, Ellen McCathran Files, Release LPWJC 2013-0549-F, [07/01/1995-07/31/1995], NAID 147870839, Unclassified diary record. Source pages: page 50."
468,Chase Diary Leads,53,1995-11-21,Context,"Presidential Daily Diary reference: Dayton conference call with Tudjman, Izetbegovic, Milosevic, and Christopher",Crisis Security Files,Context candidate,,Madrid/accession thread,"Chase substantive memcon, telcon, briefing book, trip file, or summit file.",https://catalog.archives.gov/id/147870847,https://s3.amazonaws.com/NARAprodstorage/lz/presidential-libraries/clinton/foia/2013/2013-0549-F/42-t-101784486-20130549F-006-010-2018.pdf,"Source: National Archives and Records Administration, National Archives Catalog, Clinton Presidential Records, Presidential Daily Diary, Ellen McCathran Files, Release LPWJC 2013-0549-F, [11/01/1995-11/30/1995], NAID 147870847, Unclassified diary record. Source pages: pages 41-42."
469,Chase Diary Leads,51,1993-10-06,Context,Presidential Daily Diary reference: meeting with NATO Secretary General Manfred Woerner,NATO Strategy and Enlargement,Context candidate,,non-crisis lane,"Chase substantive memcon, telcon, briefing book, trip file, or summit file.",https://catalog.archives.gov/id/17368174,https://s3.amazonaws.com/NARAprodstorage/opastorage/live/74/3681/17368174/content/presidential-libraries/clinton/foia/2010-0083-F/2010-0083-F-PDF/Box_001/42-t-7262157-20100083F-001-005-2015.pdf,"Source: National Archives and Records Administration, National Archives Catalog, Clinton Presidential Records, Presidential Daily Diary, Ellen McCathran Files, Release LPWJC 2010-0083-F, [Ellen McCathran - Presidential Daily Diary - Hardcopy 10/6/93; 10/11/93; 10/18/93; 10/26/93; 11/6/93; 11/17/93; 11/18/93; 11/30/93], NAID 17368174, Unclassified diary record. Source pages: page 5."
470,Chase Diary Leads,51,1994-01-03,Context,Presidential Daily Diary reference: NATO Summit preparation meetings,NATO Strategy and Enlargement,Context candidate,,non-crisis lane,"Chase substantive memcon, telcon, briefing book, trip file, or summit file.",https://catalog.archives.gov/id/147870783,https://s3.amazonaws.com/NARAprodstorage/lz/presidential-libraries/clinton/foia/2013/2013-0549-F/42-t-101784486-20130549F-003-006-2018.pdf,"Source: National Archives and Records Administration, National Archives Catalog, Clinton Presidential Records, Presidential Daily Diary, Ellen McCathran Files, Release LPWJC 2013-0549-F, [01/01/1994-01/15/1994], NAID 147870783, Unclassified diary record. Source pages: pages 18 and 21."
471,Chase Diary Leads,51,1995-03-07,Context,Presidential Daily Diary reference: meeting with U.S. and NATO officials,NATO Strategy and Enlargement,Context candidate,,non-crisis lane,"Chase substantive memcon, telcon, briefing book, trip file, or summit file.",https://catalog.archives.gov/id/17368179,https://s3.amazonaws.com/NARAprodstorage/opastorage/live/79/3681/17368179/content/presidential-libraries/clinton/foia/2010-0083-F/2010-0083-F-PDF/Box_001/42-t-7262157-20100083F-001-010-2015.pdf,"Source: National Archives and Records Administration, National Archives Catalog, Clinton Presidential Records, Presidential Daily Diary, Ellen McCathran Files, Release LPWJC 2010-0083-F, [Ellen McCathran - Presidential Daily Diary - Hardcopy  1/9/95; 1/22/95; 1/26/95; 2/4/95; 2/8/95; 3/13/95; 3/13/95], NAID 17368179, Unclassified diary record. Source pages: pages 65 and 70."
472,Chase Diary Leads,45,1998-05-29,Context,Presidential Daily Diary reference: Kosovo meeting with Ibrahim Rugova and Dayton implementation briefing,Crisis Security Files,Context candidate,,late-volume coverage,"Chase substantive memcon, telcon, briefing book, trip file, or summit file.",https://catalog.archives.gov/id/147870917,https://s3.amazonaws.com/NARAprodstorage/lz/presidential-libraries/clinton/foia/2013/2013-0549-F/42-t-101784486-20130549F-009-004-2018.pdf,"Source: National Archives and Records Administration, National Archives Catalog, Clinton Presidential Records, Presidential Daily Diary, Ellen McCathran Files, Release LPWJC 2013-0549-F, [05/16/1998-05/31/1998], NAID 147870917, Unclassified diary record. Source pages: pages 54-55."
473,Chase Diary Leads,45,1998-09-18,Context,Presidential Daily Diary reference: Kosovo meeting with Robert Dole,Crisis Security Files,Context candidate,,late-volume coverage,"Chase substantive memcon, telcon, briefing book, trip file, or summit file.",https://catalog.archives.gov/id/17368189,https://s3.amazonaws.com/NARAprodstorage/opastorage/live/89/3681/17368189/content/presidential-libraries/clinton/foia/2010-0083-F/2010-0083-F-PDF/Box_002/42-t-7262157-20100083F-002-007-2015.pdf,"Source: National Archives and Records Administration, National Archives Catalog, Clinton Presidential Records, Presidential Daily Diary, Ellen McCathran Files, Release LPWJC 2010-0083-F, [Ellen McCathran - Presidential Daily Diary - Hardcopy 7/7/98; 7/17/98; 7/19/98; 7/29/98; 8/1/98; 8/3/98; 8/21/98; 8/30/98; 9/2/98; 9/15/98; 9/18/98; 9/26/98], NAID 17368189, Unclassified diary record. Source pages: page 80."
474,Chase Diary Leads,45,1999-03-23,Context,Presidential Daily Diary reference: Kosovo briefings and congressional meeting,Crisis Security Files,Context candidate,,late-volume coverage,"Chase substantive memcon, telcon, briefing book, trip file, or summit file.",https://catalog.archives.gov/id/147870957,https://s3.amazonaws.com/NARAprodstorage/lz/presidential-libraries/clinton/foia/2013/2013-0549-F/42-t-101784486-20130549F-011-002-2018.pdf,"Source: National Archives and Records Administration, National Archives Catalog, Clinton Presidential Records, Presidential Daily Diary, Ellen McCathran Files, Release LPWJC 2013-0549-F, [03/19/1999-03/31/1999], NAID 147870957, Unclassified diary record. Source pages: pages 26 and 33."
475,Chase Diary Leads,45,1999-03-24,Context,Presidential Daily Diary reference: Kosovo air-strike briefing and statement,Crisis Security Files,Context candidate,,late-volume coverage,"Chase substantive memcon, telcon, briefing book, trip file, or summit file.",https://catalog.archives.gov/id/147870957,https://s3.amazonaws.com/NARAprodstorage/lz/presidential-libraries/clinton/foia/2013/2013-0549-F/42-t-101784486-20130549F-011-002-2018.pdf,"Source: National Archives and Records Administration, National Archives Catalog, Clinton Presidential Records, Presidential Daily Diary, Ellen McCathran Files, Release LPWJC 2013-0549-F, [03/19/1999-03/31/1999], NAID 147870957, Unclassified diary record. Source pages: pages 37-38."
476,Chase Diary Leads,45,1999-04-06,Context,Presidential Daily Diary reference: Kosovo and Balkans briefing,Crisis Security Files,Context candidate,,late-volume coverage,"Chase substantive memcon, telcon, briefing book, trip file, or summit file.",https://catalog.archives.gov/id/17368193,https://s3.amazonaws.com/NARAprodstorage/opastorage/live/93/3681/17368193/content/presidential-libraries/clinton/foia/2010-0083-F/2010-0083-F-PDF/Box_002/42-t-7262157-20100083F-002-010-2015.pdf,"Source: National Archives and Records Administration, National Archives Catalog, Clinton Presidential Records, Presidential Daily Diary, Ellen McCathran Files, Release LPWJC 2010-0083-F, [Ellen McCathran - Presidential Daily Diary - Hardcopy 4/9/99; 4/14/99; 4/27/99; 4/30/99; 5/2/99; 5/20/99; 5/24/99; 5/28/99; 6/2/99; 6/10/99; 6/20/99], NAID 17368193, Unclassified diary record. Source pages: page 4."
477,Chase Diary Leads,45,1999-04-22,Context,Presidential Daily Diary reference: meeting with NATO Secretary General Javier Solana,Crisis Security Files,Context candidate,,late-volume coverage,"Chase substantive memcon, telcon, briefing book, trip file, or summit file.",https://catalog.archives.gov/id/147870961,https://s3.amazonaws.com/NARAprodstorage/lz/presidential-libraries/clinton/foia/2013/2013-0549-F/42-t-101784486-20130549F-011-004-2018.pdf,"Source: National Archives and Records Administration, National Archives Catalog, Clinton Presidential Records, Presidential Daily Diary, Ellen McCathran Files, Release LPWJC 2013-0549-F, [04/18/1999-04/30/1999], NAID 147870961, Unclassified diary record. Source pages: pages 35-36."
478,Chase Diary Leads,45,1999-05-05,Context,Presidential Daily Diary reference: NATO Headquarters visit and allied forces briefing,Crisis Security Files,Context candidate,,late-volume coverage,"Chase substantive memcon, telcon, briefing book, trip file, or summit file.",https://catalog.archives.gov/id/147870963,https://s3.amazonaws.com/NARAprodstorage/lz/presidential-libraries/clinton/foia/2013/2013-0549-F/42-t-101784486-20130549F-011-005-2018.pdf,"Source: National Archives and Records Administration, National Archives Catalog, Clinton Presidential Records, Presidential Daily Diary, Ellen McCathran Files, Release LPWJC 2013-0549-F, [05/01/1999-05/14/1999], NAID 147870963, Unclassified diary record. Source pages: pages 19-24."
479,Chase Diary Leads,45,1999-11-23,Context,"Presidential Daily Diary reference: Kosovo visit, NATO officials, and Kosovar leaders",Crisis Security Files,Context candidate,,late-volume coverage,"Chase substantive memcon, telcon, briefing book, trip file, or summit file.",https://catalog.archives.gov/id/147870989,https://s3.amazonaws.com/NARAprodstorage/lz/presidential-libraries/clinton/foia/2013/2013-0549-F/42-t-101784486-20130549F-012-006-2018.pdf,"Source: National Archives and Records Administration, National Archives Catalog, Clinton Presidential Records, Presidential Daily Diary, Ellen McCathran Files, Release LPWJC 2013-0549-F, [11/20/1999-11/30/1999], NAID 147870989, Unclassified diary record. Source pages: pages 37-43."
480,Fix Source and Declass,45,1993-02-15,Telcon,Memorandum of Telephone Conversation - President Francois Mitterrand of France,Crisis Security Files,Include candidate,chronology,,Verify Washington time and chronological placement.,https://clinton.presidentiallibraries.us/items/show/101348,https://clinton.presidentiallibraries.us/files/original/b229ce8c14cc2ebdcee0053d85f5b044.pdf,"Source: William J. Clinton Presidential Library, Clinton Digital Library, Clinton Presidential Records, Telcons - Memoranda of Telephone Conversation, Release 2015-0774-M, Item 101348. Confidential. Source pages: 3 pages counted."
481,Fix Source and Declass,45,1993-02-23,Memcon,Memorandum of Conversation - Secretary General Boutros Boutros-Ghali of the United Nations,Crisis Security Files,Include candidate,chronology,,Verify Washington time and chronological placement.,https://clinton.presidentiallibraries.us/items/show/118497,https://clinton.presidentiallibraries.us/files/original/0e72cac1e38b09a246280ca0629b188f.pdf,"Source: William J. Clinton Presidential Library, Clinton Digital Library, Declassified Documents, Memcons - Memoranda of Conversation, Release 2016-0933-M, Item 118497. Confidential."
482,Fix Source and Declass,45,1993-03-17,Telcon,Memorandum of Telephone Conversation - President Francois Mitterrand of France,Crisis Security Files,Include candidate,chronology,,Verify Washington time and chronological placement.,https://clinton.presidentiallibraries.us/items/show/101349,https://clinton.presidentiallibraries.us/files/original/334e9c83f263373d7d46131c52da4f6e.pdf,"Source: William J. Clinton Presidential Library, Clinton Digital Library, Declassified Documents, Telcons - Memoranda of Telephone Conversations, Release 2015-0774-M, Item 101349. Confidential."
483,Fix Source and Declass,45,1993-04-14,Memcon,Memorandum of Conversation - Vice President Gore and President Alija Izetbegovic,Crisis Security Files,Include candidate,chronology,,Verify Washington time and chronological placement.,https://clinton.presidentiallibraries.us/items/show/36589,https://clinton.presidentiallibraries.us/files/original/1e07f85597e7a0a171bbd0b1ad67cdf1.pdf,"Source: William J. Clinton Presidential Library, Clinton Digital Library, Clinton Presidential Records, Declassified Documents concerning Bosnia, Release 2011-0964-M, Item 36589. Secret. Extracted from source packet PDF pages 3-7; 5 document pages counted. Review PDF includes a packet annotation sheet."
484,Fix Source and Declass,45,1993-04-20,Telcon,Memorandum of Telephone Conversation - President Francois Mitterrand of France,Crisis Security Files,Include candidate,chronology,,Verify Washington time and chronological placement.,https://clinton.presidentiallibraries.us/items/show/101350,https://clinton.presidentiallibraries.us/files/original/5d531ef1274105f9657199a8a2a3c2ef.pdf,"Source: William J. Clinton Presidential Library, Clinton Digital Library, Clinton Presidential Records, Telcons - Memoranda of Telephone Conversation, Release 2015-0774-M, Item 101350. Confidential. Source pages: 4 pages counted."
485,Fix Source and Declass,45,1993-05-06,Telcon,Memorandum of Telephone Conversation - President Francois Mitterrand of France,Crisis Security Files,Include candidate,chronology,,Verify Washington time and chronological placement.,https://clinton.presidentiallibraries.us/items/show/101351,https://clinton.presidentiallibraries.us/files/original/3dcddfba1080842a98d3c7af6e455ee8.pdf,"Source: William J. Clinton Presidential Library, Clinton Digital Library, Declassified Documents, Telcons - Memoranda of Telephone Conversations, Release 2015-0774-M, Item 101351. Secret."
486,Fix Source and Declass,45,1993-09-08,Memcon,Memorandum of Conversation - President Clinton and President Alija Izetbegovic,Crisis Security Files,Include candidate,chronology,,Verify Washington time and chronological placement.,https://clinton.presidentiallibraries.us/items/show/36589,https://clinton.presidentiallibraries.us/files/original/1e07f85597e7a0a171bbd0b1ad67cdf1.pdf,"Source: William J. Clinton Presidential Library, Clinton Digital Library, Clinton Presidential Records, Declassified Documents concerning Bosnia, Release 2011-0964-M, Item 36589. Secret. Extracted from source packet PDF pages 10-15; 6 document pages counted. Review PDF includes a packet annotation sheet."
487,Fix Source and Declass,45,1994-01-15,Memcon,Memorandum of Conversation - President Otto Stich of Switzerland,Crisis Security Files,Include candidate,chronology,,Verify Washington time and chronological placement.,https://clinton.presidentiallibraries.us/items/show/101396,https://clinton.presidentiallibraries.us/files/original/63f659888b616c4810b985d57888aed3.pdf,"Source: William J. Clinton Presidential Library, Clinton Digital Library, Declassified Documents, Memcons - Memoranda of Conversation, Release LP-WJC/DOS-16-1, Item 101396. Confidential."
488,Fix Source and Declass,45,1994-04-20,Telcon,Memorandum of Telephone Conversation - Prime Minister Jean Chretien of Canada,Crisis Security Files,Include candidate,chronology,,Verify Washington time and chronological placement.,https://clinton.presidentiallibraries.us/items/show/101384,https://clinton.presidentiallibraries.us/files/original/ea81be8195fb6b0d235c200226a74834.pdf,"Source: William J. Clinton Presidential Library, Clinton Digital Library, Declassified Documents, Telcons - Memoranda of Telephone Conversations, Release 2015-0782-M-1, Item 101384. Secret."
489,Fix Source and Declass,45,1994-09-21,Memcon,Memorandum of Conversation - Paris Mayor Jacques Chirac,Crisis Security Files,Include candidate,chronology,,Verify Washington time and chronological placement.,https://clinton.presidentiallibraries.us/items/show/118498,https://clinton.presidentiallibraries.us/files/original/fea3568c2394a8193554764b958f908f.pdf,"Source: William J. Clinton Presidential Library, Clinton Digital Library, Declassified Documents, Memcons - Memoranda of Conversation, Release 2018-0554-M, Item 118498. Confidential."
490,Fix Source and Declass,45,1994-09-25,Memcon,Memorandum of Conversation - President Clinton and President Alija Izetbegovic,Crisis Security Files,Include candidate,chronology,,Verify Washington time and chronological placement.,https://clinton.presidentiallibraries.us/items/show/36589,https://clinton.presidentiallibraries.us/files/original/1e07f85597e7a0a171bbd0b1ad67cdf1.pdf,"Source: William J. Clinton Presidential Library, Clinton Digital Library, Clinton Presidential Records, Declassified Documents concerning Bosnia, Release 2011-0964-M, Item 36589. Extracted from source packet PDF pages 18-25; 8 document pages counted. Review PDF includes a packet annotation sheet. Confidential."
491,Fix Source and Declass,45,1994-09-27,Telcon,Memorandum of Telephone Conversation - President Francois Mitterrand of France,Crisis Security Files,Include candidate,chronology,,Verify Washington time and chronological placement.,https://clinton.presidentiallibraries.us/items/show/101399,https://clinton.presidentiallibraries.us/files/original/d6c55e81db18d4034c9cee4ce7efbdee.pdf,"Source: William J. Clinton Presidential Library, Clinton Digital Library, Declassified Documents, Telcons - Memoranda of Telephone Conversations, Release 2015-0774-M, Item 101399. Confidential."
492,Fix Source and Declass,45,1994-11-23,Telcon,Memorandum of Telephone Conversation - President Francois Mitterrand of France,Crisis Security Files,Include candidate,chronology,,Verify Washington time and chronological placement.,https://clinton.presidentiallibraries.us/items/show/101400,https://clinton.presidentiallibraries.us/files/original/f73c20558bec1e770064d699603c9048.pdf,"Source: William J. Clinton Presidential Library, Clinton Digital Library, Declassified Documents, Telcons - Memoranda of Telephone Conversations, Release 2015-0774-M, Item 101400. Confidential."
493,Fix Source and Declass,45,1994-11-24,Telcon,Memorandum of Telephone Conversation - President Francois Mitterrand of France,Crisis Security Files,Include candidate,chronology,,Verify Washington time and chronological placement.,https://clinton.presidentiallibraries.us/items/show/101401,https://clinton.presidentiallibraries.us/files/original/99c05f9dea9e28dbf4866809790da0f2.pdf,"Source: William J. Clinton Presidential Library, Clinton Digital Library, Declassified Documents, Telcons - Memoranda of Telephone Conversations, Release 2015-0774-M, Item 101401. Confidential."
494,Fix Source and Declass,45,1994-12-05,Memcon,Memorandum of Conversation - Presidents Izetbegovic and Tudjman,Crisis Security Files,Include candidate,chronology,,Verify Washington time and chronological placement.,https://clinton.presidentiallibraries.us/items/show/36589,https://clinton.presidentiallibraries.us/files/original/1e07f85597e7a0a171bbd0b1ad67cdf1.pdf,"Source: William J. Clinton Presidential Library, Clinton Digital Library, Clinton Presidential Records, Declassified Documents concerning Bosnia, Release 2011-0964-M, Item 36589. Confidential. Extracted from source packet PDF pages 27-29; 3 document pages counted. Review PDF includes a packet annotation sheet."
495,Fix Source and Declass,45,1995-03-07,Memcon,Memorandum of Conversation - NATO Secretary General Willy Claes,Crisis Security Files,Include candidate,chronology,,Verify Washington time and chronological placement.,https://clinton.presidentiallibraries.us/items/show/101431,https://clinton.presidentiallibraries.us/files/original/d0ded4f90ac23c43251c708836610931.pdf,"Source: William J. Clinton Presidential Library, Clinton Digital Library, Clinton Presidential Records, Memcons - Memoranda of Conversation, Release 2015-0755-M, Item 101431. Secret. Source pages: 6 pages counted."
496,Fix Source and Declass,45,1995-04-04,Memcon,Memorandum of Conversation - Prime Minister John Major of the United Kingdom,Crisis Security Files,Include candidate,chronology,,Verify Washington time and chronological placement.,https://clinton.presidentiallibraries.us/items/show/101436,https://clinton.presidentiallibraries.us/files/original/1a435ca8beac29930ce93b4f4c697757.pdf,"Source: William J. Clinton Presidential Library, Clinton Digital Library, Clinton Presidential Records, Memcons - Memoranda of Conversation, Release 2012-0801-M, Item 101436. Confidential. Source pages: 15 pages counted."
497,Fix Source and Declass,45,1995-05-27,Telcon,Memorandum of Telephone Conversation - President Jacques Chirac of France,Crisis Security Files,Include candidate,chronology,,Verify Washington time and chronological placement.,https://clinton.presidentiallibraries.us/items/show/118528,https://clinton.presidentiallibraries.us/files/original/81dee7e4a731a49f1609b7bde7c782b8.pdf,"Source: William J. Clinton Presidential Library, Clinton Digital Library, Clinton Presidential Records, Telcons - Memoranda of Telephone Conversation, Release 2017-0775-M, Item 118528. Confidential. Source pages: 4 pages counted."
498,Fix Source and Declass,45,1995-06-14,Memcon,Memorandum of Conversation - President Jacques Chirac of France,Crisis Security Files,Include candidate,chronology,,Verify Washington time and chronological placement.,https://clinton.presidentiallibraries.us/items/show/101402,https://clinton.presidentiallibraries.us/files/original/9554ae2a65c3b9422bbbb0b3c8d0db66.pdf,"Source: William J. Clinton Presidential Library, Clinton Digital Library, Clinton Presidential Records, Memcons - Memoranda of Conversation, Release 2013-0517-M, Item 101402. Confidential. Source pages: 10 pages counted."
499,Fix Source and Declass,45,1995-06-16,Memcon,Memorandum of Conversation - Prime Minister John Major of the United Kingdom,Crisis Security Files,Include candidate,chronology,,Verify Washington time and chronological placement.,https://clinton.presidentiallibraries.us/items/show/101439,https://clinton.presidentiallibraries.us/files/original/b50fb932aee0c34e21229c106451da34.pdf,"Source: William J. Clinton Presidential Library, Clinton Digital Library, Clinton Presidential Records, Memcons - Memoranda of Conversation, Release 2012-0801-M, Item 101439. Confidential. Source pages: 3 pages counted."
500,Fix Source and Declass,45,1995-07-13,Telcon,Memorandum of Telephone Conversation - Chancellor Helmut Kohl of Germany,Crisis Security Files,Include candidate,chronology,,Verify Washington time and chronological placement.,https://clinton.presidentiallibraries.us/items/show/101088,https://clinton.presidentiallibraries.us/files/original/9a9ec5fd06f06d2069a286cf7c02fc03.pdf,"Source: William J. Clinton Presidential Library, Clinton Digital Library, Clinton Presidential Records, Declassified documents concerning Bosnia, Release 2013-0517-M, Item 101088. Extracted from source packet PDF pages 35-37; 3 document pages counted. Review PDF includes a packet annotation sheet. Confidential."
501,Fix Source and Declass,45,1995-07-13,Telcon,Memorandum of Telephone Conversation - President Jacques Chirac of France,Crisis Security Files,Include candidate,chronology,,Verify Washington time and chronological placement.,https://clinton.presidentiallibraries.us/items/show/101088,https://clinton.presidentiallibraries.us/files/original/9a9ec5fd06f06d2069a286cf7c02fc03.pdf,"Source: William J. Clinton Presidential Library, Clinton Digital Library, Clinton Presidential Records, Declassified documents concerning Bosnia, Release 2013-0517-M, Item 101088. Confidential. Extracted from source packet PDF pages 51-55; 5 document pages counted. Review PDF includes a packet annotation sheet."
502,Fix Source and Declass,45,1995-07-19,Telcon,Memorandum of Telephone Conversation - President Jacques Chirac of France,Crisis Security Files,Include candidate,chronology,,Verify Washington time and chronological placement.,https://clinton.presidentiallibraries.us/items/show/101088,https://clinton.presidentiallibraries.us/files/original/9a9ec5fd06f06d2069a286cf7c02fc03.pdf,"Source: William J. Clinton Presidential Library, Clinton Digital Library, Clinton Presidential Records, Declassified documents concerning Bosnia, Release 2013-0517-M, Item 101088. Confidential. Extracted from source packet PDF pages 66-71; 6 document pages counted. Review PDF includes a packet annotation sheet."
503,Fix Source and Declass,45,1995-07-19,Telcon,Memorandum of Telephone Conversation - Prime Minister John Major of the United Kingdom,Crisis Security Files,Include candidate,chronology,,Verify Washington time and chronological placement.,https://clinton.presidentiallibraries.us/items/show/101088,https://clinton.presidentiallibraries.us/files/original/9a9ec5fd06f06d2069a286cf7c02fc03.pdf,"Source: William J. Clinton Presidential Library, Clinton Digital Library, Clinton Presidential Records, Declassified documents concerning Bosnia, Release 2013-0517-M, Item 101088. Secret. Extracted from source packet PDF pages 76-83; 8 document pages counted. Review PDF includes a packet annotation sheet."
504,Fix Source and Declass,45,1995-07-19,Telcon,Memorandum of Telephone Conversation - Secretary Christopher and Foreign Minister de Charette,Crisis Security Files,Include candidate,chronology,,Verify Washington time and chronological placement.,https://clinton.presidentiallibraries.us/items/show/101088,https://clinton.presidentiallibraries.us/files/original/9a9ec5fd06f06d2069a286cf7c02fc03.pdf,"Source: William J. Clinton Presidential Library, Clinton Digital Library, Clinton Presidential Records, Declassified documents concerning Bosnia, Release 2013-0517-M, Item 101088. Secret. Extracted from source packet PDF pages 2-4; 3 document pages counted. Review PDF includes a packet annotation sheet."
505,Fix Source and Declass,45,1995-07-20,Telcon,Memorandum of Telephone Conversation - President Clinton and President Alija Izetbegovic,Crisis Security Files,Include candidate,chronology,,Verify Washington time and chronological placement.,https://clinton.presidentiallibraries.us/items/show/36589,https://clinton.presidentiallibraries.us/files/original/1e07f85597e7a0a171bbd0b1ad67cdf1.pdf,"Source: William J. Clinton Presidential Library, Clinton Digital Library, Clinton Presidential Records, Declassified Documents concerning Bosnia, Release 2011-0964-M, Item 36589. Extracted from source packet PDF pages 32-34; 3 document pages counted. Review PDF includes a packet annotation sheet. Confidential."
506,Fix Source and Declass,45,1995-07-20,Telcon,Memorandum of Telephone Conversation - President Jacques Chirac of France,Crisis Security Files,Include candidate,chronology,,Verify Washington time and chronological placement.,https://clinton.presidentiallibraries.us/items/show/101088,https://clinton.presidentiallibraries.us/files/original/9a9ec5fd06f06d2069a286cf7c02fc03.pdf,"Source: William J. Clinton Presidential Library, Clinton Digital Library, Clinton Presidential Records, Declassified documents concerning Bosnia, Release 2013-0517-M, Item 101088. Confidential. Extracted from source packet PDF pages 93-95; 3 document pages counted. Review PDF includes a packet annotation sheet."
507,Fix Source and Declass,45,1995-07-24,Telcon,Memorandum of Telephone Conversation - President Jacques Chirac of France,Crisis Security Files,Include candidate,chronology,,Verify Washington time and chronological placement.,https://clinton.presidentiallibraries.us/items/show/118529,https://clinton.presidentiallibraries.us/files/original/8c1594df3181403f8ae652dad9856ddf.pdf,"Source: William J. Clinton Presidential Library, Clinton Digital Library, Declassified Documents, Telcons - Memoranda of Telephone Conversations, Release 2017-0775-M, Item 118529. Confidential."
508,Fix Source and Declass,45,1995-08-07,Telcon,Memorandum of Telephone Conversation - President Jacques Chirac of France,Crisis Security Files,Include candidate,chronology,,Verify Washington time and chronological placement.,https://clinton.presidentiallibraries.us/items/show/118530,https://clinton.presidentiallibraries.us/files/original/cc683224fd33203efd308e802bcaa400.pdf,"Source: William J. Clinton Presidential Library, Clinton Digital Library, Clinton Presidential Records, Telcons - Memoranda of Telephone Conversation, Release 2017-0775-M, Item 118530. Confidential. Source pages: 3 pages counted."
509,Fix Source and Declass,45,1995-12-14,Memcon,Memorandum of Conversation - President Jacques Chirac of France,Crisis Security Files,Include candidate,chronology,,Verify Washington time and chronological placement.,https://clinton.presidentiallibraries.us/items/show/118556,https://clinton.presidentiallibraries.us/files/original/28b500a860ad0aecee40dd23978f6a85.pdf,"Source: William J. Clinton Presidential Library, Clinton Digital Library, Clinton Presidential Records, Memcons - Memoranda of Conversation, Release 2017-0775-M, Item 118556. No classification marking. Source pages: 6 pages counted."
510,Fix Source and Declass,45,1995-12-14,Memcon,Memorandum of Conversation - Pull-Aside with President Alija Izetbegovic,Crisis Security Files,Include candidate,chronology,,Verify Washington time and chronological placement.,https://clinton.presidentiallibraries.us/items/show/36589,https://clinton.presidentiallibraries.us/files/original/1e07f85597e7a0a171bbd0b1ad67cdf1.pdf,"Source: William J. Clinton Presidential Library, Clinton Digital Library, Clinton Presidential Records, Declassified Documents concerning Bosnia, Release 2011-0964-M, Item 36589. Confidential. Extracted from source packet PDF pages 55-57; 3 document pages counted. Review PDF includes a packet annotation sheet."
511,Fix Source and Declass,45,1995-12-14,Memcon,Memorandum of Conversation - Pull-Aside with President Franjo Tudjman,Crisis Security Files,Include candidate,chronology,,Verify Washington time and chronological placement.,https://clinton.presidentiallibraries.us/items/show/36589,https://clinton.presidentiallibraries.us/files/original/1e07f85597e7a0a171bbd0b1ad67cdf1.pdf,"Source: William J. Clinton Presidential Library, Clinton Digital Library, Clinton Presidential Records, Declassified Documents concerning Bosnia, Release 2011-0964-M, Item 36589. Confidential. Extracted from source packet PDF pages 52-53; 2 document pages counted. Review PDF includes a packet annotation sheet."
512,Fix Source and Declass,45,1995-12-14,Memcon,Memorandum of Conversation - Pull-Aside with President Slobodan Milosevic,Crisis Security Files,Include candidate,chronology,,Verify Washington time and chronological placement.,https://clinton.presidentiallibraries.us/items/show/36589,https://clinton.presidentiallibraries.us/files/original/1e07f85597e7a0a171bbd0b1ad67cdf1.pdf,"Source: William J. Clinton Presidential Library, Clinton Digital Library, Clinton Presidential Records, Declassified Documents concerning Bosnia, Release 2011-0964-M, Item 36589. Confidential. Extracted from source packet PDF pages 59-61; 3 document pages counted. Review PDF includes a packet annotation sheet."
513,Fix Source and Declass,45,1995-12-14,Memcon,"Memorandum of Conversation - Quadrilateral Meeting with Tudjman, Izetbegovic, and Milosevic",Crisis Security Files,Include candidate,chronology,,Verify Washington time and chronological placement.,https://clinton.presidentiallibraries.us/items/show/36589,https://clinton.presidentiallibraries.us/files/original/1e07f85597e7a0a171bbd0b1ad67cdf1.pdf,"Source: William J. Clinton Presidential Library, Clinton Digital Library, Clinton Presidential Records, Declassified Documents concerning Bosnia, Release 2011-0964-M, Item 36589. Confidential. Extracted from source packet PDF pages 47-50; 4 document pages counted. Review PDF includes a packet annotation sheet."
514,Fix Source and Declass,45,1995-12-29,Telcon,Memorandum of Telephone Conversation with Prime Minister Gonzalez of Spain,Crisis Security Files,Include candidate,chronology,,Verify Washington time and chronological placement.,https://clinton.presidentiallibraries.us/items/show/118882,https://clinton.presidentiallibraries.us/files/original/ae9e3a0518a1b5a26c056728119ef124.pdf,"Source: William J. Clinton Presidential Library, Clinton Digital Library, Declassified Documents, Telcons - Memoranda of Telephone Conversations, Release 2015-0548-M, Item 118882. Confidential."
515,Fix Source and Declass,45,1996-01-12,Telcon,Memorandum of Telephone Conversation with NATO Secretary General Javier Solana,Crisis Security Files,Include candidate,chronology,,Verify Washington time and chronological placement.,https://clinton.presidentiallibraries.us/items/show/118893,https://clinton.presidentiallibraries.us/files/original/f8b6890c6d7dfef3a11f9ca3a7c5cbe8.pdf,"Source: William J. Clinton Presidential Library, Clinton Digital Library, Declassified Documents, Telcons - Memoranda of Telephone Conversations, Release 2015-0548-M, Item 118893. Confidential."
516,Fix Source and Declass,45,1996-02-01,Memcon,Memorandum of Conversation - President Jacques Chirac of France,Crisis Security Files,Include candidate,chronology,,Verify Washington time and chronological placement.,https://clinton.presidentiallibraries.us/items/show/118557,https://clinton.presidentiallibraries.us/files/original/68af641d3dc8eaa3c5cc901c5e408010.pdf,"Source: William J. Clinton Presidential Library, Clinton Digital Library, Declassified Documents, Memcons - Memoranda of Conversation, Release 2017-0775-M, Item 118557. Confidential."
517,Fix Source and Declass,45,1996-02-20,Memcon,Memorandum of Conversation with NATO Secretary General Javier Solana,Crisis Security Files,Include candidate,chronology,,Verify Washington time and chronological placement.,https://clinton.presidentiallibraries.us/items/show/118892,https://clinton.presidentiallibraries.us/files/original/117489cc862f24878cd36e7bb915cb76.pdf,"Source: William J. Clinton Presidential Library, Clinton Digital Library, Declassified Documents, Memcons - Memoranda of Conversation, Release 2015-0548-M, Item 118892. Confidential."
518,Fix Source and Declass,45,1996-07-27,Memcon,Memorandum of Conversation - President Jacques Chirac of France,Crisis Security Files,Include candidate,chronology,,Verify Washington time and chronological placement.,https://clinton.presidentiallibraries.us/items/show/118559,https://clinton.presidentiallibraries.us/files/original/7f7c0abad83939010beb7d34b1acaba1.pdf,"Source: William J. Clinton Presidential Library, Clinton Digital Library, Declassified Documents, Memcons - Memoranda of Conversation, Release 2017-0775-M, Item 118559. Confidential."
519,Chase Diary Leads,35,1994-02-19,Context,Presidential Daily Diary reference: Bosnia briefing with administration officials,Crisis Security Files,Context candidate,,,"Chase substantive memcon, telcon, briefing book, trip file, or summit file.",https://catalog.archives.gov/id/147870789,https://s3.amazonaws.com/NARAprodstorage/lz/presidential-libraries/clinton/foia/2013/2013-0549-F/42-t-101784486-20130549F-003-009-2018.pdf,"Source: National Archives and Records Administration, National Archives Catalog, Clinton Presidential Records, Presidential Daily Diary, Ellen McCathran Files, Release LPWJC 2013-0549-F, [02/14/1994-02/28/1994], NAID 147870789, Unclassified diary record. Source pages: pages 53 and 58."
520,Chase Diary Leads,35,1994-02-20,Context,Presidential Daily Diary reference: Bosnia calls with Woerner and Mitterrand,Crisis Security Files,Context candidate,,,"Chase substantive memcon, telcon, briefing book, trip file, or summit file.",https://catalog.archives.gov/id/147870789,https://s3.amazonaws.com/NARAprodstorage/lz/presidential-libraries/clinton/foia/2013/2013-0549-F/42-t-101784486-20130549F-003-009-2018.pdf,"Source: National Archives and Records Administration, National Archives Catalog, Clinton Presidential Records, Presidential Daily Diary, Ellen McCathran Files, Release LPWJC 2013-0549-F, [02/14/1994-02/28/1994], NAID 147870789, Unclassified diary record. Source pages: pages 62-63."
521,Chase Diary Leads,35,1994-02-21,Context,Presidential Daily Diary reference: Bosnia and Sarajevo meeting and NATO-action statement,Crisis Security Files,Context candidate,,,"Chase substantive memcon, telcon, briefing book, trip file, or summit file.",https://catalog.archives.gov/id/147870789,https://s3.amazonaws.com/NARAprodstorage/lz/presidential-libraries/clinton/foia/2013/2013-0549-F/42-t-101784486-20130549F-003-009-2018.pdf,"Source: National Archives and Records Administration, National Archives Catalog, Clinton Presidential Records, Presidential Daily Diary, Ellen McCathran Files, Release LPWJC 2013-0549-F, [02/14/1994-02/28/1994], NAID 147870789, Unclassified diary record. Source pages: page 67."
522,Chase Diary Leads,35,1995-11-20,Context,Presidential Daily Diary reference: Dayton calls with Christopher and Tudjman,Crisis Security Files,Context candidate,,,"Chase substantive memcon, telcon, briefing book, trip file, or summit file.",https://catalog.archives.gov/id/147870847,https://s3.amazonaws.com/NARAprodstorage/lz/presidential-libraries/clinton/foia/2013/2013-0549-F/42-t-101784486-20130549F-006-010-2018.pdf,"Source: National Archives and Records Administration, National Archives Catalog, Clinton Presidential Records, Presidential Daily Diary, Ellen McCathran Files, Release LPWJC 2013-0549-F, [11/01/1995-11/30/1995], NAID 147870847, Unclassified diary record. Source pages: pages 38-40."
523,Chase Diary Leads,35,1996-01-12,Context,Presidential Daily Diary reference: secure voice call with NATO Secretary General Javier Solana,Crisis Security Files,Context candidate,,,"Chase substantive memcon, telcon, briefing book, trip file, or summit file.",https://catalog.archives.gov/id/147870851,https://s3.amazonaws.com/NARAprodstorage/lz/presidential-libraries/clinton/foia/2013/2013-0549-F/42-t-101784486-20130549F-006-012-2018.pdf,"Source: National Archives and Records Administration, National Archives Catalog, Clinton Presidential Records, Presidential Daily Diary, Ellen McCathran Files, Release LPWJC 2013-0549-F, [01/01/1996-01/31/1996], NAID 147870851, Unclassified diary record. Source pages: page 21."
524,Chase Diary Leads,35,1996-01-13,Context,Presidential Daily Diary reference: call with Slobodan Milosevic,Crisis Security Files,Context candidate,,,"Chase substantive memcon, telcon, briefing book, trip file, or summit file.",https://catalog.archives.gov/id/147870851,https://s3.amazonaws.com/NARAprodstorage/lz/presidential-libraries/clinton/foia/2013/2013-0549-F/42-t-101784486-20130549F-006-012-2018.pdf,"Source: National Archives and Records Administration, National Archives Catalog, Clinton Presidential Records, Presidential Daily Diary, Ellen McCathran Files, Release LPWJC 2013-0549-F, [01/01/1996-01/31/1996], NAID 147870851, Unclassified diary record. Source pages: page 22."
