promotion_order,priority_batch,scout_top_40_rank,source_triage_rank,record_id,score,source_type,sort_date,title,chapter,selection_decision,source_name,source_path,coverage_status,coverage_targets,coverage_target_ids,hard_gap_triage_order,hard_gap_promotion_lane,hard_gap_direct_credit,hard_gap_decision,hard_gap_blocking_issue,source_ready,promotion_gate,next_action,catalog_url,pdf_url,source_note_draft,inspection_status,actual_document_date,document_page_span,markings_verified,source_note_verified,promoted_record_id,compiler_decision,compiler_notes
1,Gap-first Scout/Catalog extractions,1,,nara-scout-147873129,185,Scout Lead,1994-01-01,CSCE [Conference on Security and Cooperation in Europe] December 1994 [1],European Security Architecture,Context candidate,National Archives Catalog,National Archives Catalog / Records of the National Security Council Executive Secretary (Clinton Administration) / William Itoh's Files / CSCE [Conference on Security and Cooperation in Europe] December 1994 [1] / NAID 147873129,direct-document gap,OSCE and CSCE (direct-document gap),osce_csce,,,,,,,file-unit extraction,"Open catalog PDF first; extract document-level item(s) that directly address the coverage gap with actual date, page span, markings, and source path.",https://catalog.archives.gov/id/147873129,https://s3.amazonaws.com/NARAprodstorage/lz/presidential-libraries/clinton/foia/2014/2014-0846-F/42-t-7585511-20140846F-001-013-2019.pdf,"Source: National Archives and Records Administration, National Archives Catalog, Records of the National Security Council Executive Secretary (Clinton Administration), William Itoh's Files, CSCE [Conference on Security and Cooperation in Europe] December 1994 [1], NAID 147873129.",,,,,,,,
2,Gap-first Scout/Catalog extractions,2,,nara-scout-147873131,185,Scout Lead,1994-01-01,CSCE [Conference on Security and Cooperation in Europe] December 1994 [2],European Security Architecture,Context candidate,National Archives Catalog,National Archives Catalog / Records of the National Security Council Executive Secretary (Clinton Administration) / William Itoh's Files / CSCE [Conference on Security and Cooperation in Europe] December 1994 [2] / NAID 147873131,direct-document gap,OSCE and CSCE (direct-document gap),osce_csce,,,,,,,file-unit extraction,"Open catalog PDF first; extract document-level item(s) that directly address the coverage gap with actual date, page span, markings, and source path.",https://catalog.archives.gov/id/147873131,https://s3.amazonaws.com/NARAprodstorage/lz/presidential-libraries/clinton/foia/2014/2014-0846-F/42-t-7585511-20140846F-002-001-2019.pdf,"Source: National Archives and Records Administration, National Archives Catalog, Records of the National Security Council Executive Secretary (Clinton Administration), William Itoh's Files, CSCE [Conference on Security and Cooperation in Europe] December 1994 [2], NAID 147873131.",,,,,,,,
3,Gap-first Scout/Catalog extractions,3,,nara-scout-147873137,185,Scout Lead,1994-01-01,CSCE [Conference on Security and Cooperation in Europe] December 1994 [5],European Security Architecture,Context candidate,National Archives Catalog,National Archives Catalog / Records of the National Security Council Executive Secretary (Clinton Administration) / William Itoh's Files / CSCE [Conference on Security and Cooperation in Europe] December 1994 [5] / NAID 147873137,direct-document gap,OSCE and CSCE (direct-document gap),osce_csce,,,,,,,file-unit extraction,"Open catalog PDF first; extract document-level item(s) that directly address the coverage gap with actual date, page span, markings, and source path.",https://catalog.archives.gov/id/147873137,https://s3.amazonaws.com/NARAprodstorage/lz/presidential-libraries/clinton/foia/2014/2014-0846-F/42-t-7585511-20140846F-002-004-2019.pdf,"Source: National Archives and Records Administration, National Archives Catalog, Records of the National Security Council Executive Secretary (Clinton Administration), William Itoh's Files, CSCE [Conference on Security and Cooperation in Europe] December 1994 [5], NAID 147873137.",,,,,,,,
4,Gap-first Scout/Catalog extractions,4,,nara-scout-147873127,185,Scout Lead,1994-01-01,CSCE [Conference on Security and Cooperation in Europe]1994,European Security Architecture,Context candidate,National Archives Catalog,National Archives Catalog / Records of the National Security Council Executive Secretary (Clinton Administration) / Executive Secretary's Subject Files / CSCE [Conference on Security and Cooperation in Europe]1994 / NAID 147873127,direct-document gap,OSCE and CSCE (direct-document gap),osce_csce,,,,,,,file-unit extraction,"Open catalog PDF first; extract document-level item(s) that directly address the coverage gap with actual date, page span, markings, and source path.",https://catalog.archives.gov/id/147873127,https://s3.amazonaws.com/NARAprodstorage/lz/presidential-libraries/clinton/foia/2014/2014-0846-F/42-t-7585504-20140846F-001-012-2019.pdf,"Source: National Archives and Records Administration, National Archives Catalog, Records of the National Security Council Executive Secretary (Clinton Administration), Executive Secretary's Subject Files, CSCE [Conference on Security and Cooperation in Europe]1994, NAID 147873127.",,,,,,,,
5,Gap-first Scout/Catalog extractions,5,,nara-7388808-368557013,181,Scout Lead,1994-01-01,"Briefing Books - POTUS Trip to Prague, Czech Republic, January 11-12, 1994",NATO Strategy and Enlargement,Pending,National Archives Catalog,"National Archives Catalog / Briefing Books - POTUS Trip to Prague, Czech Republic, January 11-12, 1994 / NAID 368557013",direct-document gap,"NATO enlargement, Madrid, accession, and ratification (direct-document gap); Czech Republic (covered for triage)",enlargement; czech_republic,,,,,,,file-unit extraction,"Open catalog PDF first; extract document-level item(s) that directly address the coverage gap with actual date, page span, markings, and source path.",https://catalog.archives.gov/id/368557013,https://s3.us-east-1.amazonaws.com/NARAprodstorage/lz/presidential-libraries/clinton/7585709/7585709-20170413F-002-008-2024.pdf,"Source: National Archives and Records Administration, National Archives Catalog, Briefing Books - POTUS Trip to Prague, Czech Republic, January 11-12, 1994, NAID 368557013.",,,,,,,,
6,Gap-first Scout/Catalog extractions,6,,nara-7388808-147873393,177,Scout Lead,1993-01-01,"DC 0145 DC Meeting Regarding Conference on Security and Cooperation in Europe/CSCE/Summit in Budapest, 5 December 199",European Security Architecture,Pending,National Archives Catalog,"National Archives Catalog / DC 0145 DC Meeting Regarding Conference on Security and Cooperation in Europe/CSCE/Summit in Budapest, 5 December 199 / NAID 147873393",direct-document gap,OSCE and CSCE (direct-document gap),osce_csce,,,,,,,file-unit extraction,"Open catalog PDF first; extract document-level item(s) that directly address the coverage gap with actual date, page span, markings, and source path.",https://catalog.archives.gov/id/147873393,https://s3.amazonaws.com/NARAprodstorage/lz/presidential-libraries/clinton/foia/2014/2014-0846-F/42-t-7585724-20140846F-003-001-2019.pdf,"Source: National Archives and Records Administration, National Archives Catalog, DC 0145 DC Meeting Regarding Conference on Security and Cooperation in Europe/CSCE/Summit in Budapest, 5 December 199, NAID 147873393.",,,,,,,,
7,Gap-first Scout/Catalog extractions,7,,nara-scout-147873133,169,Scout Lead,1994-01-01,CSCE [Conference on Security and Cooperation in Europe] December 1994 [3],Crisis Security Files,Context candidate,National Archives Catalog,National Archives Catalog / Records of the National Security Council Executive Secretary (Clinton Administration) / William Itoh's Files / CSCE [Conference on Security and Cooperation in Europe] December 1994 [3] / NAID 147873133,direct-document gap,OSCE and CSCE (direct-document gap),osce_csce,,,,,,,file-unit extraction,"Open catalog PDF first; extract document-level item(s) that directly address the coverage gap with actual date, page span, markings, and source path.",https://catalog.archives.gov/id/147873133,https://s3.amazonaws.com/NARAprodstorage/lz/presidential-libraries/clinton/foia/2014/2014-0846-F/42-t-7585511-20140846F-002-002-2019.pdf,"Source: National Archives and Records Administration, National Archives Catalog, Records of the National Security Council Executive Secretary (Clinton Administration), William Itoh's Files, CSCE [Conference on Security and Cooperation in Europe] December 1994 [3], NAID 147873133.",,,,,,,,
8,Gap-first Scout/Catalog extractions,8,,nara-scout-147873135,169,Scout Lead,1994-01-01,CSCE [Conference on Security and Cooperation in Europe] December 1994 [4],Crisis Security Files,Context candidate,National Archives Catalog,National Archives Catalog / Records of the National Security Council Executive Secretary (Clinton Administration) / William Itoh's Files / CSCE [Conference on Security and Cooperation in Europe] December 1994 [4] / NAID 147873135,direct-document gap,OSCE and CSCE (direct-document gap),osce_csce,,,,,,,file-unit extraction,"Open catalog PDF first; extract document-level item(s) that directly address the coverage gap with actual date, page span, markings, and source path.",https://catalog.archives.gov/id/147873135,https://s3.amazonaws.com/NARAprodstorage/lz/presidential-libraries/clinton/foia/2014/2014-0846-F/42-t-7585511-20140846F-002-003-2019.pdf,"Source: National Archives and Records Administration, National Archives Catalog, Records of the National Security Council Executive Secretary (Clinton Administration), William Itoh's Files, CSCE [Conference on Security and Cooperation in Europe] December 1994 [4], NAID 147873135.",,,,,,,,
9,Gap-first Scout/Catalog extractions,9,,nara-scout-40482313,165,Scout Lead,1993-01-01,Bosnia - CSCE [Council on Security and Cooperation in Europe],Crisis Security Files,Pending,National Archives Catalog,National Archives Catalog / Records of the National Security Council European Affairs Office (Clinton Administration) / Jane Holl's Files / Bosnia - CSCE [Council on Security and Cooperation in Europe] / NAID 40482313,direct-document gap,"OSCE and CSCE (direct-document gap); Bosnia, Dayton, IFOR, and SFOR (overweight)",osce_csce; bosnia_ifor_sfor,,,,,,,file-unit extraction,"Open catalog PDF first; extract document-level item(s) that directly address the coverage gap with actual date, page span, markings, and source path.",https://catalog.archives.gov/id/40482313,https://s3.amazonaws.com/NARAprodstorage/opastorage/live/13/4823/40482313/content/presidential-libraries/clinton/foia/2008/2008-0994-F/2008-0994-F-Bosnia-JPG/Box_005/42-t-7585484-20080994F-005-006-2016/42_t_7585484_20080994F_005_006_2016_Page_001.JPG,"Source: National Archives and Records Administration, National Archives Catalog, Records of the National Security Council European Affairs Office (Clinton Administration), Jane Holl's Files, Bosnia - CSCE [Council on Security and Cooperation in Europe], NAID 40482313.",,,,,,,,
10,Gap-first Scout/Catalog extractions,10,,nara-scout-23901923,140,Scout Lead,1993-01-01,Latvia: Russia-Latvia [1],NATO-Russia and Partnership,Context candidate,National Archives Catalog,National Archives Catalog / Records of the National Security Council European Affairs Office (Clinton Administration) / Richard Norland's Files / Latvia: Russia-Latvia [1] / NAID 23901923,covered for triage,Russia and NATO-Russia negotiations (covered for triage),russia,,,,,,,file-unit extraction,"Inspect digital object and promote only specific document-level items with dates, page spans, markings, and source path.",https://catalog.archives.gov/id/23901923,https://s3.us-east-1.amazonaws.com/NARAprodstorage/lz/presidential-libraries/clinton/wjc-nscea/7585493/42-t-7585493-20111037F-008-006-2015.pdf,"Source: National Archives and Records Administration, National Archives Catalog, Records of the National Security Council European Affairs Office (Clinton Administration), Richard Norland's Files, Latvia: Russia-Latvia [1], NAID 23901923.",,,,,,,,
11,Gap-first Scout/Catalog extractions,11,,nara-scout-23901636,126,Scout Lead,2000-01-01,"Estonia - Meeting with Minister of Defense Juri Luik, March 9, 2000",NATO-Russia and Partnership,Pending,National Archives Catalog,"National Archives Catalog / Records of the National Security Council European Affairs Office (Clinton Administration) / Antony Blinken's Files / Estonia - Meeting with Minister of Defense Juri Luik, March 9, 2000 / NAID 23901636",,,,,,,,,,file-unit extraction,"Inspect digital object and promote only specific document-level items with dates, page spans, markings, and source path.",https://catalog.archives.gov/id/23901636,https://s3.amazonaws.com/NARAprodstorage/opastorage/live/36/9016/23901636/content/presidential-libraries/clinton/foia/2011-1036-F/2011-1036-F-JPG/Box_004/42-t-7585471-20111036F-004-006-2015/42_t_7585471_20111036F_004_006_2015_Page_001.JPG,"Source: National Archives and Records Administration, National Archives Catalog, Records of the National Security Council European Affairs Office (Clinton Administration), Antony Blinken's Files, Estonia - Meeting with Minister of Defense Juri Luik, March 9, 2000, NAID 23901636.",,,,,,,,
12,Gap-first Scout/Catalog extractions,12,,nara-scout-23902170,126,Scout Lead,2000-01-01,"Lithuania - Meeting with Deputy Foreign Minister Usackas, November 13, 2000",NATO Strategy and Enlargement,Pending,National Archives Catalog,"National Archives Catalog / Records of the National Security Council European Affairs Office (Clinton Administration) / Antony Blinken's Files / Lithuania - Meeting with Deputy Foreign Minister Usackas, November 13, 2000 / NAID 23902170",,,,,,,,,,file-unit extraction,"Inspect digital object and promote only specific document-level items with dates, page spans, markings, and source path.",https://catalog.archives.gov/id/23902170,https://s3.us-east-1.amazonaws.com/NARAprodstorage/lz/presidential-libraries/clinton/wjc-nscea/7585471/42-t-7585471-20111038F-002-019-2015.pdf,"Source: National Archives and Records Administration, National Archives Catalog, Records of the National Security Council European Affairs Office (Clinton Administration), Antony Blinken's Files, Lithuania - Meeting with Deputy Foreign Minister Usackas, November 13, 2000, NAID 23902170.",,,,,,,,
13,Gap-first Scout/Catalog extractions,13,,nara-scout-23901917,118,Scout Lead,1993-01-01,Latvia [2],NATO-Russia and Partnership,Pending,National Archives Catalog,National Archives Catalog / Records of the National Security Council European Affairs Office (Clinton Administration) / Richard Norland's Files / Latvia [2] / NAID 23901917,,,,,,,,,,file-unit extraction,"Inspect digital object and promote only specific document-level items with dates, page spans, markings, and source path.",https://catalog.archives.gov/id/23901917,https://s3.us-east-1.amazonaws.com/NARAprodstorage/lz/presidential-libraries/clinton/wjc-nscea/7585493/42-t-7585493-20111037F-007-018-2015.pdf,"Source: National Archives and Records Administration, National Archives Catalog, Records of the National Security Council European Affairs Office (Clinton Administration), Richard Norland's Files, Latvia [2], NAID 23901917.",,,,,,,,
14,Gap-first Scout/Catalog extractions,14,,nara-scout-23902171,118,Scout Lead,1993-01-01,Lithuania - Meeting with Deputy Foreign Minister Vygaudas Usackas,NATO Strategy and Enlargement,Pending,National Archives Catalog,National Archives Catalog / Records of the National Security Council European Affairs Office (Clinton Administration) / Antony Blinken's Files / Lithuania - Meeting with Deputy Foreign Minister Vygaudas Usackas / NAID 23902171,,,,,,,,,,file-unit extraction,"Inspect digital object and promote only specific document-level items with dates, page spans, markings, and source path.",https://catalog.archives.gov/id/23902171,https://s3.us-east-1.amazonaws.com/NARAprodstorage/lz/presidential-libraries/clinton/wjc-nscea/7585471/42-t-7585471-20111038F-002-020-2015.pdf,"Source: National Archives and Records Administration, National Archives Catalog, Records of the National Security Council European Affairs Office (Clinton Administration), Antony Blinken's Files, Lithuania - Meeting with Deputy Foreign Minister Vygaudas Usackas, NAID 23902171.",,,,,,,,
15,Gap-first Scout/Catalog extractions,15,,nara-scout-23902173,118,Scout Lead,1993-01-01,Lithuania [1],NATO-Russia and Partnership,Pending,National Archives Catalog,National Archives Catalog / Records of the National Security Council European Affairs Office (Clinton Administration) / Antony Blinken's Files / Lithuania [1] / NAID 23902173,,,,,,,,,,file-unit extraction,"Inspect digital object and promote only specific document-level items with dates, page spans, markings, and source path.",https://catalog.archives.gov/id/23902173,https://s3.us-east-1.amazonaws.com/NARAprodstorage/lz/presidential-libraries/clinton/wjc-nscea/7585471/42-t-7585471-20111038F-002-022-2015.pdf,"Source: National Archives and Records Administration, National Archives Catalog, Records of the National Security Council European Affairs Office (Clinton Administration), Antony Blinken's Files, Lithuania [1], NAID 23902173.",,,,,,,,
16,Gap-first Scout/Catalog extractions,16,,nara-scout-23902180,118,Scout Lead,1993-01-01,Lithuania [8],NATO-Russia and Partnership,Pending,National Archives Catalog,National Archives Catalog / Records of the National Security Council European Affairs Office (Clinton Administration) / Richard Norland's Files / Lithuania [8] / NAID 23902180,,,,,,,,,,file-unit extraction,"Inspect digital object and promote only specific document-level items with dates, page spans, markings, and source path.",https://catalog.archives.gov/id/23902180,https://s3.us-east-1.amazonaws.com/NARAprodstorage/lz/presidential-libraries/clinton/wjc-nscea/7585493/42-t-7585493-20111038F-003-004-2015.pdf,"Source: National Archives and Records Administration, National Archives Catalog, Records of the National Security Council European Affairs Office (Clinton Administration), Richard Norland's Files, Lithuania [8], NAID 23902180.",,,,,,,,
17,Gap-first Scout/Catalog extractions,17,,nara-scout-23901642,116,Scout Lead,1993-01-01,Estonia: Estonia - NATO,Crisis Security Files,Pending,National Archives Catalog,National Archives Catalog / Records of the National Security Council European Affairs Office (Clinton Administration) / Richard Norland's Files / Estonia: Estonia - NATO / NAID 23901642,covered for triage,NATO and Atlantic Alliance core (covered for triage),nato_core,,,,,,,file-unit extraction,"Inspect digital object and promote only specific document-level items with dates, page spans, markings, and source path.",https://catalog.archives.gov/id/23901642,https://s3.amazonaws.com/NARAprodstorage/opastorage/live/42/9016/23901642/content/presidential-libraries/clinton/foia/2011-1036-F/2011-1036-F-JPG/Box_004/42-t-7585493-20111036F-004-012-2015/42_t_7585493_20111036F_004_012_2015_Page_001.JPG,"Source: National Archives and Records Administration, National Archives Catalog, Records of the National Security Council European Affairs Office (Clinton Administration), Richard Norland's Files, Estonia: Estonia - NATO, NAID 23901642.",,,,,,,,
18,Gap-first Scout/Catalog extractions,18,,nara-scout-23901924,116,Scout Lead,1993-01-01,Latvia: Russia-Latvia [2],Crisis Security Files,Pending,National Archives Catalog,National Archives Catalog / Records of the National Security Council European Affairs Office (Clinton Administration) / Richard Norland's Files / Latvia: Russia-Latvia [2] / NAID 23901924,covered for triage,Russia and NATO-Russia negotiations (covered for triage),russia,,,,,,,file-unit extraction,"Inspect digital object and promote only specific document-level items with dates, page spans, markings, and source path.",https://catalog.archives.gov/id/23901924,https://s3.us-east-1.amazonaws.com/NARAprodstorage/lz/presidential-libraries/clinton/wjc-nscea/7585493/42-t-7585493-20111037F-008-007-2015.pdf,"Source: National Archives and Records Administration, National Archives Catalog, Records of the National Security Council European Affairs Office (Clinton Administration), Richard Norland's Files, Latvia: Russia-Latvia [2], NAID 23901924.",,,,,,,,
19,Gap-first Scout/Catalog extractions,19,,nara-scout-23901914,116,Scout Lead,1993-01-01,Latvia/WTO [World Trade Organization]/[U.S. - European Union],Crisis Security Files,Pending,National Archives Catalog,National Archives Catalog / Records of the National Security Council European Affairs Office (Clinton Administration) / Keirn Brown's Files / Latvia/WTO [World Trade Organization]/[U.S. - European Union] / NAID 23901914,covered for triage,"EU, NATO-EU, ESDI, and WEU (covered for triage)",eu_weu,,,,,,,file-unit extraction,"Inspect digital object and promote only specific document-level items with dates, page spans, markings, and source path.",https://catalog.archives.gov/id/23901914,https://s3.us-east-1.amazonaws.com/NARAprodstorage/lz/presidential-libraries/clinton/wjc-nscea/7585473/42-t-7585473-20111037F-007-015-2015.pdf,"Source: National Archives and Records Administration, National Archives Catalog, Records of the National Security Council European Affairs Office (Clinton Administration), Keirn Brown's Files, Latvia/WTO [World Trade Organization]/[U.S. - European Union], NAID 23901914.",,,,,,,,
20,Gap-first Scout/Catalog extractions,20,,nara-scout-23902181,110,Scout Lead,1993-01-01,Lithuania: Bilateral,Crisis Security Files,Context candidate,National Archives Catalog,National Archives Catalog / Records of the National Security Council European Affairs Office (Clinton Administration) / Richard Norland's Files / Lithuania: Bilateral / NAID 23902181,,,,,,,,,,file-unit extraction,"Inspect digital object and promote only specific document-level items with dates, page spans, markings, and source path.",https://catalog.archives.gov/id/23902181,https://s3.us-east-1.amazonaws.com/NARAprodstorage/lz/presidential-libraries/clinton/wjc-nscea/7585493/42-t-7585493-20111038F-003-005-2015.pdf,"Source: National Archives and Records Administration, National Archives Catalog, Records of the National Security Council European Affairs Office (Clinton Administration), Richard Norland's Files, Lithuania: Bilateral, NAID 23902181.",,,,,,,,
21,Gap-first Scout/Catalog extractions,21,,nara-scout-23902169,110,Scout Lead,1999-01-01,"Lithuania - Meeting with Amabassador Stasys Sakalauskas, October 4, 1999",Crisis Security Files,Pending,National Archives Catalog,"National Archives Catalog / Records of the National Security Council European Affairs Office (Clinton Administration) / Antony Blinken's Files / Lithuania - Meeting with Amabassador Stasys Sakalauskas, October 4, 1999 / NAID 23902169",,,,,,,,,,file-unit extraction,"Inspect digital object and promote only specific document-level items with dates, page spans, markings, and source path.",https://catalog.archives.gov/id/23902169,https://s3.amazonaws.com/NARAprodstorage/opastorage/live/69/9021/23902169/content/presidential-libraries/clinton/foia/2011-1038-F/2011-1038-F-JPG/Box_002/42-t-7585471-20111038F-002-018-2015/42_t_7585471_20111038F_002_018_2015_Page_001.JPG,"Source: National Archives and Records Administration, National Archives Catalog, Records of the National Security Council European Affairs Office (Clinton Administration), Antony Blinken's Files, Lithuania - Meeting with Amabassador Stasys Sakalauskas, October 4, 1999, NAID 23902169.",,,,,,,,
22,Gap-first Scout/Catalog extractions,22,,nara-scout-23902172,102,Scout Lead,1993-01-01,Lithuania - Vilnius Conference,Crisis Security Files,Pending,National Archives Catalog,National Archives Catalog / Records of the National Security Council European Affairs Office (Clinton Administration) / Antony Blinken's Files / Lithuania - Vilnius Conference / NAID 23902172,,,,,,,,,,file-unit extraction,"Inspect digital object and promote only specific document-level items with dates, page spans, markings, and source path.",https://catalog.archives.gov/id/23902172,https://s3.amazonaws.com/NARAprodstorage/opastorage/live/72/9021/23902172/content/presidential-libraries/clinton/foia/2011-1038-F/2011-1038-F-JPG/Box_002/42-t-7585471-20111038F-002-021-2015/42_t_7585471_20111038F_002_021_2015_Page_001.JPG,"Source: National Archives and Records Administration, National Archives Catalog, Records of the National Security Council European Affairs Office (Clinton Administration), Antony Blinken's Files, Lithuania - Vilnius Conference, NAID 23902172.",,,,,,,,
23,Gap-first Scout/Catalog extractions,23,,nara-scout-23902177,102,Scout Lead,1993-01-01,Lithuania [5],Crisis Security Files,Pending,National Archives Catalog,National Archives Catalog / Records of the National Security Council European Affairs Office (Clinton Administration) / Richard Norland's Files / Lithuania [5] / NAID 23902177,,,,,,,,,,file-unit extraction,"Inspect digital object and promote only specific document-level items with dates, page spans, markings, and source path.",https://catalog.archives.gov/id/23902177,https://s3.amazonaws.com/NARAprodstorage/opastorage/live/77/9021/23902177/content/presidential-libraries/clinton/foia/2011-1038-F/2011-1038-F-JPG/Box_003/42-t-7585493-20111038F-003-001-2015/42_t_7585493_20111038F_003_001_2015_Page_001.JPG,"Source: National Archives and Records Administration, National Archives Catalog, Records of the National Security Council European Affairs Office (Clinton Administration), Richard Norland's Files, Lithuania [5], NAID 23902177.",,,,,,,,
24,First 40 released-source triage,,1,strobe-hardgap-july2024-C09000039,387,Source Lead,1997-01-01,Additional Elements on CFE for NATO-Russia Document w/Attachment(s),NATO-Russia and Partnership,Include candidate,"Department of State, FOIA Virtual Reading Room","Department of State, FOIA Virtual Reading Room / State Department FOIA Library / Strobe Talbott FOIA / Release July 2024 / Document C09000039",gap,CFE and conventional forces (gap); NATO and Atlantic Alliance core (covered for triage); Russia and NATO-Russia negotiations (covered for triage),cfe; nato_core; russia,1,Promote first,CFE direct; NATO-Russia drafting,Include candidate,Verify actual document date and attachment structure before final chronology.,Source note; Marking; Page count,hard-gap PDF promotion,Promote as a document-level CFE/NATO-Russia drafting record; capture author/date from the PDF image.,https://foia.state.gov/DOCUMENTS/FOIA_L_July2024/FL-2017-13804/DOC_0C09000039/C09000039.pdf,https://foia.state.gov/DOCUMENTS/FOIA_L_July2024/FL-2017-13804/DOC_0C09000039/C09000039.pdf,"Source: Department of State, FOIA Virtual Reading Room, Strobe Talbott FOIA release, Release July 2024, Document C09000039. Unclassified. Source pages: 4 pages counted.",,,,,,,,
25,First 40 released-source triage,,2,strobe-hardgap-july2024-C09000043,383,Source Lead,1997-01-01,Precis of Russian-CFE Counter-Proposal,NATO-Russia and Partnership,Include candidate,"Department of State, FOIA Virtual Reading Room","Department of State, FOIA Virtual Reading Room / State Department FOIA Library / Strobe Talbott FOIA / Release July 2024 / Document C09000043",gap,CFE and conventional forces (gap); Russia and NATO-Russia negotiations (covered for triage),cfe; russia,2,Promote first,CFE direct; Russian counter-proposal,Include candidate,"Verify date, author, and whether the precis is an attachment or standalone paper.",Source note; Marking; Page count,hard-gap PDF promotion,Promote as a priority CFE adaptation lead; connect to NATO-Russia framework drafting.,https://foia.state.gov/DOCUMENTS/FOIA_L_July2024/FL-2017-13804/DOC_0C09000043/C09000043.pdf,https://foia.state.gov/DOCUMENTS/FOIA_L_July2024/FL-2017-13804/DOC_0C09000043/C09000043.pdf,"Source: Department of State, FOIA Virtual Reading Room, Strobe Talbott FOIA release, Release July 2024, Document C09000043. Unclassified. Source pages: 2 pages counted.",,,,,,,,
26,First 40 released-source triage,,3,strobe-hardgap-oct2024-C09000035,371,Source Lead,1996-06-10,The CFE Review Conference: A Retrospective w/Attachment(s),European Security Architecture,Include candidate,"Department of State, FOIA Virtual Reading Room","Department of State, FOIA Virtual Reading Room / State Department FOIA Library / Strobe Talbott FOIA / Release October 2024 / Document C09000035",gap,CFE and conventional forces (gap),cfe,3,Promote first,CFE direct; Secretary-level retrospective,Include candidate,Confirm whether the attachment or covering memo is the selectable document.,Source note; Marking; Page count,hard-gap PDF promotion,Promote the strongest dated CFE retrospective/summary item and preserve attachment accounting.,https://foia.state.gov/DOCUMENTS/FOIA_L_Oct2024/FL-2017-13804/DOC_0C09000035/C09000035.pdf,https://foia.state.gov/DOCUMENTS/FOIA_L_Oct2024/FL-2017-13804/DOC_0C09000035/C09000035.pdf,"Source: Department of State, FOIA Virtual Reading Room, Strobe Talbott FOIA release, Release October 2024, Document C09000035. Confidential. Source pages: 7 pages counted.",,,,,,,,
27,First 40 released-source triage,,4,strobe-hardgap-feb2024-C09000026,379,Source Lead,1997-04-09,CFE TREATY,European Security Architecture,Include candidate,"Department of State, FOIA Virtual Reading Room","Department of State, FOIA Virtual Reading Room / State Department FOIA Library / Strobe Talbott FOIA / Release February 2024 / Document C09000026",gap,CFE and conventional forces (gap),cfe,4,Promote first,CFE direct; Kyiv/Ukraine cable,Include candidate,"Extract cable metadata, addressees, and full date line.",Source note; Marking; Page count,hard-gap PDF promotion,Promote as CFE Treaty direct evidence if the full cable confirms policy discussion rather than only reporting.,https://foia.state.gov/DOCUMENTS/FOIA_L_Feb2024/FL-2017-13804/DOC_0C09000026/C09000026.pdf,https://foia.state.gov/DOCUMENTS/FOIA_L_Feb2024/FL-2017-13804/DOC_0C09000026/C09000026.pdf,"Source: Department of State, FOIA Virtual Reading Room, Strobe Talbott FOIA release, Release February 2024, Document C09000026. Unclassified. Source pages: 2 pages counted.",,,,,,,,
28,First 40 released-source triage,,5,strobe-hardgap-july2022-C09000060,383,Source Lead,1998-09-28,"DEPUTY SECRETARY TALBOTT BRIEFING TOTHE NAC ON MOSCOW SUMMIT, THE WAY AHEAD WITH RUSIA",NATO-Russia and Partnership,Include candidate,"Department of State, FOIA Virtual Reading Room","Department of State, FOIA Virtual Reading Room / State Department FOIA Library / Strobe Talbott FOIA / Release July 2022 / Document C09000060",gap,"USNATO, NAC, and North Atlantic Council traffic (gap); Russia and NATO-Russia negotiations (covered for triage)",usnato_nac; russia,5,Promote first,NAC/USNATO direct; NATO-Russia,Include candidate,"Extract cable number, release-in-part excisions, MRN, addressees, and date-time line.",Source note; Marking; Page count,hard-gap PDF promotion,Promote as direct NAC/USNATO evidence; use in the NATO-Russia institutional lane.,https://foia.state.gov/DOCUMENTS/FOIA_L_July2022/FL-2017-13804/DOC_0C09000060/C09000060.pdf,https://foia.state.gov/DOCUMENTS/FOIA_L_July2022/FL-2017-13804/DOC_0C09000060/C09000060.pdf,"Source: Department of State, FOIA Virtual Reading Room, Strobe Talbott FOIA release, Release July 2022, Document C09000060. Unclassified. Source pages: 8 pages counted.",,,,,,,,
29,First 40 released-source triage,,6,strobe-hardgap-july2022-C09000063,379,Source Lead,2000-06-08,DEPUTY SECRETARY BRIEFS THE NAC ON MOSCOW SUMMIT,NATO-Russia and Partnership,Include candidate,"Department of State, FOIA Virtual Reading Room","Department of State, FOIA Virtual Reading Room / State Department FOIA Library / Strobe Talbott FOIA / Release July 2022 / Document C09000063",gap,"USNATO, NAC, and North Atlantic Council traffic (gap)",usnato_nac,6,Promote first,NAC/USNATO direct; Moscow summit,Include candidate,Record EXDIS/release-in-part details and declassification accounting.,Source note; Marking; Page count,hard-gap PDF promotion,Promote as direct NAC/USNATO evidence; pair with Moscow summit memcons and strategic-stability files.,https://foia.state.gov/DOCUMENTS/FOIA_L_July2022/FL-2017-13804/DOC_0C09000063/C09000063.pdf,https://foia.state.gov/DOCUMENTS/FOIA_L_July2022/FL-2017-13804/DOC_0C09000063/C09000063.pdf,"Source: Department of State, FOIA Virtual Reading Room, Strobe Talbott FOIA release, Release July 2022, Document C09000063. Unclassified. Source pages: 8 pages counted.",,,,,,,,
30,First 40 released-source triage,,7,strobe-hardgap-june2024-C09000017,363,Source Lead,1999-04-29,NAC INTERVENTION 4/29/99,Crisis Security Files,Include candidate,"Department of State, FOIA Virtual Reading Room","Department of State, FOIA Virtual Reading Room / State Department FOIA Library / Strobe Talbott FOIA / Release June 2024 / Document C09000017",gap,"USNATO, NAC, and North Atlantic Council traffic (gap)",usnato_nac,7,Promote first,NAC direct; Kosovo/Russia,Include candidate,"Verify whether the intervention was delivered text, talking points, or meeting note.",Source note; Marking; Page count,hard-gap PDF promotion,Promote if delivered to/for NAC; otherwise retain as high-value Kosovo/NAC annotation support.,https://foia.state.gov/DOCUMENTS/FOIA_L_June2024/FL-2017-13804/DOC_0C09000017/C09000017.pdf,https://foia.state.gov/DOCUMENTS/FOIA_L_June2024/FL-2017-13804/DOC_0C09000017/C09000017.pdf,"Source: Department of State, FOIA Virtual Reading Room, Strobe Talbott FOIA release, Release June 2024, Document C09000017. Unclassified. Source pages: 6 pages counted.",,,,,,,,
31,First 40 released-source triage,,8,strobe-hardgap-mar2023-C09000060,323,Source Lead,1997-01-01,DRAFT LETTER FROM THE SECRETARY TO CENTRAL EUROPEAN COUNTERPARTS w/Attached Facsimile Transmission,NATO Strategy and Enlargement,Include candidate,"Department of State, FOIA Virtual Reading Room","Department of State, FOIA Virtual Reading Room / State Department FOIA Library / Strobe Talbott FOIA / Release March 2023 / Document C09000060",gap,CFE and conventional forces (gap); Russia and NATO-Russia negotiations (covered for triage),cfe; russia,8,Promote after date/source check,CFE support; enlargement diplomacy,Include candidate,"Verify addressees, draft status, and actual date from source image.",Source note; Marking; Page count,hard-gap date/source check,Promote after confirming whether the draft was sent or should be cited as a draft policy text.,https://foia.state.gov/DOCUMENTS/FOIA_L_Mar2023/FL-2017-13804/DOC_0C09000060/C09000060.pdf,https://foia.state.gov/DOCUMENTS/FOIA_L_Mar2023/FL-2017-13804/DOC_0C09000060/C09000060.pdf,"Source: Department of State, FOIA Virtual Reading Room, Strobe Talbott FOIA release, Release March 2023, Document C09000060. Unclassified. Source pages: 4 pages counted.",,,,,,,,
32,First 40 released-source triage,,9,strobe-hardgap-july2024-C09000044,323,Source Lead,1997-04-10,Checklist For GEM 4/10/97,NATO-Russia and Partnership,Include candidate,"Department of State, FOIA Virtual Reading Room","Department of State, FOIA Virtual Reading Room / State Department FOIA Library / Strobe Talbott FOIA / Release July 2024 / Document C09000044",gap,CFE and conventional forces (gap); Russia and NATO-Russia negotiations (covered for triage),cfe; russia,9,Promote after date/source check,CFE support; Mamedov/GEM checklist,Include candidate,"Determine author, meeting context, and whether notes are selectable or annotation support.",Source note; Marking; Page count,hard-gap date/source check,Use as a CFE/Mamedov chronology lead; promote only if source context is clear.,https://foia.state.gov/DOCUMENTS/FOIA_L_July2024/FL-2017-13804/DOC_0C09000044/C09000044.pdf,https://foia.state.gov/DOCUMENTS/FOIA_L_July2024/FL-2017-13804/DOC_0C09000044/C09000044.pdf,"Source: Department of State, FOIA Virtual Reading Room, Strobe Talbott FOIA release, Release July 2024, Document C09000044. Unclassified. Source pages: 2 pages counted.",,,,,,,,
33,First 40 released-source triage,,10,strobe-hardgap-apr2023-C09000073,319,Source Lead,1997-01-01,Note from Strobe to Chris,European Security Architecture,Include candidate,"Department of State, FOIA Virtual Reading Room","Department of State, FOIA Virtual Reading Room / State Department FOIA Library / Strobe Talbott FOIA / Release April 2023 / Document C09000073",gap,CFE and conventional forces (gap),cfe,10,Promote after date/source check,CFE support; Christopher/Yeltsin prep,Include candidate,"Verify actual date, addressee, and placement in the Christopher/Yeltsin briefing sequence.",Source note; Marking; Page count,hard-gap date/source check,Promote if the note frames CFE policy for Secretary-level discussion; otherwise use as annotation support.,https://foia.state.gov/DOCUMENTS/FOIA_L_Apr2023/FL-2017-13804/DOC_0C09000073/C09000073.pdf,https://foia.state.gov/DOCUMENTS/FOIA_L_Apr2023/FL-2017-13804/DOC_0C09000073/C09000073.pdf,"Source: Department of State, FOIA Virtual Reading Room, Strobe Talbott FOIA release, Release April 2023, Document C09000073. Unclassified. Source pages: 6 pages counted.",,,,,,,,
34,First 40 released-source triage,,11,strobe-hardgap-sep2022-C09000027,319,Source Lead,1999-01-01,CFE Rollout Meeting,European Security Architecture,Include candidate,"Department of State, FOIA Virtual Reading Room","Department of State, FOIA Virtual Reading Room / State Department FOIA Library / Strobe Talbott FOIA / Release September 2022 / Document C09000027",gap,CFE and conventional forces (gap),cfe,11,Promote after date/source check,CFE support; rollout planning,Include candidate,"Verify date, attendees, and meeting ownership.",Source note; Marking; Page count,hard-gap date/source check,Promote if meeting context can be established; otherwise use as a lead to interagency rollout files.,https://foia.state.gov/DOCUMENTS/FOIA_L_Sep2022/FL-2017-13804/DOC_0C09000027/C09000027.pdf,https://foia.state.gov/DOCUMENTS/FOIA_L_Sep2022/FL-2017-13804/DOC_0C09000027/C09000027.pdf,"Source: Department of State, FOIA Virtual Reading Room, Strobe Talbott FOIA release, Release September 2022, Document C09000027. Unclassified. Source pages: 1 page counted.",,,,,,,,
35,First 40 released-source triage,,12,strobe-hardgap-july2024-C09000038,251,Source Lead,1997-01-01,On Course for Madrid,NATO Strategy and Enlargement,Include candidate,"Department of State, FOIA Virtual Reading Room","Department of State, FOIA Virtual Reading Room / State Department FOIA Library / Strobe Talbott FOIA / Release July 2024 / Document C09000038",gap,"USNATO, NAC, and North Atlantic Council traffic (gap); NATO enlargement, Madrid, accession, and ratification (direct-document gap); NATO and Atlantic Alliance core (covered for triage); Russia and NATO-Russia negotiations (covered for triage)",usnato_nac; enlargement; nato_core; russia,12,Annotation/context,NAC/Madrid chronology support,Context candidate,Date remains inferred from release/manifest rather than a document date.,Source note; Marking; Page count,hard-gap annotation/context,Use for Madrid chronology/annotation unless a source image or companion file proves authorship and date.,https://foia.state.gov/DOCUMENTS/FOIA_L_July2024/FL-2017-13804/DOC_0C09000038/C09000038.pdf,https://foia.state.gov/DOCUMENTS/FOIA_L_July2024/FL-2017-13804/DOC_0C09000038/C09000038.pdf,"Source: Department of State, FOIA Virtual Reading Room, Strobe Talbott FOIA release, Release July 2024, Document C09000038. Unclassified. Source pages: 2 pages counted.",,,,,,,,
36,First 40 released-source triage,,13,strobe-hardgap-feb2024-C09000122,247,Source Lead,1997-01-01,ST notes on Kissinger piece,NATO-Russia and Partnership,Include candidate,"Department of State, FOIA Virtual Reading Room","Department of State, FOIA Virtual Reading Room / State Department FOIA Library / Strobe Talbott FOIA / Release February 2024 / Document C09000122",gap,"USNATO, NAC, and North Atlantic Council traffic (gap); NATO and Atlantic Alliance core (covered for triage); Russia and NATO-Russia negotiations (covered for triage)",usnato_nac; nato_core; russia,13,Annotation/context,NAC/NATO-Russia interpretation,Context candidate,Likely analytical/commentary support rather than a decision document.,Source note; Marking; Page count,hard-gap annotation/context,Use for annotation or narrative context unless provenance shows direct policy-drafting value.,https://foia.state.gov/DOCUMENTS/FOIA_L_Feb2024/FL-2017-13804/DOC_0C09000122/C09000122.pdf,https://foia.state.gov/DOCUMENTS/FOIA_L_Feb2024/FL-2017-13804/DOC_0C09000122/C09000122.pdf,"Source: Department of State, FOIA Virtual Reading Room, Strobe Talbott FOIA release, Release February 2024, Document C09000122. Unclassified. Source pages: 5 pages counted.",,,,,,,,
37,First 40 released-source triage,,14,strobe-C09000044,179,Source Lead,1996-05-08,PAPER FOR MAMEDOV ON CFE,NATO-Russia and Partnership,Pending,Department of State FOIA Virtual Reading Room,Department of State FOIA Virtual Reading Room / State Department FOIA Library / Strobe Talbott FOIA / C09000044,gap,CFE and conventional forces (gap); Russia and NATO-Russia negotiations (covered for triage),cfe; russia,,,,,,,released-source triage,"Open released PDF, decide include/context/exclude, capture page span, markings, declassification status, and final source note.",https://foia.state.gov/DOCUMENTS/FOIA_L_June2024/FL-2017-13804/DOC_0C09000044/C09000044.pdf,https://foia.state.gov/DOCUMENTS/FOIA_L_June2024/FL-2017-13804/DOC_0C09000044/C09000044.pdf,"Source: Department of State, FOIA Virtual Reading Room, Strobe Talbott FOIA release, Document C09000044. Nodis.",,,,,,,,
38,First 40 released-source triage,,15,strobe-C09000005,178,Source Lead,1997-12-02,"CHANCELLOR KOHL'S MEETING WITH PRESIDENT YELTSIN, NOVEMBER 30",NATO-Russia and Partnership,Include candidate,Department of State FOIA Virtual Reading Room,Department of State FOIA Virtual Reading Room / State Department FOIA Library / Strobe Talbott FOIA / C09000005,direct-document gap,Germany (direct-document gap); Russia and NATO-Russia negotiations (covered for triage),germany; russia,,,,,,,released-source triage,"Open released PDF, decide include/context/exclude, capture page span, markings, declassification status, and final source note.",https://foia.state.gov/DOCUMENTS/FOIA_L_Oct2024/FL-2017-13804/DOC_0C09000005/C09000005.pdf,https://foia.state.gov/DOCUMENTS/FOIA_L_Oct2024/FL-2017-13804/DOC_0C09000005/C09000005.pdf,"Source: Department of State, FOIA Virtual Reading Room, Strobe Talbott FOIA release, Document C09000005. Unclassified.",,,,,,,,
39,First 40 released-source triage,,16,strobe-C09000059,171,Source Lead,1998-09-18,"OFFICIAL INFORMAL: DEPUTY SECRETARY AND AMB. HILL ""TOUR THE TABLE"" WITH THE NAC ON KOSOVO ISSUES FROM A POLITICAL SETTLEMENT TO UN MANDATE",Crisis Security Files,Pending,Department of State FOIA Virtual Reading Room,Department of State FOIA Virtual Reading Room / State Department FOIA Library / Strobe Talbott FOIA / C09000059,gap,"USNATO, NAC, and North Atlantic Council traffic (gap); Kosovo, KFOR, and NATO air campaign diplomacy (overweight)",usnato_nac; kosovo_kfor,,,,,,,released-source triage,"Open released PDF, decide include/context/exclude, capture page span, markings, declassification status, and final source note.",https://foia.state.gov/DOCUMENTS/FOIA_L_July2022/FL-2017-13804/DOC_0C09000059/C09000059.pdf,https://foia.state.gov/DOCUMENTS/FOIA_L_July2022/FL-2017-13804/DOC_0C09000059/C09000059.pdf,"Source: Department of State, FOIA Virtual Reading Room, Strobe Talbott FOIA release, Document C09000059. Confidential.",,,,,,,,
40,First 40 released-source triage,,17,strobe-C09000042,162,Source Lead,1999-04-13,"Under Secretary Pickering's Meeting with Russian Deputy Foreign Minister Georgiy Mamedov, April 9, 1999, Dresden, Germany w/Attachment(s)",Crisis Security Files,Include candidate,Department of State FOIA Virtual Reading Room,Department of State FOIA Virtual Reading Room / State Department FOIA Library / Strobe Talbott FOIA / C09000042,direct-document gap,Germany (direct-document gap); Russia and NATO-Russia negotiations (covered for triage),germany; russia,,,,,,,released-source triage,"Open released PDF, decide include/context/exclude, capture page span, markings, declassification status, and final source note.",https://foia.state.gov/DOCUMENTS/FOIA_L_June2024/FL-2017-13804/DOC_0C09000042/C09000042.pdf,https://foia.state.gov/DOCUMENTS/FOIA_L_June2024/FL-2017-13804/DOC_0C09000042/C09000042.pdf,"Source: Department of State, FOIA Virtual Reading Room, Strobe Talbott FOIA release, Document C09000042. Secret.",,,,,,,,
41,First 40 released-source triage,,18,strobe-C09000079,154,Source Lead,1996-07-03,Meeting with Polish President Kwasniewski,NATO-Russia and Partnership,Pending,Department of State FOIA Virtual Reading Room,Department of State FOIA Virtual Reading Room / State Department FOIA Library / Strobe Talbott FOIA / C09000079,direct-document gap,"Poland (direct-document gap); NATO enlargement, Madrid, accession, and ratification (direct-document gap)",poland; enlargement,,,,,,,released-source triage,"Open released PDF, decide include/context/exclude, capture page span, markings, declassification status, and final source note.",https://foia.state.gov/DOCUMENTS/FOIA_L_Apr2023/FL-2017-13804/DOC_0C09000079/C09000079.pdf,https://foia.state.gov/DOCUMENTS/FOIA_L_Apr2023/FL-2017-13804/DOC_0C09000079/C09000079.pdf,"Source: Department of State, FOIA Virtual Reading Room, Strobe Talbott FOIA release, Document C09000079. Confidential.",,,,,,,,
42,First 40 released-source triage,,19,strobe-C09000045,137,Source Lead,1997-07-12,"MEMORANDUM OF CONVERSATION BETWEEN SECRETARY OF STATE ALBRIGHT AND RUSSIAN FOREIGN MINISTER PRIMAKOV RUSSIA: ST. PETERSBURG JULY 12, 1997 AT DINNER IN ""NOBLES' NEST"" RESTAURANT (DVORYANSKOYE GNEZDO) BOSNIA w/Attachment(s)",Crisis Security Files,Include candidate,Department of State FOIA Virtual Reading Room,Department of State FOIA Virtual Reading Room / State Department FOIA Library / Strobe Talbott FOIA / C09000045,overweight,"Bosnia, Dayton, IFOR, and SFOR (overweight); Russia and NATO-Russia negotiations (covered for triage)",bosnia_ifor_sfor; russia,,,,,,,released-source triage,"Open released PDF, decide include/context/exclude, capture page span, markings, declassification status, and final source note.",https://foia.state.gov/DOCUMENTS/FOIA_L_Oct2024/FL-2017-13804/DOC_0C09000045/C09000045.pdf,https://foia.state.gov/DOCUMENTS/FOIA_L_Oct2024/FL-2017-13804/DOC_0C09000045/C09000045.pdf,"Source: Department of State, FOIA Virtual Reading Room, Strobe Talbott FOIA release, Document C09000045. Unclassified.",,,,,,,,
43,First 40 released-source triage,,20,strobe-C09000076,129,Source Lead,1997-05-19,"May 19, 1997 Letter From Boris Yeltsin To William J. Clinton",NATO-Russia and Partnership,Include candidate,Department of State FOIA Virtual Reading Room,Department of State FOIA Virtual Reading Room / State Department FOIA Library / Strobe Talbott FOIA / C09000076,covered for triage,Russia and NATO-Russia negotiations (covered for triage),russia,,,,,,,released-source triage,"Open released PDF, decide include/context/exclude, capture page span, markings, declassification status, and final source note.",https://foia.state.gov/DOCUMENTS/FOIA_L_Feb2024/FL-2017-13804/DOC_0C09000076/C09000076.pdf,https://foia.state.gov/DOCUMENTS/FOIA_L_Feb2024/FL-2017-13804/DOC_0C09000076/C09000076.pdf,"Source: Department of State, FOIA Virtual Reading Room, Strobe Talbott FOIA release, Document C09000076. Unclassified.",,,,,,,,
44,First 40 released-source triage,,21,strobe-C09000061,129,Source Lead,1997-07-22,"July 22, 1997 Letter From Strobe Talbott To H.E. G. E. Mamedov",NATO-Russia and Partnership,Include candidate,Department of State FOIA Virtual Reading Room,Department of State FOIA Virtual Reading Room / State Department FOIA Library / Strobe Talbott FOIA / C09000061,covered for triage,Russia and NATO-Russia negotiations (covered for triage),russia,,,,,,,released-source triage,"Open released PDF, decide include/context/exclude, capture page span, markings, declassification status, and final source note.",https://foia.state.gov/DOCUMENTS/FOIA_L_Apr2024/FL-2017-13804/DOC_0C09000061/C09000061.pdf,https://foia.state.gov/DOCUMENTS/FOIA_L_Apr2024/FL-2017-13804/DOC_0C09000061/C09000061.pdf,"Source: Department of State, FOIA Virtual Reading Room, Strobe Talbott FOIA release, Document C09000061. Secret.",,,,,,,,
45,First 40 released-source triage,,22,strobe-C09000039,129,Source Lead,1997-07-27,"Your Meeting with Russian Foreign Minister Primakov, July 27, 1997, Kuala Lumpur w/Attachment(s)",NATO-Russia and Partnership,Include candidate,Department of State FOIA Virtual Reading Room,Department of State FOIA Virtual Reading Room / State Department FOIA Library / Strobe Talbott FOIA / C09000039,covered for triage,Russia and NATO-Russia negotiations (covered for triage),russia,,,,,,,released-source triage,"Open released PDF, decide include/context/exclude, capture page span, markings, declassification status, and final source note.",https://foia.state.gov/DOCUMENTS/FOIA_L_Oct2024/FL-2017-13804/DOC_0C09000039/C09000039.pdf,https://foia.state.gov/DOCUMENTS/FOIA_L_Oct2024/FL-2017-13804/DOC_0C09000039/C09000039.pdf,"Source: Department of State, FOIA Virtual Reading Room, Strobe Talbott FOIA release, Document C09000039. Secret; Nodis.",,,,,,,,
46,First 40 released-source triage,,23,strobe-C09000012,129,Source Lead,1997-11-18,Non-Iraq Contingency Points for Possible Bilateral Meeting with Russian Foreign Minister Yevgeniy Primakov w/Attachment(s),NATO-Russia and Partnership,Include candidate,Department of State FOIA Virtual Reading Room,Department of State FOIA Virtual Reading Room / State Department FOIA Library / Strobe Talbott FOIA / C09000012,covered for triage,Russia and NATO-Russia negotiations (covered for triage),russia,,,,,,,released-source triage,"Open released PDF, decide include/context/exclude, capture page span, markings, declassification status, and final source note.",https://foia.state.gov/DOCUMENTS/FOIA_L_Oct2024/FL-2017-13804/DOC_0C09000012/C09000012.pdf,https://foia.state.gov/DOCUMENTS/FOIA_L_Oct2024/FL-2017-13804/DOC_0C09000012/C09000012.pdf,"Source: Department of State, FOIA Virtual Reading Room, Strobe Talbott FOIA release, Document C09000012. Unclassified; Nodis.",,,,,,,,
47,First 40 released-source triage,,24,strobe-C09000028,129,Source Lead,1998-06-02,Transmittal Memorandum of Telephone Conversation with Russian President Boris Yeltsin w/Attachment(s),NATO-Russia and Partnership,Include candidate,Department of State FOIA Virtual Reading Room,Department of State FOIA Virtual Reading Room / State Department FOIA Library / Strobe Talbott FOIA / C09000028,covered for triage,Russia and NATO-Russia negotiations (covered for triage),russia,,,,,,,released-source triage,"Open released PDF, decide include/context/exclude, capture page span, markings, declassification status, and final source note.",https://foia.state.gov/DOCUMENTS/FOIA_L_Mar2025/FL-2017-13804/DOC_0C09000028/C09000028.pdf,https://foia.state.gov/DOCUMENTS/FOIA_L_Mar2025/FL-2017-13804/DOC_0C09000028/C09000028.pdf,"Source: Department of State, FOIA Virtual Reading Room, Strobe Talbott FOIA release, Document C09000028. Confidential; Nodis.",,,,,,,,
48,First 40 released-source triage,,25,russia-cross-release-2014-0546-m-a,129,Source Lead,1999-06-04,"MDR packet 2014-0546-M-Release-A: Clinton letter to Yeltsin on Kosovo, June 4, 1999",Crisis Security Files,Context candidate,William J. Clinton Presidential Library MDR Release 2014-0546-M-Release-A,William J. Clinton Presidential Library MDR Release 2014-0546-M-Release-A / William J. Clinton Presidential Library / MDR Release 2014-0546-M-Release-A / Finding-aid summary for Clinton letter to Yeltsin concerning Kosovo,overweight,"Kosovo, KFOR, and NATO air campaign diplomacy (overweight); Russia and NATO-Russia negotiations (covered for triage)",kosovo_kfor; russia,,,,,,,released-source triage,"Open released PDF, decide include/context/exclude, capture page span, markings, declassification status, and final source note.",https://www.clintonlibrary.gov/research/archives/finding-aids/declassified-documents-concerning-russian-president-boris-yeltsin-11,https://www.clintonlibrary.gov/sites/default/files/finding_aids_a_z/2026-04/2014-0546-M-A.pdf,"Source: William J. Clinton Presidential Library, MDR Release 2014-0546-M-Release-A, finding-aid summary identifies multiple copies of a Clinton letter to Yeltsin concerning Kosovo.",,,,,,,,
49,First 40 released-source triage,,26,strobe-C09000047,125,Source Lead,2000-12-04,"TFSRO2: KOSOVO: RUSSIAN REACTION TO NATO AIR STRIKES, JUNE 1",Crisis Security Files,Pending,Department of State FOIA Virtual Reading Room,Department of State FOIA Virtual Reading Room / State Department FOIA Library / Strobe Talbott FOIA / C09000047,overweight,"Kosovo, KFOR, and NATO air campaign diplomacy (overweight); NATO and Atlantic Alliance core (covered for triage); Russia and NATO-Russia negotiations (covered for triage)",kosovo_kfor; nato_core; russia,,,,,,,released-source triage,"Open released PDF, decide include/context/exclude, capture page span, markings, declassification status, and final source note.",https://foia.state.gov/DOCUMENTS/FOIA_L_May2022/FL-2017-13804/DOC_0C09000047/C09000047.pdf,https://foia.state.gov/DOCUMENTS/FOIA_L_May2022/FL-2017-13804/DOC_0C09000047/C09000047.pdf,"Source: Department of State, FOIA Virtual Reading Room, Strobe Talbott FOIA release, Document C09000047. Unclassified.",,,,,,,,
50,First 40 released-source triage,,27,strobe-C09000034,121,Source Lead,1996-06-10,"SECRETARY CHRISTOPHER'S MEETING WITH RUSSIAN FOREIGN MINISTER PRIMAKOV; JUNE 4, 1996, BERLIN w/Attached Cover Sheet",NATO-Russia and Partnership,Include candidate,Department of State FOIA Virtual Reading Room,Department of State FOIA Virtual Reading Room / State Department FOIA Library / Strobe Talbott FOIA / C09000034,covered for triage,Russia and NATO-Russia negotiations (covered for triage),russia,,,,,,,released-source triage,"Open released PDF, decide include/context/exclude, capture page span, markings, declassification status, and final source note.",https://foia.state.gov/DOCUMENTS/FOIA_L_Oct2024/FL-2017-13804/DOC_0C09000034/C09000034.pdf,https://foia.state.gov/DOCUMENTS/FOIA_L_Oct2024/FL-2017-13804/DOC_0C09000034/C09000034.pdf,"Source: Department of State, FOIA Virtual Reading Room, Strobe Talbott FOIA release, Document C09000034. Confidential; Nodis.",,,,,,,,
51,First 40 released-source triage,,28,strobe-C09000058,121,Source Lead,1996-09-06,ACTING SECRETARY TALBOTT'S CONVERSATION WITH RUSSIAN DEPUTY FOREIGN MINISTER MAMEDOV,NATO-Russia and Partnership,Include candidate,Department of State FOIA Virtual Reading Room,Department of State FOIA Virtual Reading Room / State Department FOIA Library / Strobe Talbott FOIA / C09000058,covered for triage,Russia and NATO-Russia negotiations (covered for triage),russia,,,,,,,released-source triage,"Open released PDF, decide include/context/exclude, capture page span, markings, declassification status, and final source note.",https://foia.state.gov/DOCUMENTS/FOIA_L_Mar2025/FL-2017-13804/DOC_0C09000058/C09000058.pdf,https://foia.state.gov/DOCUMENTS/FOIA_L_Mar2025/FL-2017-13804/DOC_0C09000058/C09000058.pdf,"Source: Department of State, FOIA Virtual Reading Room, Strobe Talbott FOIA release, Document C09000058. Secret; Nodis; Eyes Only.",,,,,,,,
52,First 40 released-source triage,,29,strobe-C09000040,121,Source Lead,1999-04-11,MESSAGE TO PRESIDENT YELTSIN REGARDING THE SITUATION IN KOSOVO,Crisis Security Files,Pending,Department of State FOIA Virtual Reading Room,Department of State FOIA Virtual Reading Room / State Department FOIA Library / Strobe Talbott FOIA / C09000040,overweight,"Kosovo, KFOR, and NATO air campaign diplomacy (overweight); Russia and NATO-Russia negotiations (covered for triage)",kosovo_kfor; russia,,,,,,,released-source triage,"Open released PDF, decide include/context/exclude, capture page span, markings, declassification status, and final source note.",https://foia.state.gov/DOCUMENTS/FOIA_L_June2024/FL-2017-13804/DOC_0C09000040/C09000040.pdf,https://foia.state.gov/DOCUMENTS/FOIA_L_June2024/FL-2017-13804/DOC_0C09000040/C09000040.pdf,"Source: Department of State, FOIA Virtual Reading Room, Strobe Talbott FOIA release, Document C09000040. Confidential.",,,,,,,,
53,First 40 released-source triage,,30,strobe-C09000109,117,Source Lead,1997-02-10,"Prep meeting for Albright/Primakov Ministerial NATO-Russia Interagency flying squad 4:30 p.m. February 10, 1997",NATO-Russia and Partnership,Pending,Department of State FOIA Virtual Reading Room,Department of State FOIA Virtual Reading Room / State Department FOIA Library / Strobe Talbott FOIA / C09000109,covered for triage,NATO and Atlantic Alliance core (covered for triage); Russia and NATO-Russia negotiations (covered for triage),nato_core; russia,,,,,,,released-source triage,"Open released PDF, decide include/context/exclude, capture page span, markings, declassification status, and final source note.",https://foia.state.gov/DOCUMENTS/FOIA_L_Feb2024/FL-2017-13804/DOC_0C09000109/C09000109.pdf,https://foia.state.gov/DOCUMENTS/FOIA_L_Feb2024/FL-2017-13804/DOC_0C09000109/C09000109.pdf,"Source: Department of State, FOIA Virtual Reading Room, Strobe Talbott FOIA release, Document C09000109. Unclassified.",,,,,,,,
54,First 40 released-source triage,,31,strobe-C09000096,117,Source Lead,1997-03-08,"March 8, 1997 Note From Strobe Talbott To Barbara Larkin",NATO-Russia and Partnership,Pending,Department of State FOIA Virtual Reading Room,Department of State FOIA Virtual Reading Room / State Department FOIA Library / Strobe Talbott FOIA / C09000096,covered for triage,NATO and Atlantic Alliance core (covered for triage); Russia and NATO-Russia negotiations (covered for triage),nato_core; russia,,,,,,,released-source triage,"Open released PDF, decide include/context/exclude, capture page span, markings, declassification status, and final source note.",https://foia.state.gov/DOCUMENTS/FOIA_L_Feb2024/FL-2017-13804/DOC_0C09000096/C09000096.pdf,https://foia.state.gov/DOCUMENTS/FOIA_L_Feb2024/FL-2017-13804/DOC_0C09000096/C09000096.pdf,"Source: Department of State, FOIA Virtual Reading Room, Strobe Talbott FOIA release, Document C09000096. Unclassified.",,,,,,,,
55,First 40 released-source triage,,32,strobe-C09000046,117,Source Lead,1997-06-19,"MEMCON OF SECRETARY ALBRIGHT/RUSSIAN FOREIGN MINISTER PRIMAKOV DINNER AT THE G-8 DENVER SUMMIT, BUCKHORN EXCHANGE, JUNE 19, 1997",NATO-Russia and Partnership,Pending,Department of State FOIA Virtual Reading Room,Department of State FOIA Virtual Reading Room / State Department FOIA Library / Strobe Talbott FOIA / C09000046,covered for triage,Hungary (covered for triage); Russia and NATO-Russia negotiations (covered for triage),hungary; russia,,,,,,,released-source triage,"Open released PDF, decide include/context/exclude, capture page span, markings, declassification status, and final source note.",https://foia.state.gov/DOCUMENTS/FOIA_L_Oct2024/FL-2017-13804/DOC_0C09000046/C09000046.pdf,https://foia.state.gov/DOCUMENTS/FOIA_L_Oct2024/FL-2017-13804/DOC_0C09000046/C09000046.pdf,"Source: Department of State, FOIA Virtual Reading Room, Strobe Talbott FOIA release, Document C09000046. Confidential.",,,,,,,,
56,First 40 released-source triage,,33,strobe-C09000029,117,Source Lead,1999-04-22,Meeting with NATO Secretary General Javier Solana,European Security Architecture,Pending,Department of State FOIA Virtual Reading Room,Department of State FOIA Virtual Reading Room / State Department FOIA Library / Strobe Talbott FOIA / C09000029,covered for triage,NATO and Atlantic Alliance core (covered for triage); NATO Secretary General and alliance leadership (covered for triage),nato_core; nato_secretary_general,,,,,,,released-source triage,"Open released PDF, decide include/context/exclude, capture page span, markings, declassification status, and final source note.",https://foia.state.gov/DOCUMENTS/FOIA_L_June2024/FL-2017-13804/DOC_0C09000029/C09000029.pdf,https://foia.state.gov/DOCUMENTS/FOIA_L_June2024/FL-2017-13804/DOC_0C09000029/C09000029.pdf,"Source: Department of State, FOIA Virtual Reading Room, Strobe Talbott FOIA release, Document C09000029. Secret.",,,,,,,,
57,First 40 released-source triage,,34,strobe-C09000041,115,Source Lead,1997-07-01,"July 1, 1997 Letter From Strobe Talbott To Livia Sylva w/Attachment(s)",European Security Architecture,Include candidate,Department of State FOIA Virtual Reading Room,Department of State FOIA Virtual Reading Room / State Department FOIA Library / Strobe Talbott FOIA / C09000041,,,,,,,,,,released-source triage,"Open released PDF, decide include/context/exclude, capture page span, markings, declassification status, and final source note.",https://foia.state.gov/DOCUMENTS/FOIA_L_Jan2024/FL-2017-13804/DOC_0C09000041/C09000041.pdf,https://foia.state.gov/DOCUMENTS/FOIA_L_Jan2024/FL-2017-13804/DOC_0C09000041/C09000041.pdf,"Source: Department of State, FOIA Virtual Reading Room, Strobe Talbott FOIA release, Document C09000041. Unclassified.",,,,,,,,
58,First 40 released-source triage,,35,strobe-C09000060,115,Source Lead,1997-07-22,"July 22, 1997 Letter From Strobe Talbott To H.E. Anatoly Chubais",NATO-Russia and Partnership,Include candidate,Department of State FOIA Virtual Reading Room,Department of State FOIA Virtual Reading Room / State Department FOIA Library / Strobe Talbott FOIA / C09000060,,,,,,,,,,released-source triage,"Open released PDF, decide include/context/exclude, capture page span, markings, declassification status, and final source note.",https://foia.state.gov/DOCUMENTS/FOIA_L_Apr2024/FL-2017-13804/DOC_0C09000060/C09000060.pdf,https://foia.state.gov/DOCUMENTS/FOIA_L_Apr2024/FL-2017-13804/DOC_0C09000060/C09000060.pdf,"Source: Department of State, FOIA Virtual Reading Room, Strobe Talbott FOIA release, Document C09000060. Unclassified.",,,,,,,,
59,First 40 released-source triage,,36,strobe-C09000090,115,Source Lead,1998-02-15,"February 15, 1998 Note From Strobe Talbott To Amb. Grossman",European Security Architecture,Include candidate,Department of State FOIA Virtual Reading Room,Department of State FOIA Virtual Reading Room / State Department FOIA Library / Strobe Talbott FOIA / C09000090,,,,,,,,,,released-source triage,"Open released PDF, decide include/context/exclude, capture page span, markings, declassification status, and final source note.",https://foia.state.gov/DOCUMENTS/FOIA_L_Oct2023/FL-2017-13804/DOC_0C09000090/C09000090.pdf,https://foia.state.gov/DOCUMENTS/FOIA_L_Oct2023/FL-2017-13804/DOC_0C09000090/C09000090.pdf,"Source: Department of State, FOIA Virtual Reading Room, Strobe Talbott FOIA release, Document C09000090. Unclassified.",,,,,,,,
60,First 40 released-source triage,,37,strobe-C09000004,115,Source Lead,1998-03-26,Weekly Report from the Department of State,NATO-Russia and Partnership,Include candidate,Department of State FOIA Virtual Reading Room,Department of State FOIA Virtual Reading Room / State Department FOIA Library / Strobe Talbott FOIA / C09000004,,,,,,,,,,released-source triage,"Open released PDF, decide include/context/exclude, capture page span, markings, declassification status, and final source note.",https://foia.state.gov/DOCUMENTS/FOIA_L_Apr2023/FL-2017-13804/DOC_0C09000004/C09000004.pdf,https://foia.state.gov/DOCUMENTS/FOIA_L_Apr2023/FL-2017-13804/DOC_0C09000004/C09000004.pdf,"Source: Department of State, FOIA Virtual Reading Room, Strobe Talbott FOIA release, Document C09000004. Confidential; Nodis.",,,,,,,,
61,First 40 released-source triage,,38,strobe-C09000038,115,Source Lead,1999-05-15,"Memorandum of Conversation: Meeting with President Ahtisaari, May 15, 1999",NATO-Russia and Partnership,Include candidate,Department of State FOIA Virtual Reading Room,Department of State FOIA Virtual Reading Room / State Department FOIA Library / Strobe Talbott FOIA / C09000038,,,,,,,,,,released-source triage,"Open released PDF, decide include/context/exclude, capture page span, markings, declassification status, and final source note.",https://foia.state.gov/DOCUMENTS/FOIA_L_June2024/FL-2017-13804/DOC_0C09000038/C09000038.pdf,https://foia.state.gov/DOCUMENTS/FOIA_L_June2024/FL-2017-13804/DOC_0C09000038/C09000038.pdf,"Source: Department of State, FOIA Virtual Reading Room, Strobe Talbott FOIA release, Document C09000038. Secret.",,,,,,,,
62,First 40 released-source triage,,39,strobe-C09000010,115,Source Lead,2000-07-31,"July 31, 2000 Note From Strobe Talbott To the Secretary",NATO Strategy and Enlargement,Include candidate,Department of State FOIA Virtual Reading Room,Department of State FOIA Virtual Reading Room / State Department FOIA Library / Strobe Talbott FOIA / C09000010,,,,,,,,,,released-source triage,"Open released PDF, decide include/context/exclude, capture page span, markings, declassification status, and final source note.",https://foia.state.gov/DOCUMENTS/FOIA_L_Apr2024/FL-2017-13804/DOC_0C09000010/C09000010.pdf,https://foia.state.gov/DOCUMENTS/FOIA_L_Apr2024/FL-2017-13804/DOC_0C09000010/C09000010.pdf,"Source: Department of State, FOIA Virtual Reading Room, Strobe Talbott FOIA release, Document C09000010. Confidential.",,,,,,,,
63,First 40 released-source triage,,40,strobe-C09000013,113,Source Lead,1997-03-21,JOINT STATEMENT ON U.S.-RUSSIA ECONOMIC INITIATIVE,NATO-Russia and Partnership,Pending,Department of State FOIA Virtual Reading Room,Department of State FOIA Virtual Reading Room / State Department FOIA Library / Strobe Talbott FOIA / C09000013,covered for triage,Russia and NATO-Russia negotiations (covered for triage),russia,,,,,,,released-source triage,"Open released PDF, decide include/context/exclude, capture page span, markings, declassification status, and final source note.",https://foia.state.gov/DOCUMENTS/FOIA_L_July2024/FL-2017-13804/DOC_0C09000013/C09000013.pdf,https://foia.state.gov/DOCUMENTS/FOIA_L_July2024/FL-2017-13804/DOC_0C09000013/C09000013.pdf,"Source: Department of State, FOIA Virtual Reading Room, Strobe Talbott FOIA release, Document C09000013. Unclassified.",,,,,,,,
64,Crisis split backlog,,,nara-scout-40482473,148,Scout Lead,1993-01-01,Bosnia - NATO [1],Crisis Security Files,Context candidate,National Archives Catalog,National Archives Catalog / Records of the National Security Council European Affairs Office (Clinton Administration) / Donald Kerrick's Files / Bosnia - NATO [1] / NAID 40482473,overweight,"Bosnia, Dayton, IFOR, and SFOR (overweight); NATO and Atlantic Alliance core (covered for triage)",bosnia_ifor_sfor; nato_core,,,,,,,file-unit extraction,Open catalog PDF only to separate direct NATO decision material from crisis context or implementation background.,https://catalog.archives.gov/id/40482473,https://s3.amazonaws.com/NARAprodstorage/opastorage/live/73/4824/40482473/content/presidential-libraries/clinton/foia/2008/2008-0994-F/2008-0994-F-Bosnia-JPG/Box_021/42-t-7585486-20080994F-021-010-2016/42_t_7585486_20080994F_021_010_2016_Page_001.JPG,"Source: National Archives and Records Administration, National Archives Catalog, Records of the National Security Council European Affairs Office (Clinton Administration), Donald Kerrick's Files, Bosnia - NATO [1], NAID 40482473.",,,,,,,,
65,Crisis split backlog,,,nara-scout-40482474,148,Scout Lead,1993-01-01,Bosnia - NATO [2],Crisis Security Files,Context candidate,National Archives Catalog,National Archives Catalog / Records of the National Security Council European Affairs Office (Clinton Administration) / Donald Kerrick's Files / Bosnia - NATO [2] / NAID 40482474,overweight,"Bosnia, Dayton, IFOR, and SFOR (overweight); NATO and Atlantic Alliance core (covered for triage)",bosnia_ifor_sfor; nato_core,,,,,,,file-unit extraction,Open catalog PDF only to separate direct NATO decision material from crisis context or implementation background.,https://catalog.archives.gov/id/40482474,https://s3.amazonaws.com/NARAprodstorage/opastorage/live/74/4824/40482474/content/presidential-libraries/clinton/foia/2008/2008-0994-F/2008-0994-F-Bosnia-JPG/Box_022/42-t-7585486-20080994F-022-001-2016/42_t_7585486_20080994F_022_001_2016_Page_001.JPG,"Source: National Archives and Records Administration, National Archives Catalog, Records of the National Security Council European Affairs Office (Clinton Administration), Donald Kerrick's Files, Bosnia - NATO [2], NAID 40482474.",,,,,,,,
66,Crisis split backlog,,,nara-scout-40482283,144,Scout Lead,1993-01-01,[Balkans: Bosnia] [3],Crisis Security Files,Context candidate,National Archives Catalog,National Archives Catalog / Records of the National Security Council European Affairs Office (Clinton Administration) / Jane Holl's Files / [Balkans: Bosnia] [3] / NAID 40482283,overweight,"Bosnia, Dayton, IFOR, and SFOR (overweight)",bosnia_ifor_sfor,,,,,,,file-unit extraction,Open catalog PDF only to separate direct NATO decision material from crisis context or implementation background.,https://catalog.archives.gov/id/40482283,https://s3.amazonaws.com/NARAprodstorage/opastorage/live/83/4822/40482283/content/presidential-libraries/clinton/foia/2008/2008-0994-F/2008-0994-F-Bosnia-JPG/Box_002/42-t-7585484-20080994F-002-006-2016/42_t_7585484_20080994F_002_006_2016_Page_001.JPG,"Source: National Archives and Records Administration, National Archives Catalog, Records of the National Security Council European Affairs Office (Clinton Administration), Jane Holl's Files, [Balkans: Bosnia] [3], NAID 40482283.",,,,,,,,
67,Crisis split backlog,,,nara-scout-40482327,144,Scout Lead,1993-01-01,"[Bosnia - Hercegovina, February - March 1993] [3]",Crisis Security Files,Context candidate,National Archives Catalog,"National Archives Catalog / Records of the National Security Council European Affairs Office (Clinton Administration) / Jane Holl's Files / [Bosnia - Hercegovina, February - March 1993] [3] / NAID 40482327",overweight,"Bosnia, Dayton, IFOR, and SFOR (overweight)",bosnia_ifor_sfor,,,,,,,file-unit extraction,Open catalog PDF only to separate direct NATO decision material from crisis context or implementation background.,https://catalog.archives.gov/id/40482327,https://s3.amazonaws.com/NARAprodstorage/opastorage/live/27/4823/40482327/content/presidential-libraries/clinton/foia/2008/2008-0994-F/2008-0994-F-Bosnia-JPG/Box_006/42-t-7585484-20080994F-006-008-2016/42_t_7585484_20080994F_006_008_2016_Page_001.JPG,"Source: National Archives and Records Administration, National Archives Catalog, Records of the National Security Council European Affairs Office (Clinton Administration), Jane Holl's Files, [Bosnia - Hercegovina, February - March 1993] [3], NAID 40482327.",,,,,,,,
68,Crisis split backlog,,,nara-scout-40482296,144,Scout Lead,1993-01-01,[Bosnia] [8],Crisis Security Files,Context candidate,National Archives Catalog,National Archives Catalog / Records of the National Security Council European Affairs Office (Clinton Administration) / Jane Holl's Files / [Bosnia] [8] / NAID 40482296,overweight,"Bosnia, Dayton, IFOR, and SFOR (overweight)",bosnia_ifor_sfor,,,,,,,file-unit extraction,Open catalog PDF only to separate direct NATO decision material from crisis context or implementation background.,https://catalog.archives.gov/id/40482296,https://s3.amazonaws.com/NARAprodstorage/opastorage/live/96/4822/40482296/content/presidential-libraries/clinton/foia/2008/2008-0994-F/2008-0994-F-Bosnia-JPG/Box_003/42-t-7585484-20080994F-003-009-2016/42_t_7585484_20080994F_003_009_2016_Page_001.JPG,"Source: National Archives and Records Administration, National Archives Catalog, Records of the National Security Council European Affairs Office (Clinton Administration), Jane Holl's Files, [Bosnia] [8], NAID 40482296.",,,,,,,,
69,Crisis split backlog,,,nara-scout-40482344,144,Scout Lead,1993-01-01,"Bosnia - Hercegovina, May - June 1993 [3]",Crisis Security Files,Context candidate,National Archives Catalog,"National Archives Catalog / Records of the National Security Council European Affairs Office (Clinton Administration) / Jane Holl's Files / Bosnia - Hercegovina, May - June 1993 [3] / NAID 40482344",overweight,"Bosnia, Dayton, IFOR, and SFOR (overweight)",bosnia_ifor_sfor,,,,,,,file-unit extraction,Open catalog PDF only to separate direct NATO decision material from crisis context or implementation background.,https://catalog.archives.gov/id/40482344,https://s3.amazonaws.com/NARAprodstorage/opastorage/live/44/4823/40482344/content/presidential-libraries/clinton/foia/2008/2008-0994-F/2008-0994-F-Bosnia-JPG/Box_008/42-t-7585484-20080994F-008-007-2016/42_t_7585484_20080994F_008_007_2016_Page_001.JPG,"Source: National Archives and Records Administration, National Archives Catalog, Records of the National Security Council European Affairs Office (Clinton Administration), Jane Holl's Files, Bosnia - Hercegovina, May - June 1993 [3], NAID 40482344.",,,,,,,,
70,Crisis split backlog,,,nara-scout-40482459,144,Scout Lead,1993-01-01,Bosnia - Letters [1],Crisis Security Files,Context candidate,National Archives Catalog,National Archives Catalog / Records of the National Security Council European Affairs Office (Clinton Administration) / Donald Kerrick's Files / Bosnia - Letters [1] / NAID 40482459,overweight,"Bosnia, Dayton, IFOR, and SFOR (overweight)",bosnia_ifor_sfor,,,,,,,file-unit extraction,Open catalog PDF only to separate direct NATO decision material from crisis context or implementation background.,https://catalog.archives.gov/id/40482459,https://s3.amazonaws.com/NARAprodstorage/opastorage/live/59/4824/40482459/content/presidential-libraries/clinton/foia/2008/2008-0994-F/2008-0994-F-Bosnia-JPG/Box_020/42-t-7585486-20080994F-020-005-2016/42_t_7585486_20080994F_020_005_2016_Page_001.JPG,"Source: National Archives and Records Administration, National Archives Catalog, Records of the National Security Council European Affairs Office (Clinton Administration), Donald Kerrick's Files, Bosnia - Letters [1], NAID 40482459.",,,,,,,,
71,Crisis split backlog,,,nara-scout-40482481,144,Scout Lead,1993-01-01,Bosnia - Papers [6],Crisis Security Files,Context candidate,National Archives Catalog,National Archives Catalog / Records of the National Security Council European Affairs Office (Clinton Administration) / Donald Kerrick's Files / Bosnia - Papers [6] / NAID 40482481,overweight,"Bosnia, Dayton, IFOR, and SFOR (overweight)",bosnia_ifor_sfor,,,,,,,file-unit extraction,Open catalog PDF only to separate direct NATO decision material from crisis context or implementation background.,https://catalog.archives.gov/id/40482481,https://s3.amazonaws.com/NARAprodstorage/opastorage/live/81/4824/40482481/content/presidential-libraries/clinton/foia/2008/2008-0994-F/2008-0994-F-Bosnia-JPG/Box_022/42-t-7585486-20080994F-022-008-2016/42_t_7585486_20080994F_022_008_2016_Page_001.JPG,"Source: National Archives and Records Administration, National Archives Catalog, Records of the National Security Council European Affairs Office (Clinton Administration), Donald Kerrick's Files, Bosnia - Papers [6], NAID 40482481.",,,,,,,,
72,Crisis split backlog,,,nara-scout-40482504,144,Scout Lead,1993-01-01,Bosnia - Talking Points [2],Crisis Security Files,Context candidate,National Archives Catalog,National Archives Catalog / Records of the National Security Council European Affairs Office (Clinton Administration) / Donald Kerrick's Files / Bosnia - Talking Points [2] / NAID 40482504,overweight,"Bosnia, Dayton, IFOR, and SFOR (overweight)",bosnia_ifor_sfor,,,,,,,file-unit extraction,Open catalog PDF only to separate direct NATO decision material from crisis context or implementation background.,https://catalog.archives.gov/id/40482504,https://s3.amazonaws.com/NARAprodstorage/opastorage/live/4/4825/40482504/content/presidential-libraries/clinton/foia/2008/2008-0994-F/2008-0994-F-Bosnia-JPG/Box_025/42-t-7585486-20080994F-025-001-2016/42_t_7585486_20080994F_025_001_2016_Page_001.JPG,"Source: National Archives and Records Administration, National Archives Catalog, Records of the National Security Council European Affairs Office (Clinton Administration), Donald Kerrick's Files, Bosnia - Talking Points [2], NAID 40482504.",,,,,,,,
73,Crisis split backlog,,,nara-scout-40482507,144,Scout Lead,1993-01-01,Bosnia - Talking Points [5],Crisis Security Files,Context candidate,National Archives Catalog,National Archives Catalog / Records of the National Security Council European Affairs Office (Clinton Administration) / Donald Kerrick's Files / Bosnia - Talking Points [5] / NAID 40482507,overweight,"Bosnia, Dayton, IFOR, and SFOR (overweight)",bosnia_ifor_sfor,,,,,,,file-unit extraction,Open catalog PDF only to separate direct NATO decision material from crisis context or implementation background.,https://catalog.archives.gov/id/40482507,https://s3.amazonaws.com/NARAprodstorage/opastorage/live/7/4825/40482507/content/presidential-libraries/clinton/foia/2008/2008-0994-F/2008-0994-F-Bosnia-JPG/Box_025/42-t-7585486-20080994F-025-004-2016/42_t_7585486_20080994F_025_004_2016_Page_001.JPG,"Source: National Archives and Records Administration, National Archives Catalog, Records of the National Security Council European Affairs Office (Clinton Administration), Donald Kerrick's Files, Bosnia - Talking Points [5], NAID 40482507.",,,,,,,,
74,Crisis split backlog,,,nara-scout-40482383,144,Scout Lead,1994-01-01,"[Bosnia - Hercegovina, February 1994 Implementation] [1]",Crisis Security Files,Context candidate,National Archives Catalog,"National Archives Catalog / Records of the National Security Council European Affairs Office (Clinton Administration) / Jane Holl's Files / [Bosnia - Hercegovina, February 1994 Implementation] [1] / NAID 40482383",overweight,"Bosnia, Dayton, IFOR, and SFOR (overweight)",bosnia_ifor_sfor,,,,,,,file-unit extraction,Open catalog PDF only to separate direct NATO decision material from crisis context or implementation background.,https://catalog.archives.gov/id/40482383,https://s3.amazonaws.com/NARAprodstorage/opastorage/live/83/4823/40482383/content/presidential-libraries/clinton/foia/2008/2008-0994-F/2008-0994-F-Bosnia-JPG/Box_012/42-t-7585484-20080994F-012-010-2016/42_t_7585484_20080994F_012_010_2016_Page_001.JPG,"Source: National Archives and Records Administration, National Archives Catalog, Records of the National Security Council European Affairs Office (Clinton Administration), Jane Holl's Files, [Bosnia - Hercegovina, February 1994 Implementation] [1], NAID 40482383.",,,,,,,,
75,Crisis split backlog,,,nara-scout-40482382,144,Scout Lead,1994-01-01,"[Bosnia - Hercegovina, February 1994] [2]",Crisis Security Files,Context candidate,National Archives Catalog,"National Archives Catalog / Records of the National Security Council European Affairs Office (Clinton Administration) / Jane Holl's Files / [Bosnia - Hercegovina, February 1994] [2] / NAID 40482382",overweight,"Bosnia, Dayton, IFOR, and SFOR (overweight)",bosnia_ifor_sfor,,,,,,,file-unit extraction,Open catalog PDF only to separate direct NATO decision material from crisis context or implementation background.,https://catalog.archives.gov/id/40482382,https://s3.amazonaws.com/NARAprodstorage/opastorage/live/82/4823/40482382/content/presidential-libraries/clinton/foia/2008/2008-0994-F/2008-0994-F-Bosnia-JPG/Box_012/42-t-7585484-20080994F-012-009-2016/42_t_7585484_20080994F_012_009_2016_Page_001.JPG,"Source: National Archives and Records Administration, National Archives Catalog, Records of the National Security Council European Affairs Office (Clinton Administration), Jane Holl's Files, [Bosnia - Hercegovina, February 1994] [2], NAID 40482382.",,,,,,,,
76,Crisis split backlog,,,nara-scout-120361439,144,Scout Lead,1994-01-01,Bosnia Post-Bihac (Mid-Nov. - Early-Dec. 1994) [6],Crisis Security Files,Context candidate,National Archives Catalog,National Archives Catalog / Records of the National Security Council European Affairs Office (Clinton Administration) / Alexander Vershbow's Files / Bosnia Post-Bihac (Mid-Nov. - Early-Dec. 1994) [6] / NAID 120361439,overweight,"Bosnia, Dayton, IFOR, and SFOR (overweight)",bosnia_ifor_sfor,,,,,,,file-unit extraction,Open catalog PDF only to separate direct NATO decision material from crisis context or implementation background.,https://catalog.archives.gov/id/120361439,https://s3.amazonaws.com/NARAprodstorage/lz/presidential-libraries/clinton/foia/2013/2013-0687-f/42-t-7585499-20130687F-002-006-2016.pdf,"Source: National Archives and Records Administration, National Archives Catalog, Records of the National Security Council European Affairs Office (Clinton Administration), Alexander Vershbow's Files, Bosnia Post-Bihac (Mid-Nov. - Early-Dec. 1994) [6], NAID 120361439.",,,,,,,,
77,Crisis split backlog,,,nara-scout-120361695,144,Scout Lead,1995-01-01,Bosnia - August 1995: Early [3],Crisis Security Files,Context candidate,National Archives Catalog,National Archives Catalog / Records of the National Security Council European Affairs Office (Clinton Administration) / Alexander Vershbow's Files / Bosnia - August 1995: Early [3] / NAID 120361695,overweight,"Bosnia, Dayton, IFOR, and SFOR (overweight)",bosnia_ifor_sfor,,,,,,,file-unit extraction,Open catalog PDF only to separate direct NATO decision material from crisis context or implementation background.,https://catalog.archives.gov/id/120361695,https://s3.amazonaws.com/NARAprodstorage/lz/presidential-libraries/clinton/foia/2013/2013-0687-f/42-t-7585499-20130687F-012-002-2016.pdf,"Source: National Archives and Records Administration, National Archives Catalog, Records of the National Security Council European Affairs Office (Clinton Administration), Alexander Vershbow's Files, Bosnia - August 1995: Early [3], NAID 120361695.",,,,,,,,
78,Crisis split backlog,,,nara-scout-120361703,144,Scout Lead,1995-01-01,Bosnia - August 1995: Late [3],Crisis Security Files,Context candidate,National Archives Catalog,National Archives Catalog / Records of the National Security Council European Affairs Office (Clinton Administration) / Alexander Vershbow's Files / Bosnia - August 1995: Late [3] / NAID 120361703,overweight,"Bosnia, Dayton, IFOR, and SFOR (overweight)",bosnia_ifor_sfor,,,,,,,file-unit extraction,Open catalog PDF only to separate direct NATO decision material from crisis context or implementation background.,https://catalog.archives.gov/id/120361703,https://s3.amazonaws.com/NARAprodstorage/lz/presidential-libraries/clinton/foia/2013/2013-0687-f/42-t-7585499-20130687F-012-006-2016.pdf,"Source: National Archives and Records Administration, National Archives Catalog, Records of the National Security Council European Affairs Office (Clinton Administration), Alexander Vershbow's Files, Bosnia - August 1995: Late [3], NAID 120361703.",,,,,,,,
79,Crisis split backlog,,,nara-scout-120361685,144,Scout Lead,1995-01-01,Bosnia - July 1995: End July-Early August [3],Crisis Security Files,Context candidate,National Archives Catalog,National Archives Catalog / Records of the National Security Council European Affairs Office (Clinton Administration) / Alexander Vershbow's Files / Bosnia - July 1995: End July-Early August [3] / NAID 120361685,overweight,"Bosnia, Dayton, IFOR, and SFOR (overweight)",bosnia_ifor_sfor,,,,,,,file-unit extraction,Open catalog PDF only to separate direct NATO decision material from crisis context or implementation background.,https://catalog.archives.gov/id/120361685,https://s3.amazonaws.com/NARAprodstorage/lz/presidential-libraries/clinton/foia/2013/2013-0687-f/42-t-7585499-20130687F-011-015-2016.pdf,"Source: National Archives and Records Administration, National Archives Catalog, Records of the National Security Council European Affairs Office (Clinton Administration), Alexander Vershbow's Files, Bosnia - July 1995: End July-Early August [3], NAID 120361685.",,,,,,,,
80,Crisis split backlog,,,nara-scout-120361673,144,Scout Lead,1995-01-01,Bosnia - July 1995: Mid.-Late [2],Crisis Security Files,Context candidate,National Archives Catalog,National Archives Catalog / Records of the National Security Council European Affairs Office (Clinton Administration) / Alexander Vershbow's Files / Bosnia - July 1995: Mid.-Late [2] / NAID 120361673,overweight,"Bosnia, Dayton, IFOR, and SFOR (overweight)",bosnia_ifor_sfor,,,,,,,file-unit extraction,Open catalog PDF only to separate direct NATO decision material from crisis context or implementation background.,https://catalog.archives.gov/id/120361673,https://s3.amazonaws.com/NARAprodstorage/lz/presidential-libraries/clinton/foia/2013/2013-0687-f/42-t-7585499-20130687F-011-009-2016.pdf,"Source: National Archives and Records Administration, National Archives Catalog, Records of the National Security Council European Affairs Office (Clinton Administration), Alexander Vershbow's Files, Bosnia - July 1995: Mid.-Late [2], NAID 120361673.",,,,,,,,
81,Crisis split backlog,,,nara-scout-120361679,144,Scout Lead,1995-01-01,Bosnia - July 1995: Mid.-Late [5],Crisis Security Files,Context candidate,National Archives Catalog,National Archives Catalog / Records of the National Security Council European Affairs Office (Clinton Administration) / Alexander Vershbow's Files / Bosnia - July 1995: Mid.-Late [5] / NAID 120361679,overweight,"Bosnia, Dayton, IFOR, and SFOR (overweight)",bosnia_ifor_sfor,,,,,,,file-unit extraction,Open catalog PDF only to separate direct NATO decision material from crisis context or implementation background.,https://catalog.archives.gov/id/120361679,https://s3.amazonaws.com/NARAprodstorage/lz/presidential-libraries/clinton/foia/2013/2013-0687-f/42-t-7585499-20130687F-011-012-2016.pdf,"Source: National Archives and Records Administration, National Archives Catalog, Records of the National Security Council European Affairs Office (Clinton Administration), Alexander Vershbow's Files, Bosnia - July 1995: Mid.-Late [5], NAID 120361679.",,,,,,,,
82,Crisis split backlog,,,nara-scout-120361631,144,Scout Lead,1995-01-01,Bosnia - June 1995: Early [2],Crisis Security Files,Context candidate,National Archives Catalog,National Archives Catalog / Records of the National Security Council European Affairs Office (Clinton Administration) / Alexander Vershbow's Files / Bosnia - June 1995: Early [2] / NAID 120361631,overweight,"Bosnia, Dayton, IFOR, and SFOR (overweight)",bosnia_ifor_sfor,,,,,,,file-unit extraction,Open catalog PDF only to separate direct NATO decision material from crisis context or implementation background.,https://catalog.archives.gov/id/120361631,https://s3.amazonaws.com/NARAprodstorage/lz/presidential-libraries/clinton/foia/2013/2013-0687-f/42-t-7585499-20130687F-009-013-2016.pdf,"Source: National Archives and Records Administration, National Archives Catalog, Records of the National Security Council European Affairs Office (Clinton Administration), Alexander Vershbow's Files, Bosnia - June 1995: Early [2], NAID 120361631.",,,,,,,,
83,Crisis split backlog,,,nara-scout-120361615,144,Scout Lead,1995-01-01,Bosnia - May 1995: Mid.-Late [1],Crisis Security Files,Context candidate,National Archives Catalog,National Archives Catalog / Records of the National Security Council European Affairs Office (Clinton Administration) / Alexander Vershbow's Files / Bosnia - May 1995: Mid.-Late [1] / NAID 120361615,overweight,"Bosnia, Dayton, IFOR, and SFOR (overweight)",bosnia_ifor_sfor,,,,,,,file-unit extraction,Open catalog PDF only to separate direct NATO decision material from crisis context or implementation background.,https://catalog.archives.gov/id/120361615,https://s3.amazonaws.com/NARAprodstorage/lz/presidential-libraries/clinton/foia/2013/2013-0687-f/42-t-7585499-20130687F-009-005-2016.pdf,"Source: National Archives and Records Administration, National Archives Catalog, Records of the National Security Council European Affairs Office (Clinton Administration), Alexander Vershbow's Files, Bosnia - May 1995: Mid.-Late [1], NAID 120361615.",,,,,,,,
84,Crisis split backlog,,,nara-scout-120361731,144,Scout Lead,1995-01-01,Bosnia - September 1995 (Early) [2],Crisis Security Files,Context candidate,National Archives Catalog,National Archives Catalog / Records of the National Security Council European Affairs Office (Clinton Administration) / Alexander Vershbow's Files / Bosnia - September 1995 (Early) [2] / NAID 120361731,overweight,"Bosnia, Dayton, IFOR, and SFOR (overweight)",bosnia_ifor_sfor,,,,,,,file-unit extraction,Open catalog PDF only to separate direct NATO decision material from crisis context or implementation background.,https://catalog.archives.gov/id/120361731,https://s3.amazonaws.com/NARAprodstorage/lz/presidential-libraries/clinton/foia/2013/2013-0687-f/42-t-7585499-20130687F-013-008-2016.pdf,"Source: National Archives and Records Administration, National Archives Catalog, Records of the National Security Council European Affairs Office (Clinton Administration), Alexander Vershbow's Files, Bosnia - September 1995 (Early) [2], NAID 120361731.",,,,,,,,
85,Crisis split backlog,,,nara-scout-120361739,144,Scout Lead,1995-01-01,Bosnia - September 1995 (Early): Early Sept. [4],Crisis Security Files,Context candidate,National Archives Catalog,National Archives Catalog / Records of the National Security Council European Affairs Office (Clinton Administration) / Alexander Vershbow's Files / Bosnia - September 1995 (Early): Early Sept. [4] / NAID 120361739,overweight,"Bosnia, Dayton, IFOR, and SFOR (overweight)",bosnia_ifor_sfor,,,,,,,file-unit extraction,Open catalog PDF only to separate direct NATO decision material from crisis context or implementation background.,https://catalog.archives.gov/id/120361739,https://s3.amazonaws.com/NARAprodstorage/lz/presidential-libraries/clinton/foia/2013/2013-0687-f/42-t-7585499-20130687F-013-012-2016.pdf,"Source: National Archives and Records Administration, National Archives Catalog, Records of the National Security Council European Affairs Office (Clinton Administration), Alexander Vershbow's Files, Bosnia - September 1995 (Early): Early Sept. [4], NAID 120361739.",,,,,,,,
86,Crisis split backlog,,,nara-scout-120361749,144,Scout Lead,1995-01-01,Bosnia - September 1995 (Early): Early-Mid. [4],Crisis Security Files,Context candidate,National Archives Catalog,National Archives Catalog / Records of the National Security Council European Affairs Office (Clinton Administration) / Alexander Vershbow's Files / Bosnia - September 1995 (Early): Early-Mid. [4] / NAID 120361749,overweight,"Bosnia, Dayton, IFOR, and SFOR (overweight)",bosnia_ifor_sfor,,,,,,,file-unit extraction,Open catalog PDF only to separate direct NATO decision material from crisis context or implementation background.,https://catalog.archives.gov/id/120361749,https://s3.amazonaws.com/NARAprodstorage/lz/presidential-libraries/clinton/foia/2013/2013-0687-f/42-t-7585499-20130687F-014-005-2016.pdf,"Source: National Archives and Records Administration, National Archives Catalog, Records of the National Security Council European Affairs Office (Clinton Administration), Alexander Vershbow's Files, Bosnia - September 1995 (Early): Early-Mid. [4], NAID 120361749.",,,,,,,,
87,Crisis split backlog,,,nara-scout-120361765,144,Scout Lead,1995-01-01,Bosnia - September 1995 (Late) [5],Crisis Security Files,Context candidate,National Archives Catalog,National Archives Catalog / Records of the National Security Council European Affairs Office (Clinton Administration) / Alexander Vershbow's Files / Bosnia - September 1995 (Late) [5] / NAID 120361765,overweight,"Bosnia, Dayton, IFOR, and SFOR (overweight)",bosnia_ifor_sfor,,,,,,,file-unit extraction,Open catalog PDF only to separate direct NATO decision material from crisis context or implementation background.,https://catalog.archives.gov/id/120361765,https://s3.amazonaws.com/NARAprodstorage/lz/presidential-libraries/clinton/foia/2013/2013-0687-f/42-t-7585499-20130687F-015-001-2016.pdf,"Source: National Archives and Records Administration, National Archives Catalog, Records of the National Security Council European Affairs Office (Clinton Administration), Alexander Vershbow's Files, Bosnia - September 1995 (Late) [5], NAID 120361765.",,,,,,,,
88,Crisis split backlog,,,nara-scout-120361769,144,Scout Lead,1995-01-01,Bosnia - September 1995 (Late) [7],Crisis Security Files,Context candidate,National Archives Catalog,National Archives Catalog / Records of the National Security Council European Affairs Office (Clinton Administration) / Alexander Vershbow's Files / Bosnia - September 1995 (Late) [7] / NAID 120361769,overweight,"Bosnia, Dayton, IFOR, and SFOR (overweight)",bosnia_ifor_sfor,,,,,,,file-unit extraction,Open catalog PDF only to separate direct NATO decision material from crisis context or implementation background.,https://catalog.archives.gov/id/120361769,https://s3.amazonaws.com/NARAprodstorage/lz/presidential-libraries/clinton/foia/2013/2013-0687-f/42-t-7585499-20130687F-015-003-2016.pdf,"Source: National Archives and Records Administration, National Archives Catalog, Records of the National Security Council European Affairs Office (Clinton Administration), Alexander Vershbow's Files, Bosnia - September 1995 (Late) [7], NAID 120361769.",,,,,,,,
89,Crisis split backlog,,,nara-scout-236750693,144,Scout Lead,1996-01-01,"Bosnia/Iran/IOB [Intelligence Oversight Board], April-May 1996 [2]",Crisis Security Files,Context candidate,National Archives Catalog,"National Archives Catalog / Records of the National Security Council European Affairs Office (Clinton Administration) / Alexander Vershbow's Files / Bosnia/Iran/IOB [Intelligence Oversight Board], April-May 1996 [2] / NAID 236750693",overweight,"Bosnia, Dayton, IFOR, and SFOR (overweight)",bosnia_ifor_sfor,,,,,,,file-unit extraction,Open catalog PDF only to separate direct NATO decision material from crisis context or implementation background.,https://catalog.archives.gov/id/236750693,https://s3.us-east-1.amazonaws.com/NARAprodstorage/lz/presidential-libraries/clinton/wjc-nscea/7585499/7585499-20060996F-002-002-2022-001.JPG,"Source: National Archives and Records Administration, National Archives Catalog, Records of the National Security Council European Affairs Office (Clinton Administration), Alexander Vershbow's Files, Bosnia/Iran/IOB [Intelligence Oversight Board], April-May 1996 [2], NAID 236750693.",,,,,,,,
90,Crisis split backlog,,,nara-scout-236750694,144,Scout Lead,1996-01-01,"Bosnia/Iran/IOB [Intelligence Oversight Board], April-May 1996 [3]",Crisis Security Files,Context candidate,National Archives Catalog,"National Archives Catalog / Records of the National Security Council European Affairs Office (Clinton Administration) / Alexander Vershbow's Files / Bosnia/Iran/IOB [Intelligence Oversight Board], April-May 1996 [3] / NAID 236750694",overweight,"Bosnia, Dayton, IFOR, and SFOR (overweight)",bosnia_ifor_sfor,,,,,,,file-unit extraction,Open catalog PDF only to separate direct NATO decision material from crisis context or implementation background.,https://catalog.archives.gov/id/236750694,https://s3.us-east-1.amazonaws.com/NARAprodstorage/lz/presidential-libraries/clinton/wjc-nscea/7585499/7585499-20060996F-002-003-2022-001.JPG,"Source: National Archives and Records Administration, National Archives Catalog, Records of the National Security Council European Affairs Office (Clinton Administration), Alexander Vershbow's Files, Bosnia/Iran/IOB [Intelligence Oversight Board], April-May 1996 [3], NAID 236750694.",,,,,,,,
91,Crisis split backlog,,,nara-scout-40482395,140,Scout Lead,1993-01-01,Bosnia - NATO,Crisis Security Files,Pending,National Archives Catalog,National Archives Catalog / Records of the National Security Council European Affairs Office (Clinton Administration) / Jane Holl's Files / Bosnia - NATO / NAID 40482395,overweight,"Bosnia, Dayton, IFOR, and SFOR (overweight); NATO and Atlantic Alliance core (covered for triage)",bosnia_ifor_sfor; nato_core,,,,,,,file-unit extraction,Open catalog PDF only to separate direct NATO decision material from crisis context or implementation background.,https://catalog.archives.gov/id/40482395,https://s3.amazonaws.com/NARAprodstorage/opastorage/live/95/4823/40482395/content/presidential-libraries/clinton/foia/2008/2008-0994-F/2008-0994-F-Bosnia-JPG/Box_014/42-t-7585484-20080994F-014-003-2016/42_t_7585484_20080994F_014_003_2016_Page_001.JPG,"Source: National Archives and Records Administration, National Archives Catalog, Records of the National Security Council European Affairs Office (Clinton Administration), Jane Holl's Files, Bosnia - NATO, NAID 40482395.",,,,,,,,
92,Crisis split backlog,,,nara-scout-40482475,140,Scout Lead,1993-01-01,Bosnia - NATO [3],Crisis Security Files,Pending,National Archives Catalog,National Archives Catalog / Records of the National Security Council European Affairs Office (Clinton Administration) / Donald Kerrick's Files / Bosnia - NATO [3] / NAID 40482475,overweight,"Bosnia, Dayton, IFOR, and SFOR (overweight); NATO and Atlantic Alliance core (covered for triage)",bosnia_ifor_sfor; nato_core,,,,,,,file-unit extraction,Open catalog PDF only to separate direct NATO decision material from crisis context or implementation background.,https://catalog.archives.gov/id/40482475,https://s3.amazonaws.com/NARAprodstorage/opastorage/live/75/4824/40482475/content/presidential-libraries/clinton/foia/2008/2008-0994-F/2008-0994-F-Bosnia-JPG/Box_022/42-t-7585486-20080994F-022-002-2016/42_t_7585486_20080994F_022_002_2016_Page_001.JPG,"Source: National Archives and Records Administration, National Archives Catalog, Records of the National Security Council European Affairs Office (Clinton Administration), Donald Kerrick's Files, Bosnia - NATO [3], NAID 40482475.",,,,,,,,
93,Crisis split backlog,,,nara-7388808-41051446,140,Scout Lead,1995-01-01,"PC0114 PC Meeting on Cechnya (Russia) and Bosnia-Hercegovina, January 20, 1995",Crisis Security Files,Pending,National Archives Catalog,"National Archives Catalog / PC0114 PC Meeting on Cechnya (Russia) and Bosnia-Hercegovina, January 20, 1995 / NAID 41051446",overweight,"Bosnia, Dayton, IFOR, and SFOR (overweight); Russia and NATO-Russia negotiations (covered for triage)",bosnia_ifor_sfor; russia,,,,,,,file-unit extraction,Open catalog PDF only to separate direct NATO decision material from crisis context or implementation background.,https://catalog.archives.gov/id/41051446,https://s3.amazonaws.com/NARAprodstorage/lz/presidential-libraries/clinton/7585709/42-t-7585709-20120798F-009-023-2016.pdf,"Source: National Archives and Records Administration, National Archives Catalog, PC0114 PC Meeting on Cechnya (Russia) and Bosnia-Hercegovina, January 20, 1995, NAID 41051446.",,,,,,,,
94,Crisis split backlog,,,nara-scout-40482281,136,Scout Lead,1993-01-01,[Balkans: Bosnia] [1],Crisis Security Files,Pending,National Archives Catalog,National Archives Catalog / Records of the National Security Council European Affairs Office (Clinton Administration) / Jane Holl's Files / [Balkans: Bosnia] [1] / NAID 40482281,overweight,"Bosnia, Dayton, IFOR, and SFOR (overweight)",bosnia_ifor_sfor,,,,,,,file-unit extraction,Open catalog PDF only to separate direct NATO decision material from crisis context or implementation background.,https://catalog.archives.gov/id/40482281,https://s3.amazonaws.com/NARAprodstorage/opastorage/live/81/4822/40482281/content/presidential-libraries/clinton/foia/2008/2008-0994-F/2008-0994-F-Bosnia-JPG/Box_002/42-t-7585484-20080994F-002-004-2016/42_t_7585484_20080994F_002_004_2016_Page_001.JPG,"Source: National Archives and Records Administration, National Archives Catalog, Records of the National Security Council European Affairs Office (Clinton Administration), Jane Holl's Files, [Balkans: Bosnia] [1], NAID 40482281.",,,,,,,,
95,Crisis split backlog,,,nara-scout-40482379,136,Scout Lead,1993-01-01,"[Bosnia - Hercegovina, December 1993] [2]",Crisis Security Files,Pending,National Archives Catalog,"National Archives Catalog / Records of the National Security Council European Affairs Office (Clinton Administration) / Jane Holl's Files / [Bosnia - Hercegovina, December 1993] [2] / NAID 40482379",overweight,"Bosnia, Dayton, IFOR, and SFOR (overweight)",bosnia_ifor_sfor,,,,,,,file-unit extraction,Open catalog PDF only to separate direct NATO decision material from crisis context or implementation background.,https://catalog.archives.gov/id/40482379,https://s3.amazonaws.com/NARAprodstorage/opastorage/live/79/4823/40482379/content/presidential-libraries/clinton/foia/2008/2008-0994-F/2008-0994-F-Bosnia-JPG/Box_012/42-t-7585484-20080994F-012-006-2016/42_t_7585484_20080994F_012_006_2016_Page_001.JPG,"Source: National Archives and Records Administration, National Archives Catalog, Records of the National Security Council European Affairs Office (Clinton Administration), Jane Holl's Files, [Bosnia - Hercegovina, December 1993] [2], NAID 40482379.",,,,,,,,
96,Crisis split backlog,,,nara-scout-40482325,136,Scout Lead,1993-01-01,"[Bosnia - Hercegovina, February - March 1993] [1]",Crisis Security Files,Pending,National Archives Catalog,"National Archives Catalog / Records of the National Security Council European Affairs Office (Clinton Administration) / Jane Holl's Files / [Bosnia - Hercegovina, February - March 1993] [1] / NAID 40482325",overweight,"Bosnia, Dayton, IFOR, and SFOR (overweight)",bosnia_ifor_sfor,,,,,,,file-unit extraction,Open catalog PDF only to separate direct NATO decision material from crisis context or implementation background.,https://catalog.archives.gov/id/40482325,https://s3.amazonaws.com/NARAprodstorage/opastorage/live/25/4823/40482325/content/presidential-libraries/clinton/foia/2008/2008-0994-F/2008-0994-F-Bosnia-JPG/Box_006/42-t-7585484-20080994F-006-006-2016/42_t_7585484_20080994F_006_006_2016_Page_001.JPG,"Source: National Archives and Records Administration, National Archives Catalog, Records of the National Security Council European Affairs Office (Clinton Administration), Jane Holl's Files, [Bosnia - Hercegovina, February - March 1993] [1], NAID 40482325.",,,,,,,,
97,Crisis split backlog,,,nara-scout-40482315,136,Scout Lead,1993-01-01,"[Bosnia - Hercegovina, July - August 1992] [1]",Crisis Security Files,Pending,National Archives Catalog,"National Archives Catalog / Records of the National Security Council European Affairs Office (Clinton Administration) / Jane Holl's Files / [Bosnia - Hercegovina, July - August 1992] [1] / NAID 40482315",overweight,"Bosnia, Dayton, IFOR, and SFOR (overweight)",bosnia_ifor_sfor,,,,,,,file-unit extraction,Open catalog PDF only to separate direct NATO decision material from crisis context or implementation background.,https://catalog.archives.gov/id/40482315,https://s3.amazonaws.com/NARAprodstorage/opastorage/live/15/4823/40482315/content/presidential-libraries/clinton/foia/2008/2008-0994-F/2008-0994-F-Bosnia-JPG/Box_005/42-t-7585484-20080994F-005-008-2016/42_t_7585484_20080994F_005_008_2016_Page_001.JPG,"Source: National Archives and Records Administration, National Archives Catalog, Records of the National Security Council European Affairs Office (Clinton Administration), Jane Holl's Files, [Bosnia - Hercegovina, July - August 1992] [1], NAID 40482315.",,,,,,,,
98,Crisis split backlog,,,nara-scout-40482373,136,Scout Lead,1993-01-01,"[Bosnia - Hercegovina, October 1993] [2]",Crisis Security Files,Pending,National Archives Catalog,"National Archives Catalog / Records of the National Security Council European Affairs Office (Clinton Administration) / Jane Holl's Files / [Bosnia - Hercegovina, October 1993] [2] / NAID 40482373",overweight,"Bosnia, Dayton, IFOR, and SFOR (overweight)",bosnia_ifor_sfor,,,,,,,file-unit extraction,Open catalog PDF only to separate direct NATO decision material from crisis context or implementation background.,https://catalog.archives.gov/id/40482373,https://s3.amazonaws.com/NARAprodstorage/opastorage/live/73/4823/40482373/content/presidential-libraries/clinton/foia/2008/2008-0994-F/2008-0994-F-Bosnia-JPG/Box_011/42-t-7585484-20080994F-011-009-2016/42_t_7585484_20080994F_011_009_2016_Page_001.JPG,"Source: National Archives and Records Administration, National Archives Catalog, Records of the National Security Council European Affairs Office (Clinton Administration), Jane Holl's Files, [Bosnia - Hercegovina, October 1993] [2], NAID 40482373.",,,,,,,,
99,Crisis split backlog,,,nara-scout-40482449,136,Scout Lead,1993-01-01,[Bosnia] [1],Crisis Security Files,Pending,National Archives Catalog,National Archives Catalog / Records of the National Security Council European Affairs Office (Clinton Administration) / Donald Kerrick's Files / [Bosnia] [1] / NAID 40482449,overweight,"Bosnia, Dayton, IFOR, and SFOR (overweight)",bosnia_ifor_sfor,,,,,,,file-unit extraction,Open catalog PDF only to separate direct NATO decision material from crisis context or implementation background.,https://catalog.archives.gov/id/40482449,https://s3.amazonaws.com/NARAprodstorage/opastorage/live/49/4824/40482449/content/presidential-libraries/clinton/foia/2008/2008-0994-F/2008-0994-F-Bosnia-JPG/Box_019/42-t-7585486-20080994F-019-005-2016/42_t_7585486_20080994F_019_005_2016_Page_001.JPG,"Source: National Archives and Records Administration, National Archives Catalog, Records of the National Security Council European Affairs Office (Clinton Administration), Donald Kerrick's Files, [Bosnia] [1], NAID 40482449.",,,,,,,,
100,Crisis split backlog,,,nara-scout-40482290,136,Scout Lead,1993-01-01,[Bosnia] [2],Crisis Security Files,Pending,National Archives Catalog,National Archives Catalog / Records of the National Security Council European Affairs Office (Clinton Administration) / Jane Holl's Files / [Bosnia] [2] / NAID 40482290,overweight,"Bosnia, Dayton, IFOR, and SFOR (overweight)",bosnia_ifor_sfor,,,,,,,file-unit extraction,Open catalog PDF only to separate direct NATO decision material from crisis context or implementation background.,https://catalog.archives.gov/id/40482290,https://s3.amazonaws.com/NARAprodstorage/opastorage/live/90/4822/40482290/content/presidential-libraries/clinton/foia/2008/2008-0994-F/2008-0994-F-Bosnia-JPG/Box_003/42-t-7585484-20080994F-003-003-2016/42_t_7585484_20080994F_003_003_2016_Page_001.JPG,"Source: National Archives and Records Administration, National Archives Catalog, Records of the National Security Council European Affairs Office (Clinton Administration), Jane Holl's Files, [Bosnia] [2], NAID 40482290.",,,,,,,,
101,Crisis split backlog,,,nara-scout-40482450,136,Scout Lead,1993-01-01,[Bosnia] [2],Crisis Security Files,Pending,National Archives Catalog,National Archives Catalog / Records of the National Security Council European Affairs Office (Clinton Administration) / Donald Kerrick's Files / [Bosnia] [2] / NAID 40482450,overweight,"Bosnia, Dayton, IFOR, and SFOR (overweight)",bosnia_ifor_sfor,,,,,,,file-unit extraction,Open catalog PDF only to separate direct NATO decision material from crisis context or implementation background.,https://catalog.archives.gov/id/40482450,https://s3.amazonaws.com/NARAprodstorage/opastorage/live/50/4824/40482450/content/presidential-libraries/clinton/foia/2008/2008-0994-F/2008-0994-F-Bosnia-JPG/Box_019/42-t-7585486-20080994F-019-006-2016/42_t_7585486_20080994F_019_006_2016_Page_001.JPG,"Source: National Archives and Records Administration, National Archives Catalog, Records of the National Security Council European Affairs Office (Clinton Administration), Donald Kerrick's Files, [Bosnia] [2], NAID 40482450.",,,,,,,,
102,Crisis split backlog,,,nara-scout-40482292,136,Scout Lead,1993-01-01,[Bosnia] [4],Crisis Security Files,Pending,National Archives Catalog,National Archives Catalog / Records of the National Security Council European Affairs Office (Clinton Administration) / Jane Holl's Files / [Bosnia] [4] / NAID 40482292,overweight,"Bosnia, Dayton, IFOR, and SFOR (overweight)",bosnia_ifor_sfor,,,,,,,file-unit extraction,Open catalog PDF only to separate direct NATO decision material from crisis context or implementation background.,https://catalog.archives.gov/id/40482292,https://s3.amazonaws.com/NARAprodstorage/opastorage/live/92/4822/40482292/content/presidential-libraries/clinton/foia/2008/2008-0994-F/2008-0994-F-Bosnia-JPG/Box_003/42-t-7585484-20080994F-003-005-2016/42_t_7585484_20080994F_003_005_2016_Page_001.JPG,"Source: National Archives and Records Administration, National Archives Catalog, Records of the National Security Council European Affairs Office (Clinton Administration), Jane Holl's Files, [Bosnia] [4], NAID 40482292.",,,,,,,,
103,Crisis split backlog,,,nara-scout-40482293,136,Scout Lead,1993-01-01,[Bosnia] [5],Crisis Security Files,Pending,National Archives Catalog,National Archives Catalog / Records of the National Security Council European Affairs Office (Clinton Administration) / Jane Holl's Files / [Bosnia] [5] / NAID 40482293,overweight,"Bosnia, Dayton, IFOR, and SFOR (overweight)",bosnia_ifor_sfor,,,,,,,file-unit extraction,Open catalog PDF only to separate direct NATO decision material from crisis context or implementation background.,https://catalog.archives.gov/id/40482293,https://s3.amazonaws.com/NARAprodstorage/opastorage/live/93/4822/40482293/content/presidential-libraries/clinton/foia/2008/2008-0994-F/2008-0994-F-Bosnia-JPG/Box_003/42-t-7585484-20080994F-003-006-2016/42_t_7585484_20080994F_003_006_2016_Page_001.JPG,"Source: National Archives and Records Administration, National Archives Catalog, Records of the National Security Council European Affairs Office (Clinton Administration), Jane Holl's Files, [Bosnia] [5], NAID 40482293.",,,,,,,,
104,Crisis split backlog,,,nara-scout-40482294,136,Scout Lead,1993-01-01,[Bosnia] [6],Crisis Security Files,Pending,National Archives Catalog,National Archives Catalog / Records of the National Security Council European Affairs Office (Clinton Administration) / Jane Holl's Files / [Bosnia] [6] / NAID 40482294,overweight,"Bosnia, Dayton, IFOR, and SFOR (overweight)",bosnia_ifor_sfor,,,,,,,file-unit extraction,Open catalog PDF only to separate direct NATO decision material from crisis context or implementation background.,https://catalog.archives.gov/id/40482294,https://s3.amazonaws.com/NARAprodstorage/opastorage/live/94/4822/40482294/content/presidential-libraries/clinton/foia/2008/2008-0994-F/2008-0994-F-Bosnia-JPG/Box_003/42-t-7585484-20080994F-003-007-2016/42_t_7585484_20080994F_003_007_2016_Page_001.JPG,"Source: National Archives and Records Administration, National Archives Catalog, Records of the National Security Council European Affairs Office (Clinton Administration), Jane Holl's Files, [Bosnia] [6], NAID 40482294.",,,,,,,,
105,Crisis split backlog,,,nara-scout-40482295,136,Scout Lead,1993-01-01,[Bosnia] [7],Crisis Security Files,Pending,National Archives Catalog,National Archives Catalog / Records of the National Security Council European Affairs Office (Clinton Administration) / Jane Holl's Files / [Bosnia] [7] / NAID 40482295,overweight,"Bosnia, Dayton, IFOR, and SFOR (overweight)",bosnia_ifor_sfor,,,,,,,file-unit extraction,Open catalog PDF only to separate direct NATO decision material from crisis context or implementation background.,https://catalog.archives.gov/id/40482295,https://s3.amazonaws.com/NARAprodstorage/opastorage/live/95/4822/40482295/content/presidential-libraries/clinton/foia/2008/2008-0994-F/2008-0994-F-Bosnia-JPG/Box_003/42-t-7585484-20080994F-003-008-2016/42_t_7585484_20080994F_003_008_2016_Page_001.JPG,"Source: National Archives and Records Administration, National Archives Catalog, Records of the National Security Council European Affairs Office (Clinton Administration), Jane Holl's Files, [Bosnia] [7], NAID 40482295.",,,,,,,,
106,Crisis split backlog,,,nara-7388808-646483003,136,Scout Lead,1993-01-01,Bob Dole to President Clinton re: Crisis in Kosovo,Crisis Security Files,Pending,National Archives Catalog,National Archives Catalog / Bob Dole to President Clinton re: Crisis in Kosovo / NAID 646483003,overweight,"Kosovo, KFOR, and NATO air campaign diplomacy (overweight)",kosovo_kfor,,,,,,,file-unit extraction,Open catalog PDF only to separate direct NATO decision material from crisis context or implementation background.,https://catalog.archives.gov/id/646483003,https://s3.amazonaws.com/NARAprodstorage/lz/presidential-libraries/clinton/wjc-nscrm/7585717/a250-batch002/Dole-02025-001.pdf,"Source: National Archives and Records Administration, National Archives Catalog, Bob Dole to President Clinton re: Crisis in Kosovo, NAID 646483003.",,,,,,,,
107,Crisis split backlog,,,nara-scout-40482448,136,Scout Lead,1993-01-01,Bosnia,Crisis Security Files,Pending,National Archives Catalog,National Archives Catalog / Records of the National Security Council European Affairs Office (Clinton Administration) / Donald Kerrick's Files / Bosnia / NAID 40482448,overweight,"Bosnia, Dayton, IFOR, and SFOR (overweight)",bosnia_ifor_sfor,,,,,,,file-unit extraction,Open catalog PDF only to separate direct NATO decision material from crisis context or implementation background.,https://catalog.archives.gov/id/40482448,https://s3.amazonaws.com/NARAprodstorage/opastorage/live/48/4824/40482448/content/presidential-libraries/clinton/foia/2008/2008-0994-F/2008-0994-F-Bosnia-JPG/Box_019/42-t-7585486-20080994F-019-004-2016/42_t_7585486_20080994F_019_004_2016_Page_001.JPG,"Source: National Archives and Records Administration, National Archives Catalog, Records of the National Security Council European Affairs Office (Clinton Administration), Donald Kerrick's Files, Bosnia, NAID 40482448.",,,,,,,,
108,Crisis split backlog,,,nara-scout-40482453,136,Scout Lead,1993-01-01,Bosnia - Communiques,Crisis Security Files,Pending,National Archives Catalog,National Archives Catalog / Records of the National Security Council European Affairs Office (Clinton Administration) / Donald Kerrick's Files / Bosnia - Communiques / NAID 40482453,overweight,"Bosnia, Dayton, IFOR, and SFOR (overweight)",bosnia_ifor_sfor,,,,,,,file-unit extraction,Open catalog PDF only to separate direct NATO decision material from crisis context or implementation background.,https://catalog.archives.gov/id/40482453,https://s3.amazonaws.com/NARAprodstorage/opastorage/live/53/4824/40482453/content/presidential-libraries/clinton/foia/2008/2008-0994-F/2008-0994-F-Bosnia-JPG/Box_019/42-t-7585486-20080994F-019-009-2016/42_t_7585486_20080994F_019_009_2016_Page_001.JPG,"Source: National Archives and Records Administration, National Archives Catalog, Records of the National Security Council European Affairs Office (Clinton Administration), Donald Kerrick's Files, Bosnia - Communiques, NAID 40482453.",,,,,,,,
109,Crisis split backlog,,,nara-scout-40482309,136,Scout Lead,1993-01-01,Bosnia - Congress,Crisis Security Files,Pending,National Archives Catalog,National Archives Catalog / Records of the National Security Council European Affairs Office (Clinton Administration) / Jane Holl's Files / Bosnia - Congress / NAID 40482309,overweight,"Bosnia, Dayton, IFOR, and SFOR (overweight)",bosnia_ifor_sfor,,,,,,,file-unit extraction,Open catalog PDF only to separate direct NATO decision material from crisis context or implementation background.,https://catalog.archives.gov/id/40482309,https://s3.amazonaws.com/NARAprodstorage/opastorage/live/9/4823/40482309/content/presidential-libraries/clinton/foia/2008/2008-0994-F/2008-0994-F-Bosnia-JPG/Box_005/42-t-7585484-20080994F-005-002-2016/42_t_7585484_20080994F_005_002_2016_Page_001.JPG,"Source: National Archives and Records Administration, National Archives Catalog, Records of the National Security Council European Affairs Office (Clinton Administration), Jane Holl's Files, Bosnia - Congress, NAID 40482309.",,,,,,,,
110,Crisis split backlog,,,nara-scout-40482314,136,Scout Lead,1993-01-01,Bosnia - Geneva Negotiations,Crisis Security Files,Pending,National Archives Catalog,National Archives Catalog / Records of the National Security Council European Affairs Office (Clinton Administration) / Jane Holl's Files / Bosnia - Geneva Negotiations / NAID 40482314,overweight,"Bosnia, Dayton, IFOR, and SFOR (overweight)",bosnia_ifor_sfor,,,,,,,file-unit extraction,Open catalog PDF only to separate direct NATO decision material from crisis context or implementation background.,https://catalog.archives.gov/id/40482314,https://s3.amazonaws.com/NARAprodstorage/opastorage/live/14/4823/40482314/content/presidential-libraries/clinton/foia/2008/2008-0994-F/2008-0994-F-Bosnia-JPG/Box_005/42-t-7585484-20080994F-005-007-2016/42_t_7585484_20080994F_005_007_2016_Page_001.JPG,"Source: National Archives and Records Administration, National Archives Catalog, Records of the National Security Council European Affairs Office (Clinton Administration), Jane Holl's Files, Bosnia - Geneva Negotiations, NAID 40482314.",,,,,,,,
111,Crisis split backlog,,,nara-scout-40482339,136,Scout Lead,1993-01-01,"Bosnia - Hercegovina, April 1993 [6]",Crisis Security Files,Pending,National Archives Catalog,"National Archives Catalog / Records of the National Security Council European Affairs Office (Clinton Administration) / Jane Holl's Files / Bosnia - Hercegovina, April 1993 [6] / NAID 40482339",overweight,"Bosnia, Dayton, IFOR, and SFOR (overweight)",bosnia_ifor_sfor,,,,,,,file-unit extraction,Open catalog PDF only to separate direct NATO decision material from crisis context or implementation background.,https://catalog.archives.gov/id/40482339,https://s3.amazonaws.com/NARAprodstorage/opastorage/live/39/4823/40482339/content/presidential-libraries/clinton/foia/2008/2008-0994-F/2008-0994-F-Bosnia-JPG/Box_008/42-t-7585484-20080994F-008-002-2016/42_t_7585484_20080994F_008_002_2016_Page_001.JPG,"Source: National Archives and Records Administration, National Archives Catalog, Records of the National Security Council European Affairs Office (Clinton Administration), Jane Holl's Files, Bosnia - Hercegovina, April 1993 [6], NAID 40482339.",,,,,,,,
112,Crisis split backlog,,,nara-scout-40482320,136,Scout Lead,1993-01-01,"Bosnia - Hercegovina, February 1993 [1]",Crisis Security Files,Pending,National Archives Catalog,"National Archives Catalog / Records of the National Security Council European Affairs Office (Clinton Administration) / Jane Holl's Files / Bosnia - Hercegovina, February 1993 [1] / NAID 40482320",overweight,"Bosnia, Dayton, IFOR, and SFOR (overweight)",bosnia_ifor_sfor,,,,,,,file-unit extraction,Open catalog PDF only to separate direct NATO decision material from crisis context or implementation background.,https://catalog.archives.gov/id/40482320,https://s3.amazonaws.com/NARAprodstorage/opastorage/live/20/4823/40482320/content/presidential-libraries/clinton/foia/2008/2008-0994-F/2008-0994-F-Bosnia-JPG/Box_006/42-t-7585484-20080994F-006-001-2016/42_t_7585484_20080994F_006_001_2016_Page_001.JPG,"Source: National Archives and Records Administration, National Archives Catalog, Records of the National Security Council European Affairs Office (Clinton Administration), Jane Holl's Files, Bosnia - Hercegovina, February 1993 [1], NAID 40482320.",,,,,,,,
113,Crisis split backlog,,,nara-scout-40482321,136,Scout Lead,1993-01-01,"Bosnia - Hercegovina, February 1993 [2]",Crisis Security Files,Pending,National Archives Catalog,"National Archives Catalog / Records of the National Security Council European Affairs Office (Clinton Administration) / Jane Holl's Files / Bosnia - Hercegovina, February 1993 [2] / NAID 40482321",overweight,"Bosnia, Dayton, IFOR, and SFOR (overweight)",bosnia_ifor_sfor,,,,,,,file-unit extraction,Open catalog PDF only to separate direct NATO decision material from crisis context or implementation background.,https://catalog.archives.gov/id/40482321,https://s3.amazonaws.com/NARAprodstorage/opastorage/live/21/4823/40482321/content/presidential-libraries/clinton/foia/2008/2008-0994-F/2008-0994-F-Bosnia-JPG/Box_006/42-t-7585484-20080994F-006-002-2016/42_t_7585484_20080994F_006_002_2016_Page_001.JPG,"Source: National Archives and Records Administration, National Archives Catalog, Records of the National Security Council European Affairs Office (Clinton Administration), Jane Holl's Files, Bosnia - Hercegovina, February 1993 [2], NAID 40482321.",,,,,,,,
114,Crisis split backlog,,,nara-scout-40482352,136,Scout Lead,1993-01-01,"Bosnia - Hercegovina, July - August 1993 [1]",Crisis Security Files,Pending,National Archives Catalog,"National Archives Catalog / Records of the National Security Council European Affairs Office (Clinton Administration) / Jane Holl's Files / Bosnia - Hercegovina, July - August 1993 [1] / NAID 40482352",overweight,"Bosnia, Dayton, IFOR, and SFOR (overweight)",bosnia_ifor_sfor,,,,,,,file-unit extraction,Open catalog PDF only to separate direct NATO decision material from crisis context or implementation background.,https://catalog.archives.gov/id/40482352,https://s3.amazonaws.com/NARAprodstorage/opastorage/live/52/4823/40482352/content/presidential-libraries/clinton/foia/2008/2008-0994-F/2008-0994-F-Bosnia-JPG/Box_009/42-t-7585484-20080994F-009-006-2016/42_t_7585484_20080994F_009_006_2016_Page_001.JPG,"Source: National Archives and Records Administration, National Archives Catalog, Records of the National Security Council European Affairs Office (Clinton Administration), Jane Holl's Files, Bosnia - Hercegovina, July - August 1993 [1], NAID 40482352.",,,,,,,,
115,Crisis split backlog,,,nara-scout-40482349,136,Scout Lead,1993-01-01,"Bosnia - Hercegovina, May - June 1993 [8]",Crisis Security Files,Pending,National Archives Catalog,"National Archives Catalog / Records of the National Security Council European Affairs Office (Clinton Administration) / Jane Holl's Files / Bosnia - Hercegovina, May - June 1993 [8] / NAID 40482349",overweight,"Bosnia, Dayton, IFOR, and SFOR (overweight)",bosnia_ifor_sfor,,,,,,,file-unit extraction,Open catalog PDF only to separate direct NATO decision material from crisis context or implementation background.,https://catalog.archives.gov/id/40482349,https://s3.amazonaws.com/NARAprodstorage/opastorage/live/49/4823/40482349/content/presidential-libraries/clinton/foia/2008/2008-0994-F/2008-0994-F-Bosnia-JPG/Box_009/42-t-7585484-20080994F-009-003-2016/42_t_7585484_20080994F_009_003_2016_Page_001.JPG,"Source: National Archives and Records Administration, National Archives Catalog, Records of the National Security Council European Affairs Office (Clinton Administration), Jane Holl's Files, Bosnia - Hercegovina, May - June 1993 [8], NAID 40482349.",,,,,,,,
116,Crisis split backlog,,,nara-scout-40482350,136,Scout Lead,1993-01-01,"Bosnia - Hercegovina, May - June 1993 [9]",Crisis Security Files,Pending,National Archives Catalog,"National Archives Catalog / Records of the National Security Council European Affairs Office (Clinton Administration) / Jane Holl's Files / Bosnia - Hercegovina, May - June 1993 [9] / NAID 40482350",overweight,"Bosnia, Dayton, IFOR, and SFOR (overweight)",bosnia_ifor_sfor,,,,,,,file-unit extraction,Open catalog PDF only to separate direct NATO decision material from crisis context or implementation background.,https://catalog.archives.gov/id/40482350,https://s3.amazonaws.com/NARAprodstorage/opastorage/live/50/4823/40482350/content/presidential-libraries/clinton/foia/2008/2008-0994-F/2008-0994-F-Bosnia-JPG/Box_009/42-t-7585484-20080994F-009-004-2016/42_t_7585484_20080994F_009_004_2016_Page_001.JPG,"Source: National Archives and Records Administration, National Archives Catalog, Records of the National Security Council European Affairs Office (Clinton Administration), Jane Holl's Files, Bosnia - Hercegovina, May - June 1993 [9], NAID 40482350.",,,,,,,,
117,Crisis split backlog,,,nara-scout-40482460,136,Scout Lead,1993-01-01,Bosnia - Letters [2],Crisis Security Files,Pending,National Archives Catalog,National Archives Catalog / Records of the National Security Council European Affairs Office (Clinton Administration) / Donald Kerrick's Files / Bosnia - Letters [2] / NAID 40482460,overweight,"Bosnia, Dayton, IFOR, and SFOR (overweight)",bosnia_ifor_sfor,,,,,,,file-unit extraction,Open catalog PDF only to separate direct NATO decision material from crisis context or implementation background.,https://catalog.archives.gov/id/40482460,https://s3.amazonaws.com/NARAprodstorage/opastorage/live/60/4824/40482460/content/presidential-libraries/clinton/foia/2008/2008-0994-F/2008-0994-F-Bosnia-JPG/Box_020/42-t-7585486-20080994F-020-006-2016/42_t_7585486_20080994F_020_006_2016_Page_001.JPG,"Source: National Archives and Records Administration, National Archives Catalog, Records of the National Security Council European Affairs Office (Clinton Administration), Donald Kerrick's Files, Bosnia - Letters [2], NAID 40482460.",,,,,,,,
118,Crisis split backlog,,,nara-scout-40482461,136,Scout Lead,1993-01-01,Bosnia - Letters [3],Crisis Security Files,Pending,National Archives Catalog,National Archives Catalog / Records of the National Security Council European Affairs Office (Clinton Administration) / Donald Kerrick's Files / Bosnia - Letters [3] / NAID 40482461,overweight,"Bosnia, Dayton, IFOR, and SFOR (overweight)",bosnia_ifor_sfor,,,,,,,file-unit extraction,Open catalog PDF only to separate direct NATO decision material from crisis context or implementation background.,https://catalog.archives.gov/id/40482461,https://s3.amazonaws.com/NARAprodstorage/opastorage/live/61/4824/40482461/content/presidential-libraries/clinton/foia/2008/2008-0994-F/2008-0994-F-Bosnia-JPG/Box_020/42-t-7585486-20080994F-020-007-2016/42_t_7585486_20080994F_020_007_2016_Page_001.JPG,"Source: National Archives and Records Administration, National Archives Catalog, Records of the National Security Council European Affairs Office (Clinton Administration), Donald Kerrick's Files, Bosnia - Letters [3], NAID 40482461.",,,,,,,,
119,Crisis split backlog,,,nara-scout-40482462,136,Scout Lead,1993-01-01,Bosnia - Letters [4],Crisis Security Files,Pending,National Archives Catalog,National Archives Catalog / Records of the National Security Council European Affairs Office (Clinton Administration) / Donald Kerrick's Files / Bosnia - Letters [4] / NAID 40482462,overweight,"Bosnia, Dayton, IFOR, and SFOR (overweight)",bosnia_ifor_sfor,,,,,,,file-unit extraction,Open catalog PDF only to separate direct NATO decision material from crisis context or implementation background.,https://catalog.archives.gov/id/40482462,https://s3.amazonaws.com/NARAprodstorage/opastorage/live/62/4824/40482462/content/presidential-libraries/clinton/foia/2008/2008-0994-F/2008-0994-F-Bosnia-JPG/Box_020/42-t-7585486-20080994F-020-008-2016/42_t_7585486_20080994F_020_008_2016_Page_001.JPG,"Source: National Archives and Records Administration, National Archives Catalog, Records of the National Security Council European Affairs Office (Clinton Administration), Donald Kerrick's Files, Bosnia - Letters [4], NAID 40482462.",,,,,,,,
120,Crisis split backlog,,,nara-scout-40482466,136,Scout Lead,1993-01-01,Bosnia - Lift Arms Embargo [2],Crisis Security Files,Pending,National Archives Catalog,National Archives Catalog / Records of the National Security Council European Affairs Office (Clinton Administration) / Donald Kerrick's Files / Bosnia - Lift Arms Embargo [2] / NAID 40482466,overweight,"Bosnia, Dayton, IFOR, and SFOR (overweight)",bosnia_ifor_sfor,,,,,,,file-unit extraction,Open catalog PDF only to separate direct NATO decision material from crisis context or implementation background.,https://catalog.archives.gov/id/40482466,https://s3.amazonaws.com/NARAprodstorage/opastorage/live/66/4824/40482466/content/presidential-libraries/clinton/foia/2008/2008-0994-F/2008-0994-F-Bosnia-JPG/Box_021/42-t-7585486-20080994F-021-003-2016/42_t_7585486_20080994F_021_003_2016_Page_001.JPG,"Source: National Archives and Records Administration, National Archives Catalog, Records of the National Security Council European Affairs Office (Clinton Administration), Donald Kerrick's Files, Bosnia - Lift Arms Embargo [2], NAID 40482466.",,,,,,,,
121,Crisis split backlog,,,nara-scout-40482468,136,Scout Lead,1993-01-01,Bosnia - Lift Arms Embargo [4],Crisis Security Files,Pending,National Archives Catalog,National Archives Catalog / Records of the National Security Council European Affairs Office (Clinton Administration) / Donald Kerrick's Files / Bosnia - Lift Arms Embargo [4] / NAID 40482468,overweight,"Bosnia, Dayton, IFOR, and SFOR (overweight)",bosnia_ifor_sfor,,,,,,,file-unit extraction,Open catalog PDF only to separate direct NATO decision material from crisis context or implementation background.,https://catalog.archives.gov/id/40482468,https://s3.amazonaws.com/NARAprodstorage/opastorage/live/68/4824/40482468/content/presidential-libraries/clinton/foia/2008/2008-0994-F/2008-0994-F-Bosnia-JPG/Box_021/42-t-7585486-20080994F-021-005-2016/42_t_7585486_20080994F_021_005_2016_Page_001.JPG,"Source: National Archives and Records Administration, National Archives Catalog, Records of the National Security Council European Affairs Office (Clinton Administration), Donald Kerrick's Files, Bosnia - Lift Arms Embargo [4], NAID 40482468.",,,,,,,,
122,Crisis split backlog,,,nara-scout-40482469,136,Scout Lead,1993-01-01,Bosnia - Lift Arms Embargo [5],Crisis Security Files,Pending,National Archives Catalog,National Archives Catalog / Records of the National Security Council European Affairs Office (Clinton Administration) / Donald Kerrick's Files / Bosnia - Lift Arms Embargo [5] / NAID 40482469,overweight,"Bosnia, Dayton, IFOR, and SFOR (overweight)",bosnia_ifor_sfor,,,,,,,file-unit extraction,Open catalog PDF only to separate direct NATO decision material from crisis context or implementation background.,https://catalog.archives.gov/id/40482469,https://s3.amazonaws.com/NARAprodstorage/opastorage/live/69/4824/40482469/content/presidential-libraries/clinton/foia/2008/2008-0994-F/2008-0994-F-Bosnia-JPG/Box_021/42-t-7585486-20080994F-021-006-2016/42_t_7585486_20080994F_021_006_2016_Page_001.JPG,"Source: National Archives and Records Administration, National Archives Catalog, Records of the National Security Council European Affairs Office (Clinton Administration), Donald Kerrick's Files, Bosnia - Lift Arms Embargo [5], NAID 40482469.",,,,,,,,
123,Crisis split backlog,,,nara-scout-40482471,136,Scout Lead,1993-01-01,Bosnia - Lift Arms Embargo [7],Crisis Security Files,Pending,National Archives Catalog,National Archives Catalog / Records of the National Security Council European Affairs Office (Clinton Administration) / Donald Kerrick's Files / Bosnia - Lift Arms Embargo [7] / NAID 40482471,overweight,"Bosnia, Dayton, IFOR, and SFOR (overweight)",bosnia_ifor_sfor,,,,,,,file-unit extraction,Open catalog PDF only to separate direct NATO decision material from crisis context or implementation background.,https://catalog.archives.gov/id/40482471,https://s3.amazonaws.com/NARAprodstorage/opastorage/live/71/4824/40482471/content/presidential-libraries/clinton/foia/2008/2008-0994-F/2008-0994-F-Bosnia-JPG/Box_021/42-t-7585486-20080994F-021-008-2016/42_t_7585486_20080994F_021_008_2016_Page_001.JPG,"Source: National Archives and Records Administration, National Archives Catalog, Records of the National Security Council European Affairs Office (Clinton Administration), Donald Kerrick's Files, Bosnia - Lift Arms Embargo [7], NAID 40482471.",,,,,,,,
124,Crisis split backlog,,,nara-scout-40482477,136,Scout Lead,1993-01-01,Bosnia - Papers [2],Crisis Security Files,Pending,National Archives Catalog,National Archives Catalog / Records of the National Security Council European Affairs Office (Clinton Administration) / Donald Kerrick's Files / Bosnia - Papers [2] / NAID 40482477,overweight,"Bosnia, Dayton, IFOR, and SFOR (overweight)",bosnia_ifor_sfor,,,,,,,file-unit extraction,Open catalog PDF only to separate direct NATO decision material from crisis context or implementation background.,https://catalog.archives.gov/id/40482477,https://s3.amazonaws.com/NARAprodstorage/opastorage/live/77/4824/40482477/content/presidential-libraries/clinton/foia/2008/2008-0994-F/2008-0994-F-Bosnia-JPG/Box_022/42-t-7585486-20080994F-022-004-2016/42_t_7585486_20080994F_022_004_2016_Page_001.JPG,"Source: National Archives and Records Administration, National Archives Catalog, Records of the National Security Council European Affairs Office (Clinton Administration), Donald Kerrick's Files, Bosnia - Papers [2], NAID 40482477.",,,,,,,,
125,Crisis split backlog,,,nara-scout-40482478,136,Scout Lead,1993-01-01,Bosnia - Papers [3],Crisis Security Files,Pending,National Archives Catalog,National Archives Catalog / Records of the National Security Council European Affairs Office (Clinton Administration) / Donald Kerrick's Files / Bosnia - Papers [3] / NAID 40482478,overweight,"Bosnia, Dayton, IFOR, and SFOR (overweight)",bosnia_ifor_sfor,,,,,,,file-unit extraction,Open catalog PDF only to separate direct NATO decision material from crisis context or implementation background.,https://catalog.archives.gov/id/40482478,https://s3.amazonaws.com/NARAprodstorage/opastorage/live/78/4824/40482478/content/presidential-libraries/clinton/foia/2008/2008-0994-F/2008-0994-F-Bosnia-JPG/Box_022/42-t-7585486-20080994F-022-005-2016/42_t_7585486_20080994F_022_005_2016_Page_001.JPG,"Source: National Archives and Records Administration, National Archives Catalog, Records of the National Security Council European Affairs Office (Clinton Administration), Donald Kerrick's Files, Bosnia - Papers [3], NAID 40482478.",,,,,,,,
126,Crisis split backlog,,,nara-scout-40482480,136,Scout Lead,1993-01-01,Bosnia - Papers [5],Crisis Security Files,Pending,National Archives Catalog,National Archives Catalog / Records of the National Security Council European Affairs Office (Clinton Administration) / Donald Kerrick's Files / Bosnia - Papers [5] / NAID 40482480,overweight,"Bosnia, Dayton, IFOR, and SFOR (overweight)",bosnia_ifor_sfor,,,,,,,file-unit extraction,Open catalog PDF only to separate direct NATO decision material from crisis context or implementation background.,https://catalog.archives.gov/id/40482480,https://s3.amazonaws.com/NARAprodstorage/opastorage/live/80/4824/40482480/content/presidential-libraries/clinton/foia/2008/2008-0994-F/2008-0994-F-Bosnia-JPG/Box_022/42-t-7585486-20080994F-022-007-2016/42_t_7585486_20080994F_022_007_2016_Page_001.JPG,"Source: National Archives and Records Administration, National Archives Catalog, Records of the National Security Council European Affairs Office (Clinton Administration), Donald Kerrick's Files, Bosnia - Papers [5], NAID 40482480.",,,,,,,,
127,Crisis split backlog,,,nara-scout-40482496,136,Scout Lead,1993-01-01,Bosnia - Reports [2],Crisis Security Files,Pending,National Archives Catalog,National Archives Catalog / Records of the National Security Council European Affairs Office (Clinton Administration) / Donald Kerrick's Files / Bosnia - Reports [2] / NAID 40482496,overweight,"Bosnia, Dayton, IFOR, and SFOR (overweight)",bosnia_ifor_sfor,,,,,,,file-unit extraction,Open catalog PDF only to separate direct NATO decision material from crisis context or implementation background.,https://catalog.archives.gov/id/40482496,https://s3.amazonaws.com/NARAprodstorage/opastorage/live/96/4824/40482496/content/presidential-libraries/clinton/foia/2008/2008-0994-F/2008-0994-F-Bosnia-JPG/Box_024/42-t-7585486-20080994F-024-004-2016/42_t_7585486_20080994F_024_004_2016_Page_001.JPG,"Source: National Archives and Records Administration, National Archives Catalog, Records of the National Security Council European Affairs Office (Clinton Administration), Donald Kerrick's Files, Bosnia - Reports [2], NAID 40482496.",,,,,,,,
128,Crisis split backlog,,,nara-scout-40482497,136,Scout Lead,1993-01-01,Bosnia - Reports [3],Crisis Security Files,Pending,National Archives Catalog,National Archives Catalog / Records of the National Security Council European Affairs Office (Clinton Administration) / Donald Kerrick's Files / Bosnia - Reports [3] / NAID 40482497,overweight,"Bosnia, Dayton, IFOR, and SFOR (overweight)",bosnia_ifor_sfor,,,,,,,file-unit extraction,Open catalog PDF only to separate direct NATO decision material from crisis context or implementation background.,https://catalog.archives.gov/id/40482497,https://s3.amazonaws.com/NARAprodstorage/opastorage/live/97/4824/40482497/content/presidential-libraries/clinton/foia/2008/2008-0994-F/2008-0994-F-Bosnia-JPG/Box_024/42-t-7585486-20080994F-024-005-2016/42_t_7585486_20080994F_024_005_2016_Page_001.JPG,"Source: National Archives and Records Administration, National Archives Catalog, Records of the National Security Council European Affairs Office (Clinton Administration), Donald Kerrick's Files, Bosnia - Reports [3], NAID 40482497.",,,,,,,,
129,Crisis split backlog,,,nara-scout-40482503,136,Scout Lead,1993-01-01,Bosnia - Talking Points [1],Crisis Security Files,Pending,National Archives Catalog,National Archives Catalog / Records of the National Security Council European Affairs Office (Clinton Administration) / Donald Kerrick's Files / Bosnia - Talking Points [1] / NAID 40482503,overweight,"Bosnia, Dayton, IFOR, and SFOR (overweight)",bosnia_ifor_sfor,,,,,,,file-unit extraction,Open catalog PDF only to separate direct NATO decision material from crisis context or implementation background.,https://catalog.archives.gov/id/40482503,https://s3.amazonaws.com/NARAprodstorage/opastorage/live/3/4825/40482503/content/presidential-libraries/clinton/foia/2008/2008-0994-F/2008-0994-F-Bosnia-JPG/Box_024/42-t-7585486-20080994F-024-011-2016/42_t_7585486_20080994F_024_011_2016_Page_001.JPG,"Source: National Archives and Records Administration, National Archives Catalog, Records of the National Security Council European Affairs Office (Clinton Administration), Donald Kerrick's Files, Bosnia - Talking Points [1], NAID 40482503.",,,,,,,,
130,Crisis split backlog,,,nara-scout-40482405,136,Scout Lead,1993-01-01,Bosnia: Public Information/Media [3],Crisis Security Files,Pending,National Archives Catalog,National Archives Catalog / Records of the National Security Council European Affairs Office (Clinton Administration) / Jane Holl's Files / Bosnia: Public Information/Media [3] / NAID 40482405,overweight,"Bosnia, Dayton, IFOR, and SFOR (overweight)",bosnia_ifor_sfor,,,,,,,file-unit extraction,Open catalog PDF only to separate direct NATO decision material from crisis context or implementation background.,https://catalog.archives.gov/id/40482405,https://s3.amazonaws.com/NARAprodstorage/opastorage/live/5/4824/40482405/content/presidential-libraries/clinton/foia/2008/2008-0994-F/2008-0994-F-Bosnia-JPG/Box_015/42-t-7585484-20080994F-015-003-2016/42_t_7585484_20080994F_015_003_2016_Page_001.JPG,"Source: National Archives and Records Administration, National Archives Catalog, Records of the National Security Council European Affairs Office (Clinton Administration), Jane Holl's Files, Bosnia: Public Information/Media [3], NAID 40482405.",,,,,,,,
131,Crisis split backlog,,,nara-scout-40482407,136,Scout Lead,1993-01-01,Bosnia: Public Information/Media [5],Crisis Security Files,Pending,National Archives Catalog,National Archives Catalog / Records of the National Security Council European Affairs Office (Clinton Administration) / Jane Holl's Files / Bosnia: Public Information/Media [5] / NAID 40482407,overweight,"Bosnia, Dayton, IFOR, and SFOR (overweight)",bosnia_ifor_sfor,,,,,,,file-unit extraction,Open catalog PDF only to separate direct NATO decision material from crisis context or implementation background.,https://catalog.archives.gov/id/40482407,https://s3.amazonaws.com/NARAprodstorage/opastorage/live/7/4824/40482407/content/presidential-libraries/clinton/foia/2008/2008-0994-F/2008-0994-F-Bosnia-JPG/Box_015/42-t-7585484-20080994F-015-005-2016/42_t_7585484_20080994F_015_005_2016_Page_001.JPG,"Source: National Archives and Records Administration, National Archives Catalog, Records of the National Security Council European Affairs Office (Clinton Administration), Jane Holl's Files, Bosnia: Public Information/Media [5], NAID 40482407.",,,,,,,,
132,Crisis split backlog,,,nara-7388808-41051326,136,Scout Lead,1993-01-01,"DC0011 DC Meeting on Bosnia-Hercegovina, February 26, 1993",Crisis Security Files,Pending,National Archives Catalog,"National Archives Catalog / DC0011 DC Meeting on Bosnia-Hercegovina, February 26, 1993 / NAID 41051326",overweight,"Bosnia, Dayton, IFOR, and SFOR (overweight)",bosnia_ifor_sfor,,,,,,,file-unit extraction,Open catalog PDF only to separate direct NATO decision material from crisis context or implementation background.,https://catalog.archives.gov/id/41051326,https://s3.amazonaws.com/NARAprodstorage/lz/presidential-libraries/clinton/7585709/42-t-7585709-20120798F-004-017-2016.pdf,"Source: National Archives and Records Administration, National Archives Catalog, DC0011 DC Meeting on Bosnia-Hercegovina, February 26, 1993, NAID 41051326.",,,,,,,,
133,Crisis split backlog,,,nara-7388808-41051327,136,Scout Lead,1993-01-01,"DC0012 DC Meeting on Bosnia-Hercegovina, March 4, 1993",Crisis Security Files,Pending,National Archives Catalog,"National Archives Catalog / DC0012 DC Meeting on Bosnia-Hercegovina, March 4, 1993 / NAID 41051327",overweight,"Bosnia, Dayton, IFOR, and SFOR (overweight)",bosnia_ifor_sfor,,,,,,,file-unit extraction,Open catalog PDF only to separate direct NATO decision material from crisis context or implementation background.,https://catalog.archives.gov/id/41051327,https://s3.amazonaws.com/NARAprodstorage/lz/presidential-libraries/clinton/7585709/42-t-7585709-20120798F-004-018-2016.pdf,"Source: National Archives and Records Administration, National Archives Catalog, DC0012 DC Meeting on Bosnia-Hercegovina, March 4, 1993, NAID 41051327.",,,,,,,,
134,Crisis split backlog,,,nara-7388808-41051328,136,Scout Lead,1993-01-01,"DC0013 DC Meeting on Bosnia-Hercegovina, March 9, 1993",Crisis Security Files,Pending,National Archives Catalog,"National Archives Catalog / DC0013 DC Meeting on Bosnia-Hercegovina, March 9, 1993 / NAID 41051328",overweight,"Bosnia, Dayton, IFOR, and SFOR (overweight)",bosnia_ifor_sfor,,,,,,,file-unit extraction,Open catalog PDF only to separate direct NATO decision material from crisis context or implementation background.,https://catalog.archives.gov/id/41051328,https://s3.amazonaws.com/NARAprodstorage/lz/presidential-libraries/clinton/7585709/42-t-7585709-20120798F-004-019-2016.pdf,"Source: National Archives and Records Administration, National Archives Catalog, DC0013 DC Meeting on Bosnia-Hercegovina, March 9, 1993, NAID 41051328.",,,,,,,,
135,Crisis split backlog,,,nara-7388808-41051333,136,Scout Lead,1993-01-01,"DC0065 DC Meeting on Bosnia-Hercegovina Humanitarian Assistance, October 28, 1993",Crisis Security Files,Pending,National Archives Catalog,"National Archives Catalog / DC0065 DC Meeting on Bosnia-Hercegovina Humanitarian Assistance, October 28, 1993 / NAID 41051333",overweight,"Bosnia, Dayton, IFOR, and SFOR (overweight)",bosnia_ifor_sfor,,,,,,,file-unit extraction,Open catalog PDF only to separate direct NATO decision material from crisis context or implementation background.,https://catalog.archives.gov/id/41051333,https://s3.amazonaws.com/NARAprodstorage/lz/presidential-libraries/clinton/7585709/42-t-7585709-20120798F-004-024-2016.pdf,"Source: National Archives and Records Administration, National Archives Catalog, DC0065 DC Meeting on Bosnia-Hercegovina Humanitarian Assistance, October 28, 1993, NAID 41051333.",,,,,,,,
136,Crisis split backlog,,,nara-7388808-41051334,136,Scout Lead,1993-01-01,"DC0070 DC Meeting on Bosnia-Hercegovina Humanitarian Assistance, November 16, 1993",Crisis Security Files,Pending,National Archives Catalog,"National Archives Catalog / DC0070 DC Meeting on Bosnia-Hercegovina Humanitarian Assistance, November 16, 1993 / NAID 41051334",overweight,"Bosnia, Dayton, IFOR, and SFOR (overweight)",bosnia_ifor_sfor,,,,,,,file-unit extraction,Open catalog PDF only to separate direct NATO decision material from crisis context or implementation background.,https://catalog.archives.gov/id/41051334,https://s3.amazonaws.com/NARAprodstorage/lz/presidential-libraries/clinton/7585709/42-t-7585709-20120798F-004-025-2016.pdf,"Source: National Archives and Records Administration, National Archives Catalog, DC0070 DC Meeting on Bosnia-Hercegovina Humanitarian Assistance, November 16, 1993, NAID 41051334.",,,,,,,,
137,Crisis split backlog,,,nara-7388808-233580617,136,Scout Lead,1993-01-01,DC0540 DC Meeting on Kosovo,Crisis Security Files,Pending,National Archives Catalog,National Archives Catalog / DC0540 DC Meeting on Kosovo / NAID 233580617,overweight,"Kosovo, KFOR, and NATO air campaign diplomacy (overweight)",kosovo_kfor,,,,,,,file-unit extraction,Open catalog PDF only to separate direct NATO decision material from crisis context or implementation background.,https://catalog.archives.gov/id/233580617,https://s3.amazonaws.com/NARAprodstorage/lz/presidential-libraries/clinton/wjc-nscrm/26457815/Batch0002/26457815-20061186F-001-004-2021.pdf,"Source: National Archives and Records Administration, National Archives Catalog, DC0540 DC Meeting on Kosovo, NAID 233580617.",,,,,,,,
138,Crisis split backlog,,,nara-7388808-646483129,136,Scout Lead,1993-01-01,Elie Wiesel to President Clinton re: Kosovo Refugees,Crisis Security Files,Pending,National Archives Catalog,National Archives Catalog / Elie Wiesel to President Clinton re: Kosovo Refugees / NAID 646483129,overweight,"Kosovo, KFOR, and NATO air campaign diplomacy (overweight)",kosovo_kfor,,,,,,,file-unit extraction,Open catalog PDF only to separate direct NATO decision material from crisis context or implementation background.,https://catalog.archives.gov/id/646483129,https://s3.amazonaws.com/NARAprodstorage/lz/presidential-libraries/clinton/wjc-nscrm/7585717/a250-batch002/Wiesel-02025-001.pdf,"Source: National Archives and Records Administration, National Archives Catalog, Elie Wiesel to President Clinton re: Kosovo Refugees, NAID 646483129.",,,,,,,,
139,Crisis split backlog,,,nara-7388808-646483067,136,Scout Lead,1993-01-01,Milan Panic to President Clinton re: Kosovo Crisis,Crisis Security Files,Pending,National Archives Catalog,National Archives Catalog / Milan Panic to President Clinton re: Kosovo Crisis / NAID 646483067,overweight,"Kosovo, KFOR, and NATO air campaign diplomacy (overweight)",kosovo_kfor,,,,,,,file-unit extraction,Open catalog PDF only to separate direct NATO decision material from crisis context or implementation background.,https://catalog.archives.gov/id/646483067,https://s3.amazonaws.com/NARAprodstorage/lz/presidential-libraries/clinton/wjc-nscrm/7585717/a250-batch002/Panic-02025-001.pdf,"Source: National Archives and Records Administration, National Archives Catalog, Milan Panic to President Clinton re: Kosovo Crisis, NAID 646483067.",,,,,,,,
140,Crisis split backlog,,,nara-7388808-41051404,136,Scout Lead,1993-01-01,"PC0003 PC Meeting on Bosnia-Hercegovina, February 5, 1993",Crisis Security Files,Pending,National Archives Catalog,"National Archives Catalog / PC0003 PC Meeting on Bosnia-Hercegovina, February 5, 1993 / NAID 41051404",overweight,"Bosnia, Dayton, IFOR, and SFOR (overweight)",bosnia_ifor_sfor,,,,,,,file-unit extraction,Open catalog PDF only to separate direct NATO decision material from crisis context or implementation background.,https://catalog.archives.gov/id/41051404,https://s3.amazonaws.com/NARAprodstorage/lz/presidential-libraries/clinton/7585709/42-t-7585709-20120798F-008-006-2016.pdf,"Source: National Archives and Records Administration, National Archives Catalog, PC0003 PC Meeting on Bosnia-Hercegovina, February 5, 1993, NAID 41051404.",,,,,,,,
141,Crisis split backlog,,,nara-7388808-41051406,136,Scout Lead,1993-01-01,"PC0006 PC Meeting on Bosnia-Hercegovina, March 3, 1993",Crisis Security Files,Pending,National Archives Catalog,"National Archives Catalog / PC0006 PC Meeting on Bosnia-Hercegovina, March 3, 1993 / NAID 41051406",overweight,"Bosnia, Dayton, IFOR, and SFOR (overweight)",bosnia_ifor_sfor,,,,,,,file-unit extraction,Open catalog PDF only to separate direct NATO decision material from crisis context or implementation background.,https://catalog.archives.gov/id/41051406,https://s3.amazonaws.com/NARAprodstorage/lz/presidential-libraries/clinton/7585709/42-t-7585709-20120798F-008-008-2016.pdf,"Source: National Archives and Records Administration, National Archives Catalog, PC0006 PC Meeting on Bosnia-Hercegovina, March 3, 1993, NAID 41051406.",,,,,,,,
142,Crisis split backlog,,,nara-7388808-41051407,136,Scout Lead,1993-01-01,"PC0009 PC Meeting on Bosnia-Hercegovina, March 13, 1993",Crisis Security Files,Pending,National Archives Catalog,"National Archives Catalog / PC0009 PC Meeting on Bosnia-Hercegovina, March 13, 1993 / NAID 41051407",overweight,"Bosnia, Dayton, IFOR, and SFOR (overweight)",bosnia_ifor_sfor,,,,,,,file-unit extraction,Open catalog PDF only to separate direct NATO decision material from crisis context or implementation background.,https://catalog.archives.gov/id/41051407,https://s3.amazonaws.com/NARAprodstorage/lz/presidential-libraries/clinton/7585709/42-t-7585709-20120798F-008-009-2016.pdf,"Source: National Archives and Records Administration, National Archives Catalog, PC0009 PC Meeting on Bosnia-Hercegovina, March 13, 1993, NAID 41051407.",,,,,,,,
143,Crisis split backlog,,,nara-7388808-41051408,136,Scout Lead,1993-01-01,"PC0010 PC Meeting on Bosnia-Hercegovina, March 25, 1993",Crisis Security Files,Pending,National Archives Catalog,"National Archives Catalog / PC0010 PC Meeting on Bosnia-Hercegovina, March 25, 1993 / NAID 41051408",overweight,"Bosnia, Dayton, IFOR, and SFOR (overweight)",bosnia_ifor_sfor,,,,,,,file-unit extraction,Open catalog PDF only to separate direct NATO decision material from crisis context or implementation background.,https://catalog.archives.gov/id/41051408,https://s3.amazonaws.com/NARAprodstorage/lz/presidential-libraries/clinton/7585709/42-t-7585709-20120798F-008-010-2016.pdf,"Source: National Archives and Records Administration, National Archives Catalog, PC0010 PC Meeting on Bosnia-Hercegovina, March 25, 1993, NAID 41051408.",,,,,,,,
144,Crisis split backlog,,,nara-7388808-41051409,136,Scout Lead,1993-01-01,"PC0011 PC Meeting on Bosnia-Hercegovina, March 27, 1993",Crisis Security Files,Pending,National Archives Catalog,"National Archives Catalog / PC0011 PC Meeting on Bosnia-Hercegovina, March 27, 1993 / NAID 41051409",overweight,"Bosnia, Dayton, IFOR, and SFOR (overweight)",bosnia_ifor_sfor,,,,,,,file-unit extraction,Open catalog PDF only to separate direct NATO decision material from crisis context or implementation background.,https://catalog.archives.gov/id/41051409,https://s3.amazonaws.com/NARAprodstorage/lz/presidential-libraries/clinton/7585709/42-t-7585709-20120798F-008-011-2016.pdf,"Source: National Archives and Records Administration, National Archives Catalog, PC0011 PC Meeting on Bosnia-Hercegovina, March 27, 1993, NAID 41051409.",,,,,,,,
145,Crisis split backlog,,,nara-7388808-41051410,136,Scout Lead,1993-01-01,"PC0012 PC Meeting on Bosnia-Hercegovina, April 9, 1993",Crisis Security Files,Pending,National Archives Catalog,"National Archives Catalog / PC0012 PC Meeting on Bosnia-Hercegovina, April 9, 1993 / NAID 41051410",overweight,"Bosnia, Dayton, IFOR, and SFOR (overweight)",bosnia_ifor_sfor,,,,,,,file-unit extraction,Open catalog PDF only to separate direct NATO decision material from crisis context or implementation background.,https://catalog.archives.gov/id/41051410,https://s3.amazonaws.com/NARAprodstorage/lz/presidential-libraries/clinton/7585709/42-t-7585709-20120798F-008-012-2016.pdf,"Source: National Archives and Records Administration, National Archives Catalog, PC0012 PC Meeting on Bosnia-Hercegovina, April 9, 1993, NAID 41051410.",,,,,,,,
146,Crisis split backlog,,,nara-7388808-41051411,136,Scout Lead,1993-01-01,"PC0014 PC Meeting on Bosnia-Hercegovina, April 17, 1993",Crisis Security Files,Pending,National Archives Catalog,"National Archives Catalog / PC0014 PC Meeting on Bosnia-Hercegovina, April 17, 1993 / NAID 41051411",overweight,"Bosnia, Dayton, IFOR, and SFOR (overweight)",bosnia_ifor_sfor,,,,,,,file-unit extraction,Open catalog PDF only to separate direct NATO decision material from crisis context or implementation background.,https://catalog.archives.gov/id/41051411,https://s3.amazonaws.com/NARAprodstorage/lz/presidential-libraries/clinton/7585709/42-t-7585709-20120798F-008-013-2016.pdf,"Source: National Archives and Records Administration, National Archives Catalog, PC0014 PC Meeting on Bosnia-Hercegovina, April 17, 1993, NAID 41051411.",,,,,,,,
147,Crisis split backlog,,,nara-7388808-41051412,136,Scout Lead,1993-01-01,"PC0016 PC Meeting on Bosnia-Hercegovina, 1993",Crisis Security Files,Pending,National Archives Catalog,"National Archives Catalog / PC0016 PC Meeting on Bosnia-Hercegovina, 1993 / NAID 41051412",overweight,"Bosnia, Dayton, IFOR, and SFOR (overweight)",bosnia_ifor_sfor,,,,,,,file-unit extraction,Open catalog PDF only to separate direct NATO decision material from crisis context or implementation background.,https://catalog.archives.gov/id/41051412,https://s3.amazonaws.com/NARAprodstorage/lz/presidential-libraries/clinton/7585709/42-t-7585709-20120798F-008-014-2016.pdf,"Source: National Archives and Records Administration, National Archives Catalog, PC0016 PC Meeting on Bosnia-Hercegovina, 1993, NAID 41051412.",,,,,,,,
148,Crisis split backlog,,,nara-7388808-41051413,136,Scout Lead,1993-01-01,"PC0017 PC Meeting on Bosnia-Hercegovina, May 6, 1993",Crisis Security Files,Pending,National Archives Catalog,"National Archives Catalog / PC0017 PC Meeting on Bosnia-Hercegovina, May 6, 1993 / NAID 41051413",overweight,"Bosnia, Dayton, IFOR, and SFOR (overweight)",bosnia_ifor_sfor,,,,,,,file-unit extraction,Open catalog PDF only to separate direct NATO decision material from crisis context or implementation background.,https://catalog.archives.gov/id/41051413,https://s3.amazonaws.com/NARAprodstorage/lz/presidential-libraries/clinton/7585709/42-t-7585709-20120798F-008-015-2016.pdf,"Source: National Archives and Records Administration, National Archives Catalog, PC0017 PC Meeting on Bosnia-Hercegovina, May 6, 1993, NAID 41051413.",,,,,,,,
149,Crisis split backlog,,,nara-7388808-41051414,136,Scout Lead,1993-01-01,"PC0018 PC Meeting on Bosnia-Hercegovina, May 8, 1993",Crisis Security Files,Pending,National Archives Catalog,"National Archives Catalog / PC0018 PC Meeting on Bosnia-Hercegovina, May 8, 1993 / NAID 41051414",overweight,"Bosnia, Dayton, IFOR, and SFOR (overweight)",bosnia_ifor_sfor,,,,,,,file-unit extraction,Open catalog PDF only to separate direct NATO decision material from crisis context or implementation background.,https://catalog.archives.gov/id/41051414,https://s3.amazonaws.com/NARAprodstorage/lz/presidential-libraries/clinton/7585709/42-t-7585709-20120798F-008-016-2016.pdf,"Source: National Archives and Records Administration, National Archives Catalog, PC0018 PC Meeting on Bosnia-Hercegovina, May 8, 1993, NAID 41051414.",,,,,,,,
150,Crisis split backlog,,,nara-7388808-41051415,136,Scout Lead,1993-01-01,"PC0021 PC Meeting on Bosnia-Hercegovina, May 17, 1993",Crisis Security Files,Pending,National Archives Catalog,"National Archives Catalog / PC0021 PC Meeting on Bosnia-Hercegovina, May 17, 1993 / NAID 41051415",overweight,"Bosnia, Dayton, IFOR, and SFOR (overweight)",bosnia_ifor_sfor,,,,,,,file-unit extraction,Open catalog PDF only to separate direct NATO decision material from crisis context or implementation background.,https://catalog.archives.gov/id/41051415,https://s3.amazonaws.com/NARAprodstorage/lz/presidential-libraries/clinton/7585709/42-t-7585709-20120798F-008-017-2016.pdf,"Source: National Archives and Records Administration, National Archives Catalog, PC0021 PC Meeting on Bosnia-Hercegovina, May 17, 1993, NAID 41051415.",,,,,,,,
151,Crisis split backlog,,,nara-7388808-41051417,136,Scout Lead,1993-01-01,"PC0026 PC Meeting on Bosnia-Hercegovina, September 1, 1993",Crisis Security Files,Pending,National Archives Catalog,"National Archives Catalog / PC0026 PC Meeting on Bosnia-Hercegovina, September 1, 1993 / NAID 41051417",overweight,"Bosnia, Dayton, IFOR, and SFOR (overweight)",bosnia_ifor_sfor,,,,,,,file-unit extraction,Open catalog PDF only to separate direct NATO decision material from crisis context or implementation background.,https://catalog.archives.gov/id/41051417,https://s3.amazonaws.com/NARAprodstorage/lz/presidential-libraries/clinton/7585709/42-t-7585709-20120798F-008-019-2016.pdf,"Source: National Archives and Records Administration, National Archives Catalog, PC0026 PC Meeting on Bosnia-Hercegovina, September 1, 1993, NAID 41051417.",,,,,,,,
152,Crisis split backlog,,,nara-7388808-41051418,136,Scout Lead,1993-01-01,"PC0033 PC Meeting on Bosnia-Hercegovina, September 20, 1993",Crisis Security Files,Pending,National Archives Catalog,"National Archives Catalog / PC0033 PC Meeting on Bosnia-Hercegovina, September 20, 1993 / NAID 41051418",overweight,"Bosnia, Dayton, IFOR, and SFOR (overweight)",bosnia_ifor_sfor,,,,,,,file-unit extraction,Open catalog PDF only to separate direct NATO decision material from crisis context or implementation background.,https://catalog.archives.gov/id/41051418,https://s3.amazonaws.com/NARAprodstorage/lz/presidential-libraries/clinton/7585709/42-t-7585709-20120798F-008-020-2016.pdf,"Source: National Archives and Records Administration, National Archives Catalog, PC0033 PC Meeting on Bosnia-Hercegovina, September 20, 1993, NAID 41051418.",,,,,,,,
153,Crisis split backlog,,,nara-7388808-41051419,136,Scout Lead,1993-01-01,"PC0035 PC Meeting on Bosnia-Hercegovina, October 2, 1993",Crisis Security Files,Pending,National Archives Catalog,"National Archives Catalog / PC0035 PC Meeting on Bosnia-Hercegovina, October 2, 1993 / NAID 41051419",overweight,"Bosnia, Dayton, IFOR, and SFOR (overweight)",bosnia_ifor_sfor,,,,,,,file-unit extraction,Open catalog PDF only to separate direct NATO decision material from crisis context or implementation background.,https://catalog.archives.gov/id/41051419,https://s3.amazonaws.com/NARAprodstorage/lz/presidential-libraries/clinton/7585709/42-t-7585709-20120798F-008-021-2016.pdf,"Source: National Archives and Records Administration, National Archives Catalog, PC0035 PC Meeting on Bosnia-Hercegovina, October 2, 1993, NAID 41051419.",,,,,,,,
154,Crisis split backlog,,,nara-7388808-41051420,136,Scout Lead,1993-01-01,"PC0039 PC Meeting on Bosnia-Hercegovina, October 19, 1993",Crisis Security Files,Pending,National Archives Catalog,"National Archives Catalog / PC0039 PC Meeting on Bosnia-Hercegovina, October 19, 1993 / NAID 41051420",overweight,"Bosnia, Dayton, IFOR, and SFOR (overweight)",bosnia_ifor_sfor,,,,,,,file-unit extraction,Open catalog PDF only to separate direct NATO decision material from crisis context or implementation background.,https://catalog.archives.gov/id/41051420,https://s3.amazonaws.com/NARAprodstorage/lz/presidential-libraries/clinton/7585709/42-t-7585709-20120798F-008-022-2016.pdf,"Source: National Archives and Records Administration, National Archives Catalog, PC0039 PC Meeting on Bosnia-Hercegovina, October 19, 1993, NAID 41051420.",,,,,,,,
155,Crisis split backlog,,,nara-scout-40482389,136,Scout Lead,1994-01-01,"[Bosnia - Hercegovina, April 1994]",Crisis Security Files,Pending,National Archives Catalog,"National Archives Catalog / Records of the National Security Council European Affairs Office (Clinton Administration) / Jane Holl's Files / [Bosnia - Hercegovina, April 1994] / NAID 40482389",overweight,"Bosnia, Dayton, IFOR, and SFOR (overweight)",bosnia_ifor_sfor,,,,,,,file-unit extraction,Open catalog PDF only to separate direct NATO decision material from crisis context or implementation background.,https://catalog.archives.gov/id/40482389,https://s3.amazonaws.com/NARAprodstorage/opastorage/live/89/4823/40482389/content/presidential-libraries/clinton/foia/2008/2008-0994-F/2008-0994-F-Bosnia-JPG/Box_013/42-t-7585484-20080994F-013-006-2016/42_t_7585484_20080994F_013_006_2016_Page_001.JPG,"Source: National Archives and Records Administration, National Archives Catalog, Records of the National Security Council European Affairs Office (Clinton Administration), Jane Holl's Files, [Bosnia - Hercegovina, April 1994], NAID 40482389.",,,,,,,,
156,Crisis split backlog,,,nara-scout-40482384,136,Scout Lead,1994-01-01,"[Bosnia - Hercegovina, February 1994 Implementation] [2]",Crisis Security Files,Pending,National Archives Catalog,"National Archives Catalog / Records of the National Security Council European Affairs Office (Clinton Administration) / Jane Holl's Files / [Bosnia - Hercegovina, February 1994 Implementation] [2] / NAID 40482384",overweight,"Bosnia, Dayton, IFOR, and SFOR (overweight)",bosnia_ifor_sfor,,,,,,,file-unit extraction,Open catalog PDF only to separate direct NATO decision material from crisis context or implementation background.,https://catalog.archives.gov/id/40482384,https://s3.amazonaws.com/NARAprodstorage/opastorage/live/84/4823/40482384/content/presidential-libraries/clinton/foia/2008/2008-0994-F/2008-0994-F-Bosnia-JPG/Box_013/42-t-7585484-20080994F-013-001-2016/42_t_7585484_20080994F_013_001_2016_Page_001.JPG,"Source: National Archives and Records Administration, National Archives Catalog, Records of the National Security Council European Affairs Office (Clinton Administration), Jane Holl's Files, [Bosnia - Hercegovina, February 1994 Implementation] [2], NAID 40482384.",,,,,,,,
157,Crisis split backlog,,,nara-scout-40482381,136,Scout Lead,1994-01-01,"[Bosnia - Hercegovina, February 1994] [1]",Crisis Security Files,Pending,National Archives Catalog,"National Archives Catalog / Records of the National Security Council European Affairs Office (Clinton Administration) / Jane Holl's Files / [Bosnia - Hercegovina, February 1994] [1] / NAID 40482381",overweight,"Bosnia, Dayton, IFOR, and SFOR (overweight)",bosnia_ifor_sfor,,,,,,,file-unit extraction,Open catalog PDF only to separate direct NATO decision material from crisis context or implementation background.,https://catalog.archives.gov/id/40482381,https://s3.amazonaws.com/NARAprodstorage/opastorage/live/81/4823/40482381/content/presidential-libraries/clinton/foia/2008/2008-0994-F/2008-0994-F-Bosnia-JPG/Box_012/42-t-7585484-20080994F-012-008-2016/42_t_7585484_20080994F_012_008_2016_Page_001.JPG,"Source: National Archives and Records Administration, National Archives Catalog, Records of the National Security Council European Affairs Office (Clinton Administration), Jane Holl's Files, [Bosnia - Hercegovina, February 1994] [1], NAID 40482381.",,,,,,,,
158,Crisis split backlog,,,nara-scout-40482310,136,Scout Lead,1994-01-01,"Bosnia - Croatia Signing Ceremony, March 18, 1994 [1]",Crisis Security Files,Pending,National Archives Catalog,"National Archives Catalog / Records of the National Security Council European Affairs Office (Clinton Administration) / Jane Holl's Files / Bosnia - Croatia Signing Ceremony, March 18, 1994 [1] / NAID 40482310",overweight,"Bosnia, Dayton, IFOR, and SFOR (overweight)",bosnia_ifor_sfor,,,,,,,file-unit extraction,Open catalog PDF only to separate direct NATO decision material from crisis context or implementation background.,https://catalog.archives.gov/id/40482310,https://s3.amazonaws.com/NARAprodstorage/opastorage/live/10/4823/40482310/content/presidential-libraries/clinton/foia/2008/2008-0994-F/2008-0994-F-Bosnia-JPG/Box_005/42-t-7585484-20080994F-005-003-2016/42_t_7585484_20080994F_005_003_2016_Page_001.JPG,"Source: National Archives and Records Administration, National Archives Catalog, Records of the National Security Council European Affairs Office (Clinton Administration), Jane Holl's Files, Bosnia - Croatia Signing Ceremony, March 18, 1994 [1], NAID 40482310.",,,,,,,,
159,Crisis split backlog,,,nara-scout-40482311,136,Scout Lead,1994-01-01,"Bosnia - Croatia Signing Ceremony, March 18, 1994 [2]",Crisis Security Files,Pending,National Archives Catalog,"National Archives Catalog / Records of the National Security Council European Affairs Office (Clinton Administration) / Jane Holl's Files / Bosnia - Croatia Signing Ceremony, March 18, 1994 [2] / NAID 40482311",overweight,"Bosnia, Dayton, IFOR, and SFOR (overweight)",bosnia_ifor_sfor,,,,,,,file-unit extraction,Open catalog PDF only to separate direct NATO decision material from crisis context or implementation background.,https://catalog.archives.gov/id/40482311,https://s3.amazonaws.com/NARAprodstorage/opastorage/live/11/4823/40482311/content/presidential-libraries/clinton/foia/2008/2008-0994-F/2008-0994-F-Bosnia-JPG/Box_005/42-t-7585484-20080994F-005-004-2016/42_t_7585484_20080994F_005_004_2016_Page_001.JPG,"Source: National Archives and Records Administration, National Archives Catalog, Records of the National Security Council European Affairs Office (Clinton Administration), Jane Holl's Files, Bosnia - Croatia Signing Ceremony, March 18, 1994 [2], NAID 40482311.",,,,,,,,
160,Crisis split backlog,,,nara-scout-40482312,136,Scout Lead,1994-01-01,"Bosnia - Croatia Signing Ceremony, March 18, 1994 [3]",Crisis Security Files,Pending,National Archives Catalog,"National Archives Catalog / Records of the National Security Council European Affairs Office (Clinton Administration) / Jane Holl's Files / Bosnia - Croatia Signing Ceremony, March 18, 1994 [3] / NAID 40482312",overweight,"Bosnia, Dayton, IFOR, and SFOR (overweight)",bosnia_ifor_sfor,,,,,,,file-unit extraction,Open catalog PDF only to separate direct NATO decision material from crisis context or implementation background.,https://catalog.archives.gov/id/40482312,https://s3.amazonaws.com/NARAprodstorage/opastorage/live/12/4823/40482312/content/presidential-libraries/clinton/foia/2008/2008-0994-F/2008-0994-F-Bosnia-JPG/Box_005/42-t-7585484-20080994F-005-005-2016/42_t_7585484_20080994F_005_005_2016_Page_001.JPG,"Source: National Archives and Records Administration, National Archives Catalog, Records of the National Security Council European Affairs Office (Clinton Administration), Jane Holl's Files, Bosnia - Croatia Signing Ceremony, March 18, 1994 [3], NAID 40482312.",,,,,,,,
161,Crisis split backlog,,,nara-scout-120361491,136,Scout Lead,1994-01-01,Bosnia - July 1994 [4],Crisis Security Files,Pending,National Archives Catalog,National Archives Catalog / Records of the National Security Council European Affairs Office (Clinton Administration) / Alexander Vershbow's Files / Bosnia - July 1994 [4] / NAID 120361491,overweight,"Bosnia, Dayton, IFOR, and SFOR (overweight)",bosnia_ifor_sfor,,,,,,,file-unit extraction,Open catalog PDF only to separate direct NATO decision material from crisis context or implementation background.,https://catalog.archives.gov/id/120361491,https://s3.amazonaws.com/NARAprodstorage/lz/presidential-libraries/clinton/foia/2013/2013-0687-f/42-t-7585499-20130687F-004-006-2016.pdf,"Source: National Archives and Records Administration, National Archives Catalog, Records of the National Security Council European Affairs Office (Clinton Administration), Alexander Vershbow's Files, Bosnia - July 1994 [4], NAID 120361491.",,,,,,,,
162,Crisis split backlog,,,nara-scout-120361503,136,Scout Lead,1994-01-01,"Bosnia - July 30, 1994 (Contact Group Ministerial) [2]",Crisis Security Files,Pending,National Archives Catalog,"National Archives Catalog / Records of the National Security Council European Affairs Office (Clinton Administration) / Alexander Vershbow's Files / Bosnia - July 30, 1994 (Contact Group Ministerial) [2] / NAID 120361503",overweight,"Bosnia, Dayton, IFOR, and SFOR (overweight)",bosnia_ifor_sfor,,,,,,,file-unit extraction,Open catalog PDF only to separate direct NATO decision material from crisis context or implementation background.,https://catalog.archives.gov/id/120361503,https://s3.amazonaws.com/NARAprodstorage/lz/presidential-libraries/clinton/foia/2013/2013-0687-f/42-t-7585499-20130687F-004-012-2016.pdf,"Source: National Archives and Records Administration, National Archives Catalog, Records of the National Security Council European Affairs Office (Clinton Administration), Alexander Vershbow's Files, Bosnia - July 30, 1994 (Contact Group Ministerial) [2], NAID 120361503.",,,,,,,,
163,Crisis split backlog,,,nara-scout-120361529,136,Scout Lead,1994-01-01,Bosnia - October 1994 [Folder 2] [4],Crisis Security Files,Pending,National Archives Catalog,National Archives Catalog / Records of the National Security Council European Affairs Office (Clinton Administration) / Alexander Vershbow's Files / Bosnia - October 1994 [Folder 2] [4] / NAID 120361529,overweight,"Bosnia, Dayton, IFOR, and SFOR (overweight)",bosnia_ifor_sfor,,,,,,,file-unit extraction,Open catalog PDF only to separate direct NATO decision material from crisis context or implementation background.,https://catalog.archives.gov/id/120361529,https://s3.amazonaws.com/NARAprodstorage/lz/presidential-libraries/clinton/foia/2013/2013-0687-f/42-t-7585499-20130687F-005-011-2016.pdf,"Source: National Archives and Records Administration, National Archives Catalog, Records of the National Security Council European Affairs Office (Clinton Administration), Alexander Vershbow's Files, Bosnia - October 1994 [Folder 2] [4], NAID 120361529.",,,,,,,,
164,Crisis split backlog,,,nara-scout-120361427,136,Scout Lead,1994-01-01,"Bosnia and Bihac, November 1994 [6]",Crisis Security Files,Pending,National Archives Catalog,"National Archives Catalog / Records of the National Security Council European Affairs Office (Clinton Administration) / Alexander Vershbow's Files / Bosnia and Bihac, November 1994 [6] / NAID 120361427",overweight,"Bosnia, Dayton, IFOR, and SFOR (overweight)",bosnia_ifor_sfor,,,,,,,file-unit extraction,Open catalog PDF only to separate direct NATO decision material from crisis context or implementation background.,https://catalog.archives.gov/id/120361427,https://s3.amazonaws.com/NARAprodstorage/lz/presidential-libraries/clinton/foia/2013/2013-0687-f/42-t-7585499-20130687F-001-010-2016.pdf,"Source: National Archives and Records Administration, National Archives Catalog, Records of the National Security Council European Affairs Office (Clinton Administration), Alexander Vershbow's Files, Bosnia and Bihac, November 1994 [6], NAID 120361427.",,,,,,,,
165,Crisis split backlog,,,nara-scout-120361433,136,Scout Lead,1994-01-01,Bosnia Post-Bihac (Mid-Nov. - Early-Dec. 1994) [3],Crisis Security Files,Pending,National Archives Catalog,National Archives Catalog / Records of the National Security Council European Affairs Office (Clinton Administration) / Alexander Vershbow's Files / Bosnia Post-Bihac (Mid-Nov. - Early-Dec. 1994) [3] / NAID 120361433,overweight,"Bosnia, Dayton, IFOR, and SFOR (overweight)",bosnia_ifor_sfor,,,,,,,file-unit extraction,Open catalog PDF only to separate direct NATO decision material from crisis context or implementation background.,https://catalog.archives.gov/id/120361433,https://s3.amazonaws.com/NARAprodstorage/lz/presidential-libraries/clinton/foia/2013/2013-0687-f/42-t-7585499-20130687F-002-003-2016.pdf,"Source: National Archives and Records Administration, National Archives Catalog, Records of the National Security Council European Affairs Office (Clinton Administration), Alexander Vershbow's Files, Bosnia Post-Bihac (Mid-Nov. - Early-Dec. 1994) [3], NAID 120361433.",,,,,,,,
166,Crisis split backlog,,,nara-scout-120361443,136,Scout Lead,1994-01-01,Bosnia Post-Bihac (Mid-Nov. - Early-Dec. 1994): Bosnia DC 12/23/1994 [1],Crisis Security Files,Pending,National Archives Catalog,National Archives Catalog / Records of the National Security Council European Affairs Office (Clinton Administration) / Alexander Vershbow's Files / Bosnia Post-Bihac (Mid-Nov. - Early-Dec. 1994): Bosnia DC 12/23/1994 [1] / NAID 120361443,overweight,"Bosnia, Dayton, IFOR, and SFOR (overweight)",bosnia_ifor_sfor,,,,,,,file-unit extraction,Open catalog PDF only to separate direct NATO decision material from crisis context or implementation background.,https://catalog.archives.gov/id/120361443,https://s3.amazonaws.com/NARAprodstorage/lz/presidential-libraries/clinton/foia/2013/2013-0687-f/42-t-7585499-20130687F-002-008-2016.pdf,"Source: National Archives and Records Administration, National Archives Catalog, Records of the National Security Council European Affairs Office (Clinton Administration), Alexander Vershbow's Files, Bosnia Post-Bihac (Mid-Nov. - Early-Dec. 1994): Bosnia DC 12/23/1994 [1], NAID 120361443.",,,,,,,,
167,Crisis split backlog,,,nara-scout-40482483,136,Scout Lead,1994-01-01,Bosnia Principals Committee/Deputies Committee 1994 Meetings [1],Crisis Security Files,Pending,National Archives Catalog,National Archives Catalog / Records of the National Security Council European Affairs Office (Clinton Administration) / Donald Kerrick's Files / Bosnia Principals Committee/Deputies Committee 1994 Meetings [1] / NAID 40482483,overweight,"Bosnia, Dayton, IFOR, and SFOR (overweight)",bosnia_ifor_sfor,,,,,,,file-unit extraction,Open catalog PDF only to separate direct NATO decision material from crisis context or implementation background.,https://catalog.archives.gov/id/40482483,https://s3.amazonaws.com/NARAprodstorage/opastorage/live/83/4824/40482483/content/presidential-libraries/clinton/foia/2008/2008-0994-F/2008-0994-F-Bosnia-JPG/Box_022/42-t-7585486-20080994F-022-010-2016/42_t_7585486_20080994F_022_010_2016_Page_001.JPG,"Source: National Archives and Records Administration, National Archives Catalog, Records of the National Security Council European Affairs Office (Clinton Administration), Donald Kerrick's Files, Bosnia Principals Committee/Deputies Committee 1994 Meetings [1], NAID 40482483.",,,,,,,,
168,Crisis split backlog,,,nara-scout-40482484,136,Scout Lead,1994-01-01,Bosnia Principals Committee/Deputies Committee 1994 Meetings [2],Crisis Security Files,Pending,National Archives Catalog,National Archives Catalog / Records of the National Security Council European Affairs Office (Clinton Administration) / Donald Kerrick's Files / Bosnia Principals Committee/Deputies Committee 1994 Meetings [2] / NAID 40482484,overweight,"Bosnia, Dayton, IFOR, and SFOR (overweight)",bosnia_ifor_sfor,,,,,,,file-unit extraction,Open catalog PDF only to separate direct NATO decision material from crisis context or implementation background.,https://catalog.archives.gov/id/40482484,https://s3.amazonaws.com/NARAprodstorage/opastorage/live/84/4824/40482484/content/presidential-libraries/clinton/foia/2008/2008-0994-F/2008-0994-F-Bosnia-JPG/Box_023/42-t-7585486-20080994F-023-001-2016/42_t_7585486_20080994F_023_001_2016_Page_001.JPG,"Source: National Archives and Records Administration, National Archives Catalog, Records of the National Security Council European Affairs Office (Clinton Administration), Donald Kerrick's Files, Bosnia Principals Committee/Deputies Committee 1994 Meetings [2], NAID 40482484.",,,,,,,,
169,Crisis split backlog,,,nara-scout-40482485,136,Scout Lead,1994-01-01,Bosnia Principals Committee/Deputies Committee 1994 Meetings [3],Crisis Security Files,Pending,National Archives Catalog,National Archives Catalog / Records of the National Security Council European Affairs Office (Clinton Administration) / Donald Kerrick's Files / Bosnia Principals Committee/Deputies Committee 1994 Meetings [3] / NAID 40482485,overweight,"Bosnia, Dayton, IFOR, and SFOR (overweight)",bosnia_ifor_sfor,,,,,,,file-unit extraction,Open catalog PDF only to separate direct NATO decision material from crisis context or implementation background.,https://catalog.archives.gov/id/40482485,https://s3.amazonaws.com/NARAprodstorage/opastorage/live/85/4824/40482485/content/presidential-libraries/clinton/foia/2008/2008-0994-F/2008-0994-F-Bosnia-JPG/Box_023/42-t-7585486-20080994F-023-002-2016/42_t_7585486_20080994F_023_002_2016_Page_001.JPG,"Source: National Archives and Records Administration, National Archives Catalog, Records of the National Security Council European Affairs Office (Clinton Administration), Donald Kerrick's Files, Bosnia Principals Committee/Deputies Committee 1994 Meetings [3], NAID 40482485.",,,,,,,,
170,Crisis split backlog,,,nara-scout-40482486,136,Scout Lead,1994-01-01,Bosnia Principals Committee/Deputies Committee 1994 Meetings [4],Crisis Security Files,Pending,National Archives Catalog,National Archives Catalog / Records of the National Security Council European Affairs Office (Clinton Administration) / Donald Kerrick's Files / Bosnia Principals Committee/Deputies Committee 1994 Meetings [4] / NAID 40482486,overweight,"Bosnia, Dayton, IFOR, and SFOR (overweight)",bosnia_ifor_sfor,,,,,,,file-unit extraction,Open catalog PDF only to separate direct NATO decision material from crisis context or implementation background.,https://catalog.archives.gov/id/40482486,https://s3.amazonaws.com/NARAprodstorage/opastorage/live/86/4824/40482486/content/presidential-libraries/clinton/foia/2008/2008-0994-F/2008-0994-F-Bosnia-JPG/Box_023/42-t-7585486-20080994F-023-003-2016/42_t_7585486_20080994F_023_003_2016_Page_001.JPG,"Source: National Archives and Records Administration, National Archives Catalog, Records of the National Security Council European Affairs Office (Clinton Administration), Donald Kerrick's Files, Bosnia Principals Committee/Deputies Committee 1994 Meetings [4], NAID 40482486.",,,,,,,,
171,Crisis split backlog,,,nara-scout-40482487,136,Scout Lead,1994-01-01,Bosnia Principals Committee/Deputies Committee 1994 Meetings [5],Crisis Security Files,Pending,National Archives Catalog,National Archives Catalog / Records of the National Security Council European Affairs Office (Clinton Administration) / Donald Kerrick's Files / Bosnia Principals Committee/Deputies Committee 1994 Meetings [5] / NAID 40482487,overweight,"Bosnia, Dayton, IFOR, and SFOR (overweight)",bosnia_ifor_sfor,,,,,,,file-unit extraction,Open catalog PDF only to separate direct NATO decision material from crisis context or implementation background.,https://catalog.archives.gov/id/40482487,https://s3.amazonaws.com/NARAprodstorage/opastorage/live/87/4824/40482487/content/presidential-libraries/clinton/foia/2008/2008-0994-F/2008-0994-F-Bosnia-JPG/Box_023/42-t-7585486-20080994F-023-004-2016/42_t_7585486_20080994F_023_004_2016_Page_001.JPG,"Source: National Archives and Records Administration, National Archives Catalog, Records of the National Security Council European Affairs Office (Clinton Administration), Donald Kerrick's Files, Bosnia Principals Committee/Deputies Committee 1994 Meetings [5], NAID 40482487.",,,,,,,,
172,Crisis split backlog,,,nara-scout-40482490,136,Scout Lead,1994-01-01,Bosnia Principals Committee/Deputies Committee 1994 Meetings [8],Crisis Security Files,Pending,National Archives Catalog,National Archives Catalog / Records of the National Security Council European Affairs Office (Clinton Administration) / Donald Kerrick's Files / Bosnia Principals Committee/Deputies Committee 1994 Meetings [8] / NAID 40482490,overweight,"Bosnia, Dayton, IFOR, and SFOR (overweight)",bosnia_ifor_sfor,,,,,,,file-unit extraction,Open catalog PDF only to separate direct NATO decision material from crisis context or implementation background.,https://catalog.archives.gov/id/40482490,https://s3.amazonaws.com/NARAprodstorage/opastorage/live/90/4824/40482490/content/presidential-libraries/clinton/foia/2008/2008-0994-F/2008-0994-F-Bosnia-JPG/Box_023/42-t-7585486-20080994F-023-007-2016/42_t_7585486_20080994F_023_007_2016_Page_001.JPG,"Source: National Archives and Records Administration, National Archives Catalog, Records of the National Security Council European Affairs Office (Clinton Administration), Donald Kerrick's Files, Bosnia Principals Committee/Deputies Committee 1994 Meetings [8], NAID 40482490.",,,,,,,,
173,Crisis split backlog,,,nara-scout-40482457,136,Scout Lead,1994-01-01,"Bosnia, June 1994 [3]",Crisis Security Files,Pending,National Archives Catalog,"National Archives Catalog / Records of the National Security Council European Affairs Office (Clinton Administration) / Donald Kerrick's Files / Bosnia, June 1994 [3] / NAID 40482457",overweight,"Bosnia, Dayton, IFOR, and SFOR (overweight)",bosnia_ifor_sfor,,,,,,,file-unit extraction,Open catalog PDF only to separate direct NATO decision material from crisis context or implementation background.,https://catalog.archives.gov/id/40482457,https://s3.amazonaws.com/NARAprodstorage/opastorage/live/57/4824/40482457/content/presidential-libraries/clinton/foia/2008/2008-0994-F/2008-0994-F-Bosnia-JPG/Box_020/42-t-7585486-20080994F-020-003-2016/42_t_7585486_20080994F_020_003_2016_Page_001.JPG,"Source: National Archives and Records Administration, National Archives Catalog, Records of the National Security Council European Affairs Office (Clinton Administration), Donald Kerrick's Files, Bosnia, June 1994 [3], NAID 40482457.",,,,,,,,
174,Crisis split backlog,,,nara-7388808-41051335,136,Scout Lead,1994-01-01,"DC0156 DC Meeting on Bosnia-Hercegovina, December 19, 1994",Crisis Security Files,Pending,National Archives Catalog,"National Archives Catalog / DC0156 DC Meeting on Bosnia-Hercegovina, December 19, 1994 / NAID 41051335",overweight,"Bosnia, Dayton, IFOR, and SFOR (overweight)",bosnia_ifor_sfor,,,,,,,file-unit extraction,Open catalog PDF only to separate direct NATO decision material from crisis context or implementation background.,https://catalog.archives.gov/id/41051335,https://s3.amazonaws.com/NARAprodstorage/lz/presidential-libraries/clinton/7585709/42-t-7585709-20120798F-004-026-2016.pdf,"Source: National Archives and Records Administration, National Archives Catalog, DC0156 DC Meeting on Bosnia-Hercegovina, December 19, 1994, NAID 41051335.",,,,,,,,
175,Crisis split backlog,,,nara-7388808-41051424,136,Scout Lead,1994-01-01,"PC0060 PC Meeting on Bosnia-Hercegovina, February 18, 1994",Crisis Security Files,Pending,National Archives Catalog,"National Archives Catalog / PC0060 PC Meeting on Bosnia-Hercegovina, February 18, 1994 / NAID 41051424",overweight,"Bosnia, Dayton, IFOR, and SFOR (overweight)",bosnia_ifor_sfor,,,,,,,file-unit extraction,Open catalog PDF only to separate direct NATO decision material from crisis context or implementation background.,https://catalog.archives.gov/id/41051424,https://s3.amazonaws.com/NARAprodstorage/lz/presidential-libraries/clinton/7585709/42-t-7585709-20120798F-009-001-2016.pdf,"Source: National Archives and Records Administration, National Archives Catalog, PC0060 PC Meeting on Bosnia-Hercegovina, February 18, 1994, NAID 41051424.",,,,,,,,
176,Crisis split backlog,,,nara-7388808-41051425,136,Scout Lead,1994-01-01,"PC0062 PC Meeting on Bosnia-Hercegovina, February 28, 1994",Crisis Security Files,Pending,National Archives Catalog,"National Archives Catalog / PC0062 PC Meeting on Bosnia-Hercegovina, February 28, 1994 / NAID 41051425",overweight,"Bosnia, Dayton, IFOR, and SFOR (overweight)",bosnia_ifor_sfor,,,,,,,file-unit extraction,Open catalog PDF only to separate direct NATO decision material from crisis context or implementation background.,https://catalog.archives.gov/id/41051425,https://s3.amazonaws.com/NARAprodstorage/lz/presidential-libraries/clinton/7585709/42-t-7585709-20120798F-009-002-2016.pdf,"Source: National Archives and Records Administration, National Archives Catalog, PC0062 PC Meeting on Bosnia-Hercegovina, February 28, 1994, NAID 41051425.",,,,,,,,
177,Crisis split backlog,,,nara-7388808-41051426,136,Scout Lead,1994-01-01,"PC0064 PC Meeting on Bosnia-Hercegovina, March 8, 1994",Crisis Security Files,Pending,National Archives Catalog,"National Archives Catalog / PC0064 PC Meeting on Bosnia-Hercegovina, March 8, 1994 / NAID 41051426",overweight,"Bosnia, Dayton, IFOR, and SFOR (overweight)",bosnia_ifor_sfor,,,,,,,file-unit extraction,Open catalog PDF only to separate direct NATO decision material from crisis context or implementation background.,https://catalog.archives.gov/id/41051426,https://s3.amazonaws.com/NARAprodstorage/lz/presidential-libraries/clinton/7585709/42-t-7585709-20120798F-009-003-2016.pdf,"Source: National Archives and Records Administration, National Archives Catalog, PC0064 PC Meeting on Bosnia-Hercegovina, March 8, 1994, NAID 41051426.",,,,,,,,
178,Crisis split backlog,,,nara-7388808-41051427,136,Scout Lead,1994-01-01,"PC0069 PC Meeting on Bosnia-Hercegovina, April 10, 1994",Crisis Security Files,Pending,National Archives Catalog,"National Archives Catalog / PC0069 PC Meeting on Bosnia-Hercegovina, April 10, 1994 / NAID 41051427",overweight,"Bosnia, Dayton, IFOR, and SFOR (overweight)",bosnia_ifor_sfor,,,,,,,file-unit extraction,Open catalog PDF only to separate direct NATO decision material from crisis context or implementation background.,https://catalog.archives.gov/id/41051427,https://s3.amazonaws.com/NARAprodstorage/lz/presidential-libraries/clinton/7585709/42-t-7585709-20120798F-009-004-2016.pdf,"Source: National Archives and Records Administration, National Archives Catalog, PC0069 PC Meeting on Bosnia-Hercegovina, April 10, 1994, NAID 41051427.",,,,,,,,
179,Crisis split backlog,,,nara-7388808-41051428,136,Scout Lead,1994-01-01,"PC0070 PC Meeting on Bosnia-Hercegovina, April 18, 1994",Crisis Security Files,Pending,National Archives Catalog,"National Archives Catalog / PC0070 PC Meeting on Bosnia-Hercegovina, April 18, 1994 / NAID 41051428",overweight,"Bosnia, Dayton, IFOR, and SFOR (overweight)",bosnia_ifor_sfor,,,,,,,file-unit extraction,Open catalog PDF only to separate direct NATO decision material from crisis context or implementation background.,https://catalog.archives.gov/id/41051428,https://s3.amazonaws.com/NARAprodstorage/lz/presidential-libraries/clinton/7585709/42-t-7585709-20120798F-009-005-2016.pdf,"Source: National Archives and Records Administration, National Archives Catalog, PC0070 PC Meeting on Bosnia-Hercegovina, April 18, 1994, NAID 41051428.",,,,,,,,
180,Crisis split backlog,,,nara-7388808-41051429,136,Scout Lead,1994-01-01,"PC0072 PC Meeting on Bosnia-Hercegovina, April 23, 1994",Crisis Security Files,Pending,National Archives Catalog,"National Archives Catalog / PC0072 PC Meeting on Bosnia-Hercegovina, April 23, 1994 / NAID 41051429",overweight,"Bosnia, Dayton, IFOR, and SFOR (overweight)",bosnia_ifor_sfor,,,,,,,file-unit extraction,Open catalog PDF only to separate direct NATO decision material from crisis context or implementation background.,https://catalog.archives.gov/id/41051429,https://s3.amazonaws.com/NARAprodstorage/lz/presidential-libraries/clinton/7585709/42-t-7585709-20120798F-009-006-2016.pdf,"Source: National Archives and Records Administration, National Archives Catalog, PC0072 PC Meeting on Bosnia-Hercegovina, April 23, 1994, NAID 41051429.",,,,,,,,
181,Crisis split backlog,,,nara-7388808-41051430,136,Scout Lead,1994-01-01,"PC0076 PC Meeting on Bosnia-Hercegovina, May 20, 1994",Crisis Security Files,Pending,National Archives Catalog,"National Archives Catalog / PC0076 PC Meeting on Bosnia-Hercegovina, May 20, 1994 / NAID 41051430",overweight,"Bosnia, Dayton, IFOR, and SFOR (overweight)",bosnia_ifor_sfor,,,,,,,file-unit extraction,Open catalog PDF only to separate direct NATO decision material from crisis context or implementation background.,https://catalog.archives.gov/id/41051430,https://s3.amazonaws.com/NARAprodstorage/lz/presidential-libraries/clinton/7585709/42-t-7585709-20120798F-009-007-2016.pdf,"Source: National Archives and Records Administration, National Archives Catalog, PC0076 PC Meeting on Bosnia-Hercegovina, May 20, 1994, NAID 41051430.",,,,,,,,
182,Crisis split backlog,,,nara-7388808-41051431,136,Scout Lead,1994-01-01,"PC0078 PC Meeting on Bosnia-Hercegovina, May 23, 1994",Crisis Security Files,Pending,National Archives Catalog,"National Archives Catalog / PC0078 PC Meeting on Bosnia-Hercegovina, May 23, 1994 / NAID 41051431",overweight,"Bosnia, Dayton, IFOR, and SFOR (overweight)",bosnia_ifor_sfor,,,,,,,file-unit extraction,Open catalog PDF only to separate direct NATO decision material from crisis context or implementation background.,https://catalog.archives.gov/id/41051431,https://s3.amazonaws.com/NARAprodstorage/lz/presidential-libraries/clinton/7585709/42-t-7585709-20120798F-009-008-2016.pdf,"Source: National Archives and Records Administration, National Archives Catalog, PC0078 PC Meeting on Bosnia-Hercegovina, May 23, 1994, NAID 41051431.",,,,,,,,
183,Crisis split backlog,,,nara-7388808-41051432,136,Scout Lead,1994-01-01,"PC0080 PC Meeting on Bosnia-Hercegovina, May 31, 1994",Crisis Security Files,Pending,National Archives Catalog,"National Archives Catalog / PC0080 PC Meeting on Bosnia-Hercegovina, May 31, 1994 / NAID 41051432",overweight,"Bosnia, Dayton, IFOR, and SFOR (overweight)",bosnia_ifor_sfor,,,,,,,file-unit extraction,Open catalog PDF only to separate direct NATO decision material from crisis context or implementation background.,https://catalog.archives.gov/id/41051432,https://s3.amazonaws.com/NARAprodstorage/lz/presidential-libraries/clinton/7585709/42-t-7585709-20120798F-009-009-2016.pdf,"Source: National Archives and Records Administration, National Archives Catalog, PC0080 PC Meeting on Bosnia-Hercegovina, May 31, 1994, NAID 41051432.",,,,,,,,
184,Crisis split backlog,,,nara-7388808-41051433,136,Scout Lead,1994-01-01,"PC0085 PC Meeting on Bosnia-Hercegovina, 1994",Crisis Security Files,Pending,National Archives Catalog,"National Archives Catalog / PC0085 PC Meeting on Bosnia-Hercegovina, 1994 / NAID 41051433",overweight,"Bosnia, Dayton, IFOR, and SFOR (overweight)",bosnia_ifor_sfor,,,,,,,file-unit extraction,Open catalog PDF only to separate direct NATO decision material from crisis context or implementation background.,https://catalog.archives.gov/id/41051433,https://s3.amazonaws.com/NARAprodstorage/lz/presidential-libraries/clinton/7585709/42-t-7585709-20120798F-009-010-2016.pdf,"Source: National Archives and Records Administration, National Archives Catalog, PC0085 PC Meeting on Bosnia-Hercegovina, 1994, NAID 41051433.",,,,,,,,
185,Crisis split backlog,,,nara-7388808-41051434,136,Scout Lead,1994-01-01,"PC0090 PC Meeting on Bosnia-Hercegovina, July 27, 1994",Crisis Security Files,Pending,National Archives Catalog,"National Archives Catalog / PC0090 PC Meeting on Bosnia-Hercegovina, July 27, 1994 / NAID 41051434",overweight,"Bosnia, Dayton, IFOR, and SFOR (overweight)",bosnia_ifor_sfor,,,,,,,file-unit extraction,Open catalog PDF only to separate direct NATO decision material from crisis context or implementation background.,https://catalog.archives.gov/id/41051434,https://s3.amazonaws.com/NARAprodstorage/lz/presidential-libraries/clinton/7585709/42-t-7585709-20120798F-009-011-2016.pdf,"Source: National Archives and Records Administration, National Archives Catalog, PC0090 PC Meeting on Bosnia-Hercegovina, July 27, 1994, NAID 41051434.",,,,,,,,
186,Crisis split backlog,,,nara-7388808-41051435,136,Scout Lead,1994-01-01,"PC0094 PC Meeting on Bosnia-Hercegovina, August 5, 1994",Crisis Security Files,Pending,National Archives Catalog,"National Archives Catalog / PC0094 PC Meeting on Bosnia-Hercegovina, August 5, 1994 / NAID 41051435",overweight,"Bosnia, Dayton, IFOR, and SFOR (overweight)",bosnia_ifor_sfor,,,,,,,file-unit extraction,Open catalog PDF only to separate direct NATO decision material from crisis context or implementation background.,https://catalog.archives.gov/id/41051435,https://s3.amazonaws.com/NARAprodstorage/lz/presidential-libraries/clinton/7585709/42-t-7585709-20120798F-009-012-2016.pdf,"Source: National Archives and Records Administration, National Archives Catalog, PC0094 PC Meeting on Bosnia-Hercegovina, August 5, 1994, NAID 41051435.",,,,,,,,
187,Crisis split backlog,,,nara-7388808-41051436,136,Scout Lead,1994-01-01,"PC0095 PC Meeting on Bosnia-Hercegovina and the Eastern Mediterranean, August 17, 1994 [1]",Crisis Security Files,Pending,National Archives Catalog,"National Archives Catalog / PC0095 PC Meeting on Bosnia-Hercegovina and the Eastern Mediterranean, August 17, 1994 [1] / NAID 41051436",overweight,"Bosnia, Dayton, IFOR, and SFOR (overweight)",bosnia_ifor_sfor,,,,,,,file-unit extraction,Open catalog PDF only to separate direct NATO decision material from crisis context or implementation background.,https://catalog.archives.gov/id/41051436,https://s3.amazonaws.com/NARAprodstorage/lz/presidential-libraries/clinton/7585709/42-t-7585709-20120798F-009-013-2016.pdf,"Source: National Archives and Records Administration, National Archives Catalog, PC0095 PC Meeting on Bosnia-Hercegovina and the Eastern Mediterranean, August 17, 1994 [1], NAID 41051436.",,,,,,,,
188,Crisis split backlog,,,nara-7388808-41051437,136,Scout Lead,1994-01-01,"PC0095 PC Meeting on Bosnia-Hercegovina and the Eastern Mediterranean, August 17, 1994 [2]",Crisis Security Files,Pending,National Archives Catalog,"National Archives Catalog / PC0095 PC Meeting on Bosnia-Hercegovina and the Eastern Mediterranean, August 17, 1994 [2] / NAID 41051437",overweight,"Bosnia, Dayton, IFOR, and SFOR (overweight)",bosnia_ifor_sfor,,,,,,,file-unit extraction,Open catalog PDF only to separate direct NATO decision material from crisis context or implementation background.,https://catalog.archives.gov/id/41051437,https://s3.amazonaws.com/NARAprodstorage/lz/presidential-libraries/clinton/7585709/42-t-7585709-20120798F-009-014-2016.pdf,"Source: National Archives and Records Administration, National Archives Catalog, PC0095 PC Meeting on Bosnia-Hercegovina and the Eastern Mediterranean, August 17, 1994 [2], NAID 41051437.",,,,,,,,
189,Crisis split backlog,,,nara-7388808-41051438,136,Scout Lead,1994-01-01,"PC0098 PC Meeting on Bosnia-Hercegovina, September 13, 1994 [1]",Crisis Security Files,Pending,National Archives Catalog,"National Archives Catalog / PC0098 PC Meeting on Bosnia-Hercegovina, September 13, 1994 [1] / NAID 41051438",overweight,"Bosnia, Dayton, IFOR, and SFOR (overweight)",bosnia_ifor_sfor,,,,,,,file-unit extraction,Open catalog PDF only to separate direct NATO decision material from crisis context or implementation background.,https://catalog.archives.gov/id/41051438,https://s3.amazonaws.com/NARAprodstorage/lz/presidential-libraries/clinton/7585709/42-t-7585709-20120798F-009-015-2016.pdf,"Source: National Archives and Records Administration, National Archives Catalog, PC0098 PC Meeting on Bosnia-Hercegovina, September 13, 1994 [1], NAID 41051438.",,,,,,,,
190,Crisis split backlog,,,nara-7388808-41051439,136,Scout Lead,1994-01-01,"PC0098 PC Meeting on Bosnia-Hercegovina, September 13, 1994 [2]",Crisis Security Files,Pending,National Archives Catalog,"National Archives Catalog / PC0098 PC Meeting on Bosnia-Hercegovina, September 13, 1994 [2] / NAID 41051439",overweight,"Bosnia, Dayton, IFOR, and SFOR (overweight)",bosnia_ifor_sfor,,,,,,,file-unit extraction,Open catalog PDF only to separate direct NATO decision material from crisis context or implementation background.,https://catalog.archives.gov/id/41051439,https://s3.amazonaws.com/NARAprodstorage/lz/presidential-libraries/clinton/7585709/42-t-7585709-20120798F-009-016-2016.pdf,"Source: National Archives and Records Administration, National Archives Catalog, PC0098 PC Meeting on Bosnia-Hercegovina, September 13, 1994 [2], NAID 41051439.",,,,,,,,
191,Crisis split backlog,,,nara-7388808-41051440,136,Scout Lead,1994-01-01,"PC0103 PC Meeting on Bosnia-Hercegovina, October 18, 1994",Crisis Security Files,Pending,National Archives Catalog,"National Archives Catalog / PC0103 PC Meeting on Bosnia-Hercegovina, October 18, 1994 / NAID 41051440",overweight,"Bosnia, Dayton, IFOR, and SFOR (overweight)",bosnia_ifor_sfor,,,,,,,file-unit extraction,Open catalog PDF only to separate direct NATO decision material from crisis context or implementation background.,https://catalog.archives.gov/id/41051440,https://s3.amazonaws.com/NARAprodstorage/lz/presidential-libraries/clinton/7585709/42-t-7585709-20120798F-009-017-2016.pdf,"Source: National Archives and Records Administration, National Archives Catalog, PC0103 PC Meeting on Bosnia-Hercegovina, October 18, 1994, NAID 41051440.",,,,,,,,
192,Crisis split backlog,,,nara-7388808-41051441,136,Scout Lead,1994-01-01,"PC0106 PC Meeting on Bosnia-Hercegovina, November 7, 1994",Crisis Security Files,Pending,National Archives Catalog,"National Archives Catalog / PC0106 PC Meeting on Bosnia-Hercegovina, November 7, 1994 / NAID 41051441",overweight,"Bosnia, Dayton, IFOR, and SFOR (overweight)",bosnia_ifor_sfor,,,,,,,file-unit extraction,Open catalog PDF only to separate direct NATO decision material from crisis context or implementation background.,https://catalog.archives.gov/id/41051441,https://s3.amazonaws.com/NARAprodstorage/lz/presidential-libraries/clinton/7585709/42-t-7585709-20120798F-009-018-2016.pdf,"Source: National Archives and Records Administration, National Archives Catalog, PC0106 PC Meeting on Bosnia-Hercegovina, November 7, 1994, NAID 41051441.",,,,,,,,
193,Crisis split backlog,,,nara-7388808-41051442,136,Scout Lead,1994-01-01,"PC0108 PC Meeting on Bosnia-Hercegovina, November 17, 1994",Crisis Security Files,Pending,National Archives Catalog,"National Archives Catalog / PC0108 PC Meeting on Bosnia-Hercegovina, November 17, 1994 / NAID 41051442",overweight,"Bosnia, Dayton, IFOR, and SFOR (overweight)",bosnia_ifor_sfor,,,,,,,file-unit extraction,Open catalog PDF only to separate direct NATO decision material from crisis context or implementation background.,https://catalog.archives.gov/id/41051442,https://s3.amazonaws.com/NARAprodstorage/lz/presidential-libraries/clinton/7585709/42-t-7585709-20120798F-009-019-2016.pdf,"Source: National Archives and Records Administration, National Archives Catalog, PC0108 PC Meeting on Bosnia-Hercegovina, November 17, 1994, NAID 41051442.",,,,,,,,
194,Crisis split backlog,,,nara-7388808-41051443,136,Scout Lead,1994-01-01,"PC0110 PC Meeting on Bosnia-Hercegovina, November 28, 1994",Crisis Security Files,Pending,National Archives Catalog,"National Archives Catalog / PC0110 PC Meeting on Bosnia-Hercegovina, November 28, 1994 / NAID 41051443",overweight,"Bosnia, Dayton, IFOR, and SFOR (overweight)",bosnia_ifor_sfor,,,,,,,file-unit extraction,Open catalog PDF only to separate direct NATO decision material from crisis context or implementation background.,https://catalog.archives.gov/id/41051443,https://s3.amazonaws.com/NARAprodstorage/lz/presidential-libraries/clinton/7585709/42-t-7585709-20120798F-009-020-2016.pdf,"Source: National Archives and Records Administration, National Archives Catalog, PC0110 PC Meeting on Bosnia-Hercegovina, November 28, 1994, NAID 41051443.",,,,,,,,
195,Crisis split backlog,,,nara-7388808-41051444,136,Scout Lead,1994-01-01,"PC0111 PC Meeting on Bosnia-Hercegovina, 1994",Crisis Security Files,Pending,National Archives Catalog,"National Archives Catalog / PC0111 PC Meeting on Bosnia-Hercegovina, 1994 / NAID 41051444",overweight,"Bosnia, Dayton, IFOR, and SFOR (overweight)",bosnia_ifor_sfor,,,,,,,file-unit extraction,Open catalog PDF only to separate direct NATO decision material from crisis context or implementation background.,https://catalog.archives.gov/id/41051444,https://s3.amazonaws.com/NARAprodstorage/lz/presidential-libraries/clinton/7585709/42-t-7585709-20120798F-009-021-2016.pdf,"Source: National Archives and Records Administration, National Archives Catalog, PC0111 PC Meeting on Bosnia-Hercegovina, 1994, NAID 41051444.",,,,,,,,
196,Crisis split backlog,,,nara-7388808-41051445,136,Scout Lead,1994-01-01,"PC0112 PC Meeting on Bosnia-Hercegovina, December 12, 1994",Crisis Security Files,Pending,National Archives Catalog,"National Archives Catalog / PC0112 PC Meeting on Bosnia-Hercegovina, December 12, 1994 / NAID 41051445",overweight,"Bosnia, Dayton, IFOR, and SFOR (overweight)",bosnia_ifor_sfor,,,,,,,file-unit extraction,Open catalog PDF only to separate direct NATO decision material from crisis context or implementation background.,https://catalog.archives.gov/id/41051445,https://s3.amazonaws.com/NARAprodstorage/lz/presidential-libraries/clinton/7585709/42-t-7585709-20120798F-009-022-2016.pdf,"Source: National Archives and Records Administration, National Archives Catalog, PC0112 PC Meeting on Bosnia-Hercegovina, December 12, 1994, NAID 41051445.",,,,,,,,
197,Crisis split backlog,,,nara-scout-120361555,136,Scout Lead,1995-01-01,Bosnia - February 1995 [4],Crisis Security Files,Pending,National Archives Catalog,National Archives Catalog / Records of the National Security Council European Affairs Office (Clinton Administration) / Alexander Vershbow's Files / Bosnia - February 1995 [4] / NAID 120361555,overweight,"Bosnia, Dayton, IFOR, and SFOR (overweight)",bosnia_ifor_sfor,,,,,,,file-unit extraction,Open catalog PDF only to separate direct NATO decision material from crisis context or implementation background.,https://catalog.archives.gov/id/120361555,https://s3.amazonaws.com/NARAprodstorage/lz/presidential-libraries/clinton/foia/2013/2013-0687-f/42-t-7585499-20130687F-006-012-2016.pdf,"Source: National Archives and Records Administration, National Archives Catalog, Records of the National Security Council European Affairs Office (Clinton Administration), Alexander Vershbow's Files, Bosnia - February 1995 [4], NAID 120361555.",,,,,,,,
198,Crisis split backlog,,,nara-scout-120361671,136,Scout Lead,1995-01-01,Bosnia - July 1995: Mid.-Late [1],Crisis Security Files,Pending,National Archives Catalog,National Archives Catalog / Records of the National Security Council European Affairs Office (Clinton Administration) / Alexander Vershbow's Files / Bosnia - July 1995: Mid.-Late [1] / NAID 120361671,overweight,"Bosnia, Dayton, IFOR, and SFOR (overweight)",bosnia_ifor_sfor,,,,,,,file-unit extraction,Open catalog PDF only to separate direct NATO decision material from crisis context or implementation background.,https://catalog.archives.gov/id/120361671,https://s3.amazonaws.com/NARAprodstorage/lz/presidential-libraries/clinton/foia/2013/2013-0687-f/42-t-7585499-20130687F-011-008-2016.pdf,"Source: National Archives and Records Administration, National Archives Catalog, Records of the National Security Council European Affairs Office (Clinton Administration), Alexander Vershbow's Files, Bosnia - July 1995: Mid.-Late [1], NAID 120361671.",,,,,,,,
199,Crisis split backlog,,,nara-scout-120361629,136,Scout Lead,1995-01-01,Bosnia - June 1995: Early [1],Crisis Security Files,Pending,National Archives Catalog,National Archives Catalog / Records of the National Security Council European Affairs Office (Clinton Administration) / Alexander Vershbow's Files / Bosnia - June 1995: Early [1] / NAID 120361629,overweight,"Bosnia, Dayton, IFOR, and SFOR (overweight)",bosnia_ifor_sfor,,,,,,,file-unit extraction,Open catalog PDF only to separate direct NATO decision material from crisis context or implementation background.,https://catalog.archives.gov/id/120361629,https://s3.amazonaws.com/NARAprodstorage/lz/presidential-libraries/clinton/foia/2013/2013-0687-f/42-t-7585499-20130687F-009-012-2016.pdf,"Source: National Archives and Records Administration, National Archives Catalog, Records of the National Security Council European Affairs Office (Clinton Administration), Alexander Vershbow's Files, Bosnia - June 1995: Early [1], NAID 120361629.",,,,,,,,
200,Crisis split backlog,,,nara-scout-120361649,136,Scout Lead,1995-01-01,Bosnia - June 1995: Mid.-Late [5],Crisis Security Files,Pending,National Archives Catalog,National Archives Catalog / Records of the National Security Council European Affairs Office (Clinton Administration) / Alexander Vershbow's Files / Bosnia - June 1995: Mid.-Late [5] / NAID 120361649,overweight,"Bosnia, Dayton, IFOR, and SFOR (overweight)",bosnia_ifor_sfor,,,,,,,file-unit extraction,Open catalog PDF only to separate direct NATO decision material from crisis context or implementation background.,https://catalog.archives.gov/id/120361649,https://s3.amazonaws.com/NARAprodstorage/lz/presidential-libraries/clinton/foia/2013/2013-0687-f/42-t-7585499-20130687F-010-009-2016.pdf,"Source: National Archives and Records Administration, National Archives Catalog, Records of the National Security Council European Affairs Office (Clinton Administration), Alexander Vershbow's Files, Bosnia - June 1995: Mid.-Late [5], NAID 120361649.",,,,,,,,
201,Crisis split backlog,,,nara-scout-120361651,136,Scout Lead,1995-01-01,Bosnia - June 1995: Mid.-Late [6],Crisis Security Files,Pending,National Archives Catalog,National Archives Catalog / Records of the National Security Council European Affairs Office (Clinton Administration) / Alexander Vershbow's Files / Bosnia - June 1995: Mid.-Late [6] / NAID 120361651,overweight,"Bosnia, Dayton, IFOR, and SFOR (overweight)",bosnia_ifor_sfor,,,,,,,file-unit extraction,Open catalog PDF only to separate direct NATO decision material from crisis context or implementation background.,https://catalog.archives.gov/id/120361651,https://s3.amazonaws.com/NARAprodstorage/lz/presidential-libraries/clinton/foia/2013/2013-0687-f/42-t-7585499-20130687F-010-010-2016.pdf,"Source: National Archives and Records Administration, National Archives Catalog, Records of the National Security Council European Affairs Office (Clinton Administration), Alexander Vershbow's Files, Bosnia - June 1995: Mid.-Late [6], NAID 120361651.",,,,,,,,
202,Crisis split backlog,,,nara-scout-120361653,136,Scout Lead,1995-01-01,Bosnia - June 1995: Mid.-Late [7],Crisis Security Files,Pending,National Archives Catalog,National Archives Catalog / Records of the National Security Council European Affairs Office (Clinton Administration) / Alexander Vershbow's Files / Bosnia - June 1995: Mid.-Late [7] / NAID 120361653,overweight,"Bosnia, Dayton, IFOR, and SFOR (overweight)",bosnia_ifor_sfor,,,,,,,file-unit extraction,Open catalog PDF only to separate direct NATO decision material from crisis context or implementation background.,https://catalog.archives.gov/id/120361653,https://s3.amazonaws.com/NARAprodstorage/lz/presidential-libraries/clinton/foia/2013/2013-0687-f/42-t-7585499-20130687F-010-011-2016.pdf,"Source: National Archives and Records Administration, National Archives Catalog, Records of the National Security Council European Affairs Office (Clinton Administration), Alexander Vershbow's Files, Bosnia - June 1995: Mid.-Late [7], NAID 120361653.",,,,,,,,
203,Crisis split backlog,,,nara-scout-120361623,136,Scout Lead,1995-01-01,Bosnia - May 1995: Mid.-Late [5],Crisis Security Files,Pending,National Archives Catalog,National Archives Catalog / Records of the National Security Council European Affairs Office (Clinton Administration) / Alexander Vershbow's Files / Bosnia - May 1995: Mid.-Late [5] / NAID 120361623,overweight,"Bosnia, Dayton, IFOR, and SFOR (overweight)",bosnia_ifor_sfor,,,,,,,file-unit extraction,Open catalog PDF only to separate direct NATO decision material from crisis context or implementation background.,https://catalog.archives.gov/id/120361623,https://s3.amazonaws.com/NARAprodstorage/lz/presidential-libraries/clinton/foia/2013/2013-0687-f/42-t-7585499-20130687F-009-009-2016.pdf,"Source: National Archives and Records Administration, National Archives Catalog, Records of the National Security Council European Affairs Office (Clinton Administration), Alexander Vershbow's Files, Bosnia - May 1995: Mid.-Late [5], NAID 120361623.",,,,,,,,
204,Crisis split backlog,,,nara-scout-120361743,136,Scout Lead,1995-01-01,Bosnia - September 1995 (Early): Early-Mid. [1],Crisis Security Files,Pending,National Archives Catalog,National Archives Catalog / Records of the National Security Council European Affairs Office (Clinton Administration) / Alexander Vershbow's Files / Bosnia - September 1995 (Early): Early-Mid. [1] / NAID 120361743,overweight,"Bosnia, Dayton, IFOR, and SFOR (overweight)",bosnia_ifor_sfor,,,,,,,file-unit extraction,Open catalog PDF only to separate direct NATO decision material from crisis context or implementation background.,https://catalog.archives.gov/id/120361743,https://s3.amazonaws.com/NARAprodstorage/lz/presidential-libraries/clinton/foia/2013/2013-0687-f/42-t-7585499-20130687F-014-002-2016.pdf,"Source: National Archives and Records Administration, National Archives Catalog, Records of the National Security Council European Affairs Office (Clinton Administration), Alexander Vershbow's Files, Bosnia - September 1995 (Early): Early-Mid. [1], NAID 120361743.",,,,,,,,
205,Crisis split backlog,,,nara-scout-120361763,136,Scout Lead,1995-01-01,Bosnia - September 1995 (Late) [4],Crisis Security Files,Pending,National Archives Catalog,National Archives Catalog / Records of the National Security Council European Affairs Office (Clinton Administration) / Alexander Vershbow's Files / Bosnia - September 1995 (Late) [4] / NAID 120361763,overweight,"Bosnia, Dayton, IFOR, and SFOR (overweight)",bosnia_ifor_sfor,,,,,,,file-unit extraction,Open catalog PDF only to separate direct NATO decision material from crisis context or implementation background.,https://catalog.archives.gov/id/120361763,https://s3.amazonaws.com/NARAprodstorage/lz/presidential-libraries/clinton/foia/2013/2013-0687-f/42-t-7585499-20130687F-014-012-2016.pdf,"Source: National Archives and Records Administration, National Archives Catalog, Records of the National Security Council European Affairs Office (Clinton Administration), Alexander Vershbow's Files, Bosnia - September 1995 (Late) [4], NAID 120361763.",,,,,,,,
206,Crisis split backlog,,,nara-scout-120361767,136,Scout Lead,1995-01-01,Bosnia - September 1995 (Late) [6],Crisis Security Files,Pending,National Archives Catalog,National Archives Catalog / Records of the National Security Council European Affairs Office (Clinton Administration) / Alexander Vershbow's Files / Bosnia - September 1995 (Late) [6] / NAID 120361767,overweight,"Bosnia, Dayton, IFOR, and SFOR (overweight)",bosnia_ifor_sfor,,,,,,,file-unit extraction,Open catalog PDF only to separate direct NATO decision material from crisis context or implementation background.,https://catalog.archives.gov/id/120361767,https://s3.amazonaws.com/NARAprodstorage/lz/presidential-libraries/clinton/foia/2013/2013-0687-f/42-t-7585499-20130687F-015-002-2016.pdf,"Source: National Archives and Records Administration, National Archives Catalog, Records of the National Security Council European Affairs Office (Clinton Administration), Alexander Vershbow's Files, Bosnia - September 1995 (Late) [6], NAID 120361767.",,,,,,,,
207,Crisis split backlog,,,nara-scout-120361771,136,Scout Lead,1995-01-01,Bosnia - September 1995 (Late) [8],Crisis Security Files,Pending,National Archives Catalog,National Archives Catalog / Records of the National Security Council European Affairs Office (Clinton Administration) / Alexander Vershbow's Files / Bosnia - September 1995 (Late) [8] / NAID 120361771,overweight,"Bosnia, Dayton, IFOR, and SFOR (overweight)",bosnia_ifor_sfor,,,,,,,file-unit extraction,Open catalog PDF only to separate direct NATO decision material from crisis context or implementation background.,https://catalog.archives.gov/id/120361771,https://s3.amazonaws.com/NARAprodstorage/lz/presidential-libraries/clinton/foia/2013/2013-0687-f/42-t-7585499-20130687F-015-004-2016.pdf,"Source: National Archives and Records Administration, National Archives Catalog, Records of the National Security Council European Affairs Office (Clinton Administration), Alexander Vershbow's Files, Bosnia - September 1995 (Late) [8], NAID 120361771.",,,,,,,,
208,Crisis split backlog,,,nara-scout-120361711,136,Scout Lead,1995-01-01,Bosnia - September 1995 [2],Crisis Security Files,Pending,National Archives Catalog,National Archives Catalog / Records of the National Security Council European Affairs Office (Clinton Administration) / Alexander Vershbow's Files / Bosnia - September 1995 [2] / NAID 120361711,overweight,"Bosnia, Dayton, IFOR, and SFOR (overweight)",bosnia_ifor_sfor,,,,,,,file-unit extraction,Open catalog PDF only to separate direct NATO decision material from crisis context or implementation background.,https://catalog.archives.gov/id/120361711,https://s3.amazonaws.com/NARAprodstorage/lz/presidential-libraries/clinton/foia/2013/2013-0687-f/42-t-7585499-20130687F-012-010-2016.pdf,"Source: National Archives and Records Administration, National Archives Catalog, Records of the National Security Council European Affairs Office (Clinton Administration), Alexander Vershbow's Files, Bosnia - September 1995 [2], NAID 120361711.",,,,,,,,
209,Crisis split backlog,,,nara-scout-120361715,136,Scout Lead,1995-01-01,Bosnia - September 1995 [4],Crisis Security Files,Pending,National Archives Catalog,National Archives Catalog / Records of the National Security Council European Affairs Office (Clinton Administration) / Alexander Vershbow's Files / Bosnia - September 1995 [4] / NAID 120361715,overweight,"Bosnia, Dayton, IFOR, and SFOR (overweight)",bosnia_ifor_sfor,,,,,,,file-unit extraction,Open catalog PDF only to separate direct NATO decision material from crisis context or implementation background.,https://catalog.archives.gov/id/120361715,https://s3.amazonaws.com/NARAprodstorage/lz/presidential-libraries/clinton/foia/2013/2013-0687-f/42-t-7585499-20130687F-012-012-2016.pdf,"Source: National Archives and Records Administration, National Archives Catalog, Records of the National Security Council European Affairs Office (Clinton Administration), Alexander Vershbow's Files, Bosnia - September 1995 [4], NAID 120361715.",,,,,,,,
210,Crisis split backlog,,,nara-scout-40482494,136,Scout Lead,1995-01-01,Bosnia Principals Committee/Deputies Committee 1995 Meetings [2],Crisis Security Files,Pending,National Archives Catalog,National Archives Catalog / Records of the National Security Council European Affairs Office (Clinton Administration) / Donald Kerrick's Files / Bosnia Principals Committee/Deputies Committee 1995 Meetings [2] / NAID 40482494,overweight,"Bosnia, Dayton, IFOR, and SFOR (overweight)",bosnia_ifor_sfor,,,,,,,file-unit extraction,Open catalog PDF only to separate direct NATO decision material from crisis context or implementation background.,https://catalog.archives.gov/id/40482494,https://s3.amazonaws.com/NARAprodstorage/opastorage/live/94/4824/40482494/content/presidential-libraries/clinton/foia/2008/2008-0994-F/2008-0994-F-Bosnia-JPG/Box_024/42-t-7585486-20080994F-024-002-2016/42_t_7585486_20080994F_024_002_2016_Page_001.JPG,"Source: National Archives and Records Administration, National Archives Catalog, Records of the National Security Council European Affairs Office (Clinton Administration), Donald Kerrick's Files, Bosnia Principals Committee/Deputies Committee 1995 Meetings [2], NAID 40482494.",,,,,,,,
211,Crisis split backlog,,,nara-7388808-41051336,136,Scout Lead,1995-01-01,"DC0160 DC Meeting on Bosnia-Hercegovina, January 6, 1995",Crisis Security Files,Pending,National Archives Catalog,"National Archives Catalog / DC0160 DC Meeting on Bosnia-Hercegovina, January 6, 1995 / NAID 41051336",overweight,"Bosnia, Dayton, IFOR, and SFOR (overweight)",bosnia_ifor_sfor,,,,,,,file-unit extraction,Open catalog PDF only to separate direct NATO decision material from crisis context or implementation background.,https://catalog.archives.gov/id/41051336,https://s3.amazonaws.com/NARAprodstorage/lz/presidential-libraries/clinton/7585709/42-t-7585709-20120798F-004-027-2016.pdf,"Source: National Archives and Records Administration, National Archives Catalog, DC0160 DC Meeting on Bosnia-Hercegovina, January 6, 1995, NAID 41051336.",,,,,,,,
212,Crisis split backlog,,,nara-7388808-41051337,136,Scout Lead,1995-01-01,"DC0163 DC Meeting on Bosnia-Hercegovina, January 11, 1995",Crisis Security Files,Pending,National Archives Catalog,"National Archives Catalog / DC0163 DC Meeting on Bosnia-Hercegovina, January 11, 1995 / NAID 41051337",overweight,"Bosnia, Dayton, IFOR, and SFOR (overweight)",bosnia_ifor_sfor,,,,,,,file-unit extraction,Open catalog PDF only to separate direct NATO decision material from crisis context or implementation background.,https://catalog.archives.gov/id/41051337,https://s3.amazonaws.com/NARAprodstorage/lz/presidential-libraries/clinton/7585709/42-t-7585709-20120798F-004-028-2016.pdf,"Source: National Archives and Records Administration, National Archives Catalog, DC0163 DC Meeting on Bosnia-Hercegovina, January 11, 1995, NAID 41051337.",,,,,,,,
213,Crisis split backlog,,,nara-7388808-41051338,136,Scout Lead,1995-01-01,"DC0165 DC Meeting on Bosnia-Hercegovina and Croatia, January 25, 1995",Crisis Security Files,Pending,National Archives Catalog,"National Archives Catalog / DC0165 DC Meeting on Bosnia-Hercegovina and Croatia, January 25, 1995 / NAID 41051338",overweight,"Bosnia, Dayton, IFOR, and SFOR (overweight)",bosnia_ifor_sfor,,,,,,,file-unit extraction,Open catalog PDF only to separate direct NATO decision material from crisis context or implementation background.,https://catalog.archives.gov/id/41051338,https://s3.amazonaws.com/NARAprodstorage/lz/presidential-libraries/clinton/7585709/42-t-7585709-20120798F-004-029-2016.pdf,"Source: National Archives and Records Administration, National Archives Catalog, DC0165 DC Meeting on Bosnia-Hercegovina and Croatia, January 25, 1995, NAID 41051338.",,,,,,,,
214,Crisis split backlog,,,nara-7388808-41051339,136,Scout Lead,1995-01-01,"DC0168 DC Meeting on Bosnia-Hercegovina and Croatia, February 2, 1995",Crisis Security Files,Pending,National Archives Catalog,"National Archives Catalog / DC0168 DC Meeting on Bosnia-Hercegovina and Croatia, February 2, 1995 / NAID 41051339",overweight,"Bosnia, Dayton, IFOR, and SFOR (overweight)",bosnia_ifor_sfor,,,,,,,file-unit extraction,Open catalog PDF only to separate direct NATO decision material from crisis context or implementation background.,https://catalog.archives.gov/id/41051339,https://s3.amazonaws.com/NARAprodstorage/lz/presidential-libraries/clinton/7585709/42-t-7585709-20120798F-005-001-2016.pdf,"Source: National Archives and Records Administration, National Archives Catalog, DC0168 DC Meeting on Bosnia-Hercegovina and Croatia, February 2, 1995, NAID 41051339.",,,,,,,,
215,Crisis split backlog,,,nara-7388808-41051340,136,Scout Lead,1995-01-01,"DC0176 DC Meeting on Bosnia-Hercegovina and Croatia, February 22, 1995",Crisis Security Files,Pending,National Archives Catalog,"National Archives Catalog / DC0176 DC Meeting on Bosnia-Hercegovina and Croatia, February 22, 1995 / NAID 41051340",overweight,"Bosnia, Dayton, IFOR, and SFOR (overweight)",bosnia_ifor_sfor,,,,,,,file-unit extraction,Open catalog PDF only to separate direct NATO decision material from crisis context or implementation background.,https://catalog.archives.gov/id/41051340,https://s3.amazonaws.com/NARAprodstorage/lz/presidential-libraries/clinton/7585709/42-t-7585709-20120798F-005-002-2016.pdf,"Source: National Archives and Records Administration, National Archives Catalog, DC0176 DC Meeting on Bosnia-Hercegovina and Croatia, February 22, 1995, NAID 41051340.",,,,,,,,
216,Crisis split backlog,,,nara-7388808-41051341,136,Scout Lead,1995-01-01,"DC0178 DC Meeting on Bosnia-Hercegovina and Croatia, February 28, 1995",Crisis Security Files,Pending,National Archives Catalog,"National Archives Catalog / DC0178 DC Meeting on Bosnia-Hercegovina and Croatia, February 28, 1995 / NAID 41051341",overweight,"Bosnia, Dayton, IFOR, and SFOR (overweight)",bosnia_ifor_sfor,,,,,,,file-unit extraction,Open catalog PDF only to separate direct NATO decision material from crisis context or implementation background.,https://catalog.archives.gov/id/41051341,https://s3.amazonaws.com/NARAprodstorage/lz/presidential-libraries/clinton/7585709/42-t-7585709-20120798F-005-003-2016.pdf,"Source: National Archives and Records Administration, National Archives Catalog, DC0178 DC Meeting on Bosnia-Hercegovina and Croatia, February 28, 1995, NAID 41051341.",,,,,,,,
217,Crisis split backlog,,,nara-7388808-41051342,136,Scout Lead,1995-01-01,"DC0179 DC Meeting on Bosnia-Hercegovina and Croatia, March 2, 1995",Crisis Security Files,Pending,National Archives Catalog,"National Archives Catalog / DC0179 DC Meeting on Bosnia-Hercegovina and Croatia, March 2, 1995 / NAID 41051342",overweight,"Bosnia, Dayton, IFOR, and SFOR (overweight)",bosnia_ifor_sfor,,,,,,,file-unit extraction,Open catalog PDF only to separate direct NATO decision material from crisis context or implementation background.,https://catalog.archives.gov/id/41051342,https://s3.amazonaws.com/NARAprodstorage/lz/presidential-libraries/clinton/7585709/42-t-7585709-20120798F-005-004-2016.pdf,"Source: National Archives and Records Administration, National Archives Catalog, DC0179 DC Meeting on Bosnia-Hercegovina and Croatia, March 2, 1995, NAID 41051342.",,,,,,,,
218,Crisis split backlog,,,nara-7388808-41051343,136,Scout Lead,1995-01-01,"DC0181 DC Meeting on Bosnia-Hercegovina, March 9, 1995",Crisis Security Files,Pending,National Archives Catalog,"National Archives Catalog / DC0181 DC Meeting on Bosnia-Hercegovina, March 9, 1995 / NAID 41051343",overweight,"Bosnia, Dayton, IFOR, and SFOR (overweight)",bosnia_ifor_sfor,,,,,,,file-unit extraction,Open catalog PDF only to separate direct NATO decision material from crisis context or implementation background.,https://catalog.archives.gov/id/41051343,https://s3.amazonaws.com/NARAprodstorage/lz/presidential-libraries/clinton/7585709/42-t-7585709-20120798F-005-005-2016.pdf,"Source: National Archives and Records Administration, National Archives Catalog, DC0181 DC Meeting on Bosnia-Hercegovina, March 9, 1995, NAID 41051343.",,,,,,,,
219,Crisis split backlog,,,nara-7388808-41051344,136,Scout Lead,1995-01-01,"DC0196 DC Meeting on Bosnia-Hercegovina and Croatia, April 27, 1995",Crisis Security Files,Pending,National Archives Catalog,"National Archives Catalog / DC0196 DC Meeting on Bosnia-Hercegovina and Croatia, April 27, 1995 / NAID 41051344",overweight,"Bosnia, Dayton, IFOR, and SFOR (overweight)",bosnia_ifor_sfor,,,,,,,file-unit extraction,Open catalog PDF only to separate direct NATO decision material from crisis context or implementation background.,https://catalog.archives.gov/id/41051344,https://s3.amazonaws.com/NARAprodstorage/lz/presidential-libraries/clinton/7585709/42-t-7585709-20120798F-005-006-2016.pdf,"Source: National Archives and Records Administration, National Archives Catalog, DC0196 DC Meeting on Bosnia-Hercegovina and Croatia, April 27, 1995, NAID 41051344.",,,,,,,,
220,Crisis split backlog,,,nara-7388808-41051345,136,Scout Lead,1995-01-01,"DC0198 DC Meeting on Bosnia-Hercegovina and Croatia, May 4, 1995",Crisis Security Files,Pending,National Archives Catalog,"National Archives Catalog / DC0198 DC Meeting on Bosnia-Hercegovina and Croatia, May 4, 1995 / NAID 41051345",overweight,"Bosnia, Dayton, IFOR, and SFOR (overweight)",bosnia_ifor_sfor,,,,,,,file-unit extraction,Open catalog PDF only to separate direct NATO decision material from crisis context or implementation background.,https://catalog.archives.gov/id/41051345,https://s3.amazonaws.com/NARAprodstorage/lz/presidential-libraries/clinton/7585709/42-t-7585709-20120798F-005-007-2016.pdf,"Source: National Archives and Records Administration, National Archives Catalog, DC0198 DC Meeting on Bosnia-Hercegovina and Croatia, May 4, 1995, NAID 41051345.",,,,,,,,
221,Crisis split backlog,,,nara-7388808-41051346,136,Scout Lead,1995-01-01,"DC0199 DC Meeting on Bosnia-Hercegovina and Croatia, May 9, 1995",Crisis Security Files,Pending,National Archives Catalog,"National Archives Catalog / DC0199 DC Meeting on Bosnia-Hercegovina and Croatia, May 9, 1995 / NAID 41051346",overweight,"Bosnia, Dayton, IFOR, and SFOR (overweight)",bosnia_ifor_sfor,,,,,,,file-unit extraction,Open catalog PDF only to separate direct NATO decision material from crisis context or implementation background.,https://catalog.archives.gov/id/41051346,https://s3.amazonaws.com/NARAprodstorage/lz/presidential-libraries/clinton/7585709/42-t-7585709-20120798F-005-008-2016.pdf,"Source: National Archives and Records Administration, National Archives Catalog, DC0199 DC Meeting on Bosnia-Hercegovina and Croatia, May 9, 1995, NAID 41051346.",,,,,,,,
222,Crisis split backlog,,,nara-7388808-41051347,136,Scout Lead,1995-01-01,"DC0202 DC Meeting on Bosnia-Hercegovina, 1995",Crisis Security Files,Pending,National Archives Catalog,"National Archives Catalog / DC0202 DC Meeting on Bosnia-Hercegovina, 1995 / NAID 41051347",overweight,"Bosnia, Dayton, IFOR, and SFOR (overweight)",bosnia_ifor_sfor,,,,,,,file-unit extraction,Open catalog PDF only to separate direct NATO decision material from crisis context or implementation background.,https://catalog.archives.gov/id/41051347,https://s3.amazonaws.com/NARAprodstorage/lz/presidential-libraries/clinton/7585709/42-t-7585709-20120798F-005-009-2016.pdf,"Source: National Archives and Records Administration, National Archives Catalog, DC0202 DC Meeting on Bosnia-Hercegovina, 1995, NAID 41051347.",,,,,,,,
223,Crisis split backlog,,,nara-7388808-41051348,136,Scout Lead,1995-01-01,"DC0203 DC Meeting on Bosnia-Hercegovina, June 19, 1995",Crisis Security Files,Pending,National Archives Catalog,"National Archives Catalog / DC0203 DC Meeting on Bosnia-Hercegovina, June 19, 1995 / NAID 41051348",overweight,"Bosnia, Dayton, IFOR, and SFOR (overweight)",bosnia_ifor_sfor,,,,,,,file-unit extraction,Open catalog PDF only to separate direct NATO decision material from crisis context or implementation background.,https://catalog.archives.gov/id/41051348,https://s3.amazonaws.com/NARAprodstorage/lz/presidential-libraries/clinton/7585709/42-t-7585709-20120798F-005-010-2016.pdf,"Source: National Archives and Records Administration, National Archives Catalog, DC0203 DC Meeting on Bosnia-Hercegovina, June 19, 1995, NAID 41051348.",,,,,,,,
224,Crisis split backlog,,,nara-7388808-41051349,136,Scout Lead,1995-01-01,"DC0206 DC Meeting on Bosnia-Hercegovina, July 11-12, 1995",Crisis Security Files,Pending,National Archives Catalog,"National Archives Catalog / DC0206 DC Meeting on Bosnia-Hercegovina, July 11-12, 1995 / NAID 41051349",overweight,"Bosnia, Dayton, IFOR, and SFOR (overweight)",bosnia_ifor_sfor,,,,,,,file-unit extraction,Open catalog PDF only to separate direct NATO decision material from crisis context or implementation background.,https://catalog.archives.gov/id/41051349,https://s3.amazonaws.com/NARAprodstorage/lz/presidential-libraries/clinton/7585709/42-t-7585709-20120798F-005-011-2016.pdf,"Source: National Archives and Records Administration, National Archives Catalog, DC0206 DC Meeting on Bosnia-Hercegovina, July 11-12, 1995, NAID 41051349.",,,,,,,,
225,Crisis split backlog,,,nara-7388808-41051350,136,Scout Lead,1995-01-01,"DC0207 DC Meeting on Bosnia-Hercegovina, 1995",Crisis Security Files,Pending,National Archives Catalog,"National Archives Catalog / DC0207 DC Meeting on Bosnia-Hercegovina, 1995 / NAID 41051350",overweight,"Bosnia, Dayton, IFOR, and SFOR (overweight)",bosnia_ifor_sfor,,,,,,,file-unit extraction,Open catalog PDF only to separate direct NATO decision material from crisis context or implementation background.,https://catalog.archives.gov/id/41051350,https://s3.amazonaws.com/NARAprodstorage/lz/presidential-libraries/clinton/7585709/42-t-7585709-20120798F-005-012-2016.pdf,"Source: National Archives and Records Administration, National Archives Catalog, DC0207 DC Meeting on Bosnia-Hercegovina, 1995, NAID 41051350.",,,,,,,,
226,Crisis split backlog,,,nara-7388808-41051351,136,Scout Lead,1995-01-01,"DC0208 DC Meeting on Bosnia-Hercegovina, July 24, 1995",Crisis Security Files,Pending,National Archives Catalog,"National Archives Catalog / DC0208 DC Meeting on Bosnia-Hercegovina, July 24, 1995 / NAID 41051351",overweight,"Bosnia, Dayton, IFOR, and SFOR (overweight)",bosnia_ifor_sfor,,,,,,,file-unit extraction,Open catalog PDF only to separate direct NATO decision material from crisis context or implementation background.,https://catalog.archives.gov/id/41051351,https://s3.amazonaws.com/NARAprodstorage/lz/presidential-libraries/clinton/7585709/42-t-7585709-20120798F-005-013-2016.pdf,"Source: National Archives and Records Administration, National Archives Catalog, DC0208 DC Meeting on Bosnia-Hercegovina, July 24, 1995, NAID 41051351.",,,,,,,,
227,Crisis split backlog,,,nara-7388808-41051352,136,Scout Lead,1995-01-01,"DC0209 DC Meeting on Bosnia-Hercegovina, July 25, 1995",Crisis Security Files,Pending,National Archives Catalog,"National Archives Catalog / DC0209 DC Meeting on Bosnia-Hercegovina, July 25, 1995 / NAID 41051352",overweight,"Bosnia, Dayton, IFOR, and SFOR (overweight)",bosnia_ifor_sfor,,,,,,,file-unit extraction,Open catalog PDF only to separate direct NATO decision material from crisis context or implementation background.,https://catalog.archives.gov/id/41051352,https://s3.amazonaws.com/NARAprodstorage/lz/presidential-libraries/clinton/7585709/42-t-7585709-20120798F-005-014-2016.pdf,"Source: National Archives and Records Administration, National Archives Catalog, DC0209 DC Meeting on Bosnia-Hercegovina, July 25, 1995, NAID 41051352.",,,,,,,,
228,Crisis split backlog,,,nara-7388808-41051353,136,Scout Lead,1995-01-01,"DC0212 DC Meeting on Bosnia-Hercegovina, August 11, 1995",Crisis Security Files,Pending,National Archives Catalog,"National Archives Catalog / DC0212 DC Meeting on Bosnia-Hercegovina, August 11, 1995 / NAID 41051353",overweight,"Bosnia, Dayton, IFOR, and SFOR (overweight)",bosnia_ifor_sfor,,,,,,,file-unit extraction,Open catalog PDF only to separate direct NATO decision material from crisis context or implementation background.,https://catalog.archives.gov/id/41051353,https://s3.amazonaws.com/NARAprodstorage/lz/presidential-libraries/clinton/7585709/42-t-7585709-20120798F-005-015-2016.pdf,"Source: National Archives and Records Administration, National Archives Catalog, DC0212 DC Meeting on Bosnia-Hercegovina, August 11, 1995, NAID 41051353.",,,,,,,,
229,Crisis split backlog,,,nara-7388808-41051354,136,Scout Lead,1995-01-01,"DC0214 DC Meeting on Bosnia-Hercegovina, August 14, 1995",Crisis Security Files,Pending,National Archives Catalog,"National Archives Catalog / DC0214 DC Meeting on Bosnia-Hercegovina, August 14, 1995 / NAID 41051354",overweight,"Bosnia, Dayton, IFOR, and SFOR (overweight)",bosnia_ifor_sfor,,,,,,,file-unit extraction,Open catalog PDF only to separate direct NATO decision material from crisis context or implementation background.,https://catalog.archives.gov/id/41051354,https://s3.amazonaws.com/NARAprodstorage/lz/presidential-libraries/clinton/7585709/42-t-7585709-20120798F-005-016-2016.pdf,"Source: National Archives and Records Administration, National Archives Catalog, DC0214 DC Meeting on Bosnia-Hercegovina, August 14, 1995, NAID 41051354.",,,,,,,,
230,Crisis split backlog,,,nara-7388808-41051355,136,Scout Lead,1995-01-01,"DC0216 DC Meeting on Bosnia-Hercegovina, August 18, 1995",Crisis Security Files,Pending,National Archives Catalog,"National Archives Catalog / DC0216 DC Meeting on Bosnia-Hercegovina, August 18, 1995 / NAID 41051355",overweight,"Bosnia, Dayton, IFOR, and SFOR (overweight)",bosnia_ifor_sfor,,,,,,,file-unit extraction,Open catalog PDF only to separate direct NATO decision material from crisis context or implementation background.,https://catalog.archives.gov/id/41051355,https://s3.amazonaws.com/NARAprodstorage/lz/presidential-libraries/clinton/7585709/42-t-7585709-20120798F-005-017-2016.pdf,"Source: National Archives and Records Administration, National Archives Catalog, DC0216 DC Meeting on Bosnia-Hercegovina, August 18, 1995, NAID 41051355.",,,,,,,,
231,Crisis split backlog,,,nara-7388808-41051356,136,Scout Lead,1995-01-01,"DC0217 DC Meeting on Bosnia-Hercegovina, August 23, 1995",Crisis Security Files,Pending,National Archives Catalog,"National Archives Catalog / DC0217 DC Meeting on Bosnia-Hercegovina, August 23, 1995 / NAID 41051356",overweight,"Bosnia, Dayton, IFOR, and SFOR (overweight)",bosnia_ifor_sfor,,,,,,,file-unit extraction,Open catalog PDF only to separate direct NATO decision material from crisis context or implementation background.,https://catalog.archives.gov/id/41051356,https://s3.amazonaws.com/NARAprodstorage/lz/presidential-libraries/clinton/7585709/42-t-7585709-20120798F-005-018-2016.pdf,"Source: National Archives and Records Administration, National Archives Catalog, DC0217 DC Meeting on Bosnia-Hercegovina, August 23, 1995, NAID 41051356.",,,,,,,,
232,Crisis split backlog,,,nara-7388808-41051357,136,Scout Lead,1995-01-01,"DC0218 DC Meeting on Bosnia-Hercegovina, August 28, 1995",Crisis Security Files,Pending,National Archives Catalog,"National Archives Catalog / DC0218 DC Meeting on Bosnia-Hercegovina, August 28, 1995 / NAID 41051357",overweight,"Bosnia, Dayton, IFOR, and SFOR (overweight)",bosnia_ifor_sfor,,,,,,,file-unit extraction,Open catalog PDF only to separate direct NATO decision material from crisis context or implementation background.,https://catalog.archives.gov/id/41051357,https://s3.amazonaws.com/NARAprodstorage/lz/presidential-libraries/clinton/7585709/42-t-7585709-20120798F-005-019-2016.pdf,"Source: National Archives and Records Administration, National Archives Catalog, DC0218 DC Meeting on Bosnia-Hercegovina, August 28, 1995, NAID 41051357.",,,,,,,,
233,Crisis split backlog,,,nara-7388808-41051358,136,Scout Lead,1995-01-01,"DC0221 DC Meeting on Bosnia-Hercegovina, September 8, 1995",Crisis Security Files,Pending,National Archives Catalog,"National Archives Catalog / DC0221 DC Meeting on Bosnia-Hercegovina, September 8, 1995 / NAID 41051358",overweight,"Bosnia, Dayton, IFOR, and SFOR (overweight)",bosnia_ifor_sfor,,,,,,,file-unit extraction,Open catalog PDF only to separate direct NATO decision material from crisis context or implementation background.,https://catalog.archives.gov/id/41051358,https://s3.amazonaws.com/NARAprodstorage/lz/presidential-libraries/clinton/7585709/42-t-7585709-20120798F-005-020-2016.pdf,"Source: National Archives and Records Administration, National Archives Catalog, DC0221 DC Meeting on Bosnia-Hercegovina, September 8, 1995, NAID 41051358.",,,,,,,,
234,Crisis split backlog,,,nara-7388808-41051359,136,Scout Lead,1995-01-01,"DC0224 DC Meeting on Bosnia-Hercegovina, September 15, 1995",Crisis Security Files,Pending,National Archives Catalog,"National Archives Catalog / DC0224 DC Meeting on Bosnia-Hercegovina, September 15, 1995 / NAID 41051359",overweight,"Bosnia, Dayton, IFOR, and SFOR (overweight)",bosnia_ifor_sfor,,,,,,,file-unit extraction,Open catalog PDF only to separate direct NATO decision material from crisis context or implementation background.,https://catalog.archives.gov/id/41051359,https://s3.amazonaws.com/NARAprodstorage/lz/presidential-libraries/clinton/7585709/42-t-7585709-20120798F-005-021-2016.pdf,"Source: National Archives and Records Administration, National Archives Catalog, DC0224 DC Meeting on Bosnia-Hercegovina, September 15, 1995, NAID 41051359.",,,,,,,,
235,Crisis split backlog,,,nara-7388808-41051360,136,Scout Lead,1995-01-01,"DC0226 DC Meeting on Bosnia-Hercegovina, September 29, 1995",Crisis Security Files,Pending,National Archives Catalog,"National Archives Catalog / DC0226 DC Meeting on Bosnia-Hercegovina, September 29, 1995 / NAID 41051360",overweight,"Bosnia, Dayton, IFOR, and SFOR (overweight)",bosnia_ifor_sfor,,,,,,,file-unit extraction,Open catalog PDF only to separate direct NATO decision material from crisis context or implementation background.,https://catalog.archives.gov/id/41051360,https://s3.amazonaws.com/NARAprodstorage/lz/presidential-libraries/clinton/7585709/42-t-7585709-20120798F-005-022-2016.pdf,"Source: National Archives and Records Administration, National Archives Catalog, DC0226 DC Meeting on Bosnia-Hercegovina, September 29, 1995, NAID 41051360.",,,,,,,,
236,Crisis split backlog,,,nara-7388808-41051361,136,Scout Lead,1995-01-01,"DC0229 DC Meeting on Bosnia-Hercegovina, October 6, 1995",Crisis Security Files,Pending,National Archives Catalog,"National Archives Catalog / DC0229 DC Meeting on Bosnia-Hercegovina, October 6, 1995 / NAID 41051361",overweight,"Bosnia, Dayton, IFOR, and SFOR (overweight)",bosnia_ifor_sfor,,,,,,,file-unit extraction,Open catalog PDF only to separate direct NATO decision material from crisis context or implementation background.,https://catalog.archives.gov/id/41051361,https://s3.amazonaws.com/NARAprodstorage/lz/presidential-libraries/clinton/7585709/42-t-7585709-20120798F-005-023-2016.pdf,"Source: National Archives and Records Administration, National Archives Catalog, DC0229 DC Meeting on Bosnia-Hercegovina, October 6, 1995, NAID 41051361.",,,,,,,,
237,Crisis split backlog,,,nara-7388808-41051362,136,Scout Lead,1995-01-01,"DC0232 DC Meeting on Bosnia-Hercegovina, October 16, 1995",Crisis Security Files,Pending,National Archives Catalog,"National Archives Catalog / DC0232 DC Meeting on Bosnia-Hercegovina, October 16, 1995 / NAID 41051362",overweight,"Bosnia, Dayton, IFOR, and SFOR (overweight)",bosnia_ifor_sfor,,,,,,,file-unit extraction,Open catalog PDF only to separate direct NATO decision material from crisis context or implementation background.,https://catalog.archives.gov/id/41051362,https://s3.amazonaws.com/NARAprodstorage/lz/presidential-libraries/clinton/7585709/42-t-7585709-20120798F-005-024-2016.pdf,"Source: National Archives and Records Administration, National Archives Catalog, DC0232 DC Meeting on Bosnia-Hercegovina, October 16, 1995, NAID 41051362.",,,,,,,,
238,Crisis split backlog,,,nara-7388808-41051363,136,Scout Lead,1995-01-01,"DC0235 DC Meeting on Bosnia-Hercegovina, October 18, 1995",Crisis Security Files,Pending,National Archives Catalog,"National Archives Catalog / DC0235 DC Meeting on Bosnia-Hercegovina, October 18, 1995 / NAID 41051363",overweight,"Bosnia, Dayton, IFOR, and SFOR (overweight)",bosnia_ifor_sfor,,,,,,,file-unit extraction,Open catalog PDF only to separate direct NATO decision material from crisis context or implementation background.,https://catalog.archives.gov/id/41051363,https://s3.amazonaws.com/NARAprodstorage/lz/presidential-libraries/clinton/7585709/42-t-7585709-20120798F-005-025-2016.pdf,"Source: National Archives and Records Administration, National Archives Catalog, DC0235 DC Meeting on Bosnia-Hercegovina, October 18, 1995, NAID 41051363.",,,,,,,,
239,Crisis split backlog,,,nara-7388808-41051364,136,Scout Lead,1995-01-01,"DC0236 DC Meeting on Bosnia-Hercegovina, October 20, 1995",Crisis Security Files,Pending,National Archives Catalog,"National Archives Catalog / DC0236 DC Meeting on Bosnia-Hercegovina, October 20, 1995 / NAID 41051364",overweight,"Bosnia, Dayton, IFOR, and SFOR (overweight)",bosnia_ifor_sfor,,,,,,,file-unit extraction,Open catalog PDF only to separate direct NATO decision material from crisis context or implementation background.,https://catalog.archives.gov/id/41051364,https://s3.amazonaws.com/NARAprodstorage/lz/presidential-libraries/clinton/7585709/42-t-7585709-20120798F-005-026-2016.pdf,"Source: National Archives and Records Administration, National Archives Catalog, DC0236 DC Meeting on Bosnia-Hercegovina, October 20, 1995, NAID 41051364.",,,,,,,,
240,Crisis split backlog,,,nara-7388808-41051365,136,Scout Lead,1995-01-01,"DC0237 DC Meeting on Bosnia-Hercegovina, October 24, 1995",Crisis Security Files,Pending,National Archives Catalog,"National Archives Catalog / DC0237 DC Meeting on Bosnia-Hercegovina, October 24, 1995 / NAID 41051365",overweight,"Bosnia, Dayton, IFOR, and SFOR (overweight)",bosnia_ifor_sfor,,,,,,,file-unit extraction,Open catalog PDF only to separate direct NATO decision material from crisis context or implementation background.,https://catalog.archives.gov/id/41051365,https://s3.amazonaws.com/NARAprodstorage/lz/presidential-libraries/clinton/7585709/42-t-7585709-20120798F-005-027-2016.pdf,"Source: National Archives and Records Administration, National Archives Catalog, DC0237 DC Meeting on Bosnia-Hercegovina, October 24, 1995, NAID 41051365.",,,,,,,,
241,Crisis split backlog,,,nara-7388808-41051366,136,Scout Lead,1995-01-01,"DC0239 DC Meeting on Bosnia-Hercegovina, November 1, 1995",Crisis Security Files,Pending,National Archives Catalog,"National Archives Catalog / DC0239 DC Meeting on Bosnia-Hercegovina, November 1, 1995 / NAID 41051366",overweight,"Bosnia, Dayton, IFOR, and SFOR (overweight)",bosnia_ifor_sfor,,,,,,,file-unit extraction,Open catalog PDF only to separate direct NATO decision material from crisis context or implementation background.,https://catalog.archives.gov/id/41051366,https://s3.amazonaws.com/NARAprodstorage/lz/presidential-libraries/clinton/7585709/42-t-7585709-20120798F-005-028-2016.pdf,"Source: National Archives and Records Administration, National Archives Catalog, DC0239 DC Meeting on Bosnia-Hercegovina, November 1, 1995, NAID 41051366.",,,,,,,,
242,Crisis split backlog,,,nara-7388808-41051367,136,Scout Lead,1995-01-01,"DC0241 DC Meeting on Bosnia-Hercegovina, November 13, 1995",Crisis Security Files,Pending,National Archives Catalog,"National Archives Catalog / DC0241 DC Meeting on Bosnia-Hercegovina, November 13, 1995 / NAID 41051367",overweight,"Bosnia, Dayton, IFOR, and SFOR (overweight)",bosnia_ifor_sfor,,,,,,,file-unit extraction,Open catalog PDF only to separate direct NATO decision material from crisis context or implementation background.,https://catalog.archives.gov/id/41051367,https://s3.amazonaws.com/NARAprodstorage/lz/presidential-libraries/clinton/7585709/42-t-7585709-20120798F-005-029-2016.pdf,"Source: National Archives and Records Administration, National Archives Catalog, DC0241 DC Meeting on Bosnia-Hercegovina, November 13, 1995, NAID 41051367.",,,,,,,,
243,Crisis split backlog,,,nara-scout-41051297,136,Scout Lead,1995-01-01,"PC/DC [Principals Committee/Deputies Committee] Meetings on Bosnia, April 1995 [1]",Crisis Security Files,Pending,National Archives Catalog,"National Archives Catalog / Records of the National Security Council European Affairs Office (Clinton Administration) / Sue Bremner's Files / PC/DC [Principals Committee/Deputies Committee] Meetings on Bosnia, April 1995 [1] / NAID 41051297",overweight,"Bosnia, Dayton, IFOR, and SFOR (overweight)",bosnia_ifor_sfor,,,,,,,file-unit extraction,Open catalog PDF only to separate direct NATO decision material from crisis context or implementation background.,https://catalog.archives.gov/id/41051297,https://s3.amazonaws.com/NARAprodstorage/lz/presidential-libraries/clinton/7585472/42-t-7585472-20120798F-002-007-2016.pdf,"Source: National Archives and Records Administration, National Archives Catalog, Records of the National Security Council European Affairs Office (Clinton Administration), Sue Bremner's Files, PC/DC [Principals Committee/Deputies Committee] Meetings on Bosnia, April 1995 [1], NAID 41051297.",,,,,,,,
244,Crisis split backlog,,,nara-scout-41051298,136,Scout Lead,1995-01-01,"PC/DC [Principals Committee/Deputies Committee] Meetings on Bosnia, April 1995 [2]",Crisis Security Files,Pending,National Archives Catalog,"National Archives Catalog / Records of the National Security Council European Affairs Office (Clinton Administration) / Sue Bremner's Files / PC/DC [Principals Committee/Deputies Committee] Meetings on Bosnia, April 1995 [2] / NAID 41051298",overweight,"Bosnia, Dayton, IFOR, and SFOR (overweight)",bosnia_ifor_sfor,,,,,,,file-unit extraction,Open catalog PDF only to separate direct NATO decision material from crisis context or implementation background.,https://catalog.archives.gov/id/41051298,https://s3.amazonaws.com/NARAprodstorage/lz/presidential-libraries/clinton/7585472/42-t-7585472-20120798F-002-008-2016.pdf,"Source: National Archives and Records Administration, National Archives Catalog, Records of the National Security Council European Affairs Office (Clinton Administration), Sue Bremner's Files, PC/DC [Principals Committee/Deputies Committee] Meetings on Bosnia, April 1995 [2], NAID 41051298.",,,,,,,,
245,Crisis split backlog,,,nara-scout-41051299,136,Scout Lead,1995-01-01,"PC/DC [Principals Committee/Deputies Committee] Meetings on Bosnia, April 1995 [3]",Crisis Security Files,Pending,National Archives Catalog,"National Archives Catalog / Records of the National Security Council European Affairs Office (Clinton Administration) / Sue Bremner's Files / PC/DC [Principals Committee/Deputies Committee] Meetings on Bosnia, April 1995 [3] / NAID 41051299",overweight,"Bosnia, Dayton, IFOR, and SFOR (overweight)",bosnia_ifor_sfor,,,,,,,file-unit extraction,Open catalog PDF only to separate direct NATO decision material from crisis context or implementation background.,https://catalog.archives.gov/id/41051299,https://s3.amazonaws.com/NARAprodstorage/lz/presidential-libraries/clinton/7585472/42-t-7585472-20120798F-002-009-2016.pdf,"Source: National Archives and Records Administration, National Archives Catalog, Records of the National Security Council European Affairs Office (Clinton Administration), Sue Bremner's Files, PC/DC [Principals Committee/Deputies Committee] Meetings on Bosnia, April 1995 [3], NAID 41051299.",,,,,,,,
246,Crisis split backlog,,,nara-scout-41051283,136,Scout Lead,1995-01-01,"PC/DC [Principals Committee/Deputies Committee] Meetings on Bosnia, January 1995 [4]",Crisis Security Files,Pending,National Archives Catalog,"National Archives Catalog / Records of the National Security Council European Affairs Office (Clinton Administration) / Sue Bremner's Files / PC/DC [Principals Committee/Deputies Committee] Meetings on Bosnia, January 1995 [4] / NAID 41051283",overweight,"Bosnia, Dayton, IFOR, and SFOR (overweight)",bosnia_ifor_sfor,,,,,,,file-unit extraction,Open catalog PDF only to separate direct NATO decision material from crisis context or implementation background.,https://catalog.archives.gov/id/41051283,https://s3.amazonaws.com/NARAprodstorage/lz/presidential-libraries/clinton/7585472/42-t-7585472-20120798F-001-004-2016.pdf,"Source: National Archives and Records Administration, National Archives Catalog, Records of the National Security Council European Affairs Office (Clinton Administration), Sue Bremner's Files, PC/DC [Principals Committee/Deputies Committee] Meetings on Bosnia, January 1995 [4], NAID 41051283.",,,,,,,,
247,Crisis split backlog,,,nara-scout-41051291,136,Scout Lead,1995-01-01,"PC/DC [Principals Committee/Deputies Committee] Meetings on Bosnia, March 1995 [3]",Crisis Security Files,Pending,National Archives Catalog,"National Archives Catalog / Records of the National Security Council European Affairs Office (Clinton Administration) / Sue Bremner's Files / PC/DC [Principals Committee/Deputies Committee] Meetings on Bosnia, March 1995 [3] / NAID 41051291",overweight,"Bosnia, Dayton, IFOR, and SFOR (overweight)",bosnia_ifor_sfor,,,,,,,file-unit extraction,Open catalog PDF only to separate direct NATO decision material from crisis context or implementation background.,https://catalog.archives.gov/id/41051291,https://s3.amazonaws.com/NARAprodstorage/lz/presidential-libraries/clinton/7585472/42-t-7585472-20120798F-002-001-2016.pdf,"Source: National Archives and Records Administration, National Archives Catalog, Records of the National Security Council European Affairs Office (Clinton Administration), Sue Bremner's Files, PC/DC [Principals Committee/Deputies Committee] Meetings on Bosnia, March 1995 [3], NAID 41051291.",,,,,,,,
248,Crisis split backlog,,,nara-scout-41051292,136,Scout Lead,1995-01-01,"PC/DC [Principals Committee/Deputies Committee] Meetings on Bosnia, March 1995 [4]",Crisis Security Files,Pending,National Archives Catalog,"National Archives Catalog / Records of the National Security Council European Affairs Office (Clinton Administration) / Sue Bremner's Files / PC/DC [Principals Committee/Deputies Committee] Meetings on Bosnia, March 1995 [4] / NAID 41051292",overweight,"Bosnia, Dayton, IFOR, and SFOR (overweight)",bosnia_ifor_sfor,,,,,,,file-unit extraction,Open catalog PDF only to separate direct NATO decision material from crisis context or implementation background.,https://catalog.archives.gov/id/41051292,https://s3.amazonaws.com/NARAprodstorage/lz/presidential-libraries/clinton/7585472/42-t-7585472-20120798F-002-002-2016.pdf,"Source: National Archives and Records Administration, National Archives Catalog, Records of the National Security Council European Affairs Office (Clinton Administration), Sue Bremner's Files, PC/DC [Principals Committee/Deputies Committee] Meetings on Bosnia, March 1995 [4], NAID 41051292.",,,,,,,,
249,Crisis split backlog,,,nara-scout-41051295,136,Scout Lead,1995-01-01,"PC/DC [Principals Committee/Deputies Committee] Meetings on Bosnia, March 1995 [7]",Crisis Security Files,Pending,National Archives Catalog,"National Archives Catalog / Records of the National Security Council European Affairs Office (Clinton Administration) / Sue Bremner's Files / PC/DC [Principals Committee/Deputies Committee] Meetings on Bosnia, March 1995 [7] / NAID 41051295",overweight,"Bosnia, Dayton, IFOR, and SFOR (overweight)",bosnia_ifor_sfor,,,,,,,file-unit extraction,Open catalog PDF only to separate direct NATO decision material from crisis context or implementation background.,https://catalog.archives.gov/id/41051295,https://s3.amazonaws.com/NARAprodstorage/lz/presidential-libraries/clinton/7585472/42-t-7585472-20120798F-002-005-2016.pdf,"Source: National Archives and Records Administration, National Archives Catalog, Records of the National Security Council European Affairs Office (Clinton Administration), Sue Bremner's Files, PC/DC [Principals Committee/Deputies Committee] Meetings on Bosnia, March 1995 [7], NAID 41051295.",,,,,,,,
250,Crisis split backlog,,,nara-scout-41051296,136,Scout Lead,1995-01-01,"PC/DC [Principals Committee/Deputies Committee] Meetings on Bosnia, March 1995 [8]",Crisis Security Files,Pending,National Archives Catalog,"National Archives Catalog / Records of the National Security Council European Affairs Office (Clinton Administration) / Sue Bremner's Files / PC/DC [Principals Committee/Deputies Committee] Meetings on Bosnia, March 1995 [8] / NAID 41051296",overweight,"Bosnia, Dayton, IFOR, and SFOR (overweight)",bosnia_ifor_sfor,,,,,,,file-unit extraction,Open catalog PDF only to separate direct NATO decision material from crisis context or implementation background.,https://catalog.archives.gov/id/41051296,https://s3.amazonaws.com/NARAprodstorage/lz/presidential-libraries/clinton/7585472/42-t-7585472-20120798F-002-006-2016.pdf,"Source: National Archives and Records Administration, National Archives Catalog, Records of the National Security Council European Affairs Office (Clinton Administration), Sue Bremner's Files, PC/DC [Principals Committee/Deputies Committee] Meetings on Bosnia, March 1995 [8], NAID 41051296.",,,,,,,,
251,Crisis split backlog,,,nara-scout-41051301,136,Scout Lead,1995-01-01,"PC/DC [Principals Committee/Deputies Committee] Meetings on Bosnia, May 1995 [1]",Crisis Security Files,Pending,National Archives Catalog,"National Archives Catalog / Records of the National Security Council European Affairs Office (Clinton Administration) / Sue Bremner's Files / PC/DC [Principals Committee/Deputies Committee] Meetings on Bosnia, May 1995 [1] / NAID 41051301",overweight,"Bosnia, Dayton, IFOR, and SFOR (overweight)",bosnia_ifor_sfor,,,,,,,file-unit extraction,Open catalog PDF only to separate direct NATO decision material from crisis context or implementation background.,https://catalog.archives.gov/id/41051301,https://s3.amazonaws.com/NARAprodstorage/lz/presidential-libraries/clinton/7585472/42-t-7585472-20120798F-003-001-2016.pdf,"Source: National Archives and Records Administration, National Archives Catalog, Records of the National Security Council European Affairs Office (Clinton Administration), Sue Bremner's Files, PC/DC [Principals Committee/Deputies Committee] Meetings on Bosnia, May 1995 [1], NAID 41051301.",,,,,,,,
252,Crisis split backlog,,,nara-scout-41051302,136,Scout Lead,1995-01-01,"PC/DC [Principals Committee/Deputies Committee] Meetings on Bosnia, May 1995 [2]",Crisis Security Files,Pending,National Archives Catalog,"National Archives Catalog / Records of the National Security Council European Affairs Office (Clinton Administration) / Sue Bremner's Files / PC/DC [Principals Committee/Deputies Committee] Meetings on Bosnia, May 1995 [2] / NAID 41051302",overweight,"Bosnia, Dayton, IFOR, and SFOR (overweight)",bosnia_ifor_sfor,,,,,,,file-unit extraction,Open catalog PDF only to separate direct NATO decision material from crisis context or implementation background.,https://catalog.archives.gov/id/41051302,https://s3.amazonaws.com/NARAprodstorage/lz/presidential-libraries/clinton/7585472/42-t-7585472-20120798F-003-002-2016.pdf,"Source: National Archives and Records Administration, National Archives Catalog, Records of the National Security Council European Affairs Office (Clinton Administration), Sue Bremner's Files, PC/DC [Principals Committee/Deputies Committee] Meetings on Bosnia, May 1995 [2], NAID 41051302.",,,,,,,,
253,Crisis split backlog,,,nara-scout-41051303,136,Scout Lead,1995-01-01,"PC/DC [Principals Committee/Deputies Committee] Meetings on Bosnia, May 1995 [3]",Crisis Security Files,Pending,National Archives Catalog,"National Archives Catalog / Records of the National Security Council European Affairs Office (Clinton Administration) / Sue Bremner's Files / PC/DC [Principals Committee/Deputies Committee] Meetings on Bosnia, May 1995 [3] / NAID 41051303",overweight,"Bosnia, Dayton, IFOR, and SFOR (overweight)",bosnia_ifor_sfor,,,,,,,file-unit extraction,Open catalog PDF only to separate direct NATO decision material from crisis context or implementation background.,https://catalog.archives.gov/id/41051303,https://s3.amazonaws.com/NARAprodstorage/lz/presidential-libraries/clinton/7585472/42-t-7585472-20120798F-003-003-2016.pdf,"Source: National Archives and Records Administration, National Archives Catalog, Records of the National Security Council European Affairs Office (Clinton Administration), Sue Bremner's Files, PC/DC [Principals Committee/Deputies Committee] Meetings on Bosnia, May 1995 [3], NAID 41051303.",,,,,,,,
254,Crisis split backlog,,,nara-scout-41051304,136,Scout Lead,1995-01-01,"PC/DC [Principals Committee/Deputies Committee] Meetings on Bosnia, May 1995 [4]",Crisis Security Files,Pending,National Archives Catalog,"National Archives Catalog / Records of the National Security Council European Affairs Office (Clinton Administration) / Sue Bremner's Files / PC/DC [Principals Committee/Deputies Committee] Meetings on Bosnia, May 1995 [4] / NAID 41051304",overweight,"Bosnia, Dayton, IFOR, and SFOR (overweight)",bosnia_ifor_sfor,,,,,,,file-unit extraction,Open catalog PDF only to separate direct NATO decision material from crisis context or implementation background.,https://catalog.archives.gov/id/41051304,https://s3.amazonaws.com/NARAprodstorage/lz/presidential-libraries/clinton/7585472/42-t-7585472-20120798F-003-004-2016.pdf,"Source: National Archives and Records Administration, National Archives Catalog, Records of the National Security Council European Affairs Office (Clinton Administration), Sue Bremner's Files, PC/DC [Principals Committee/Deputies Committee] Meetings on Bosnia, May 1995 [4], NAID 41051304.",,,,,,,,
255,Crisis split backlog,,,nara-scout-41051305,136,Scout Lead,1995-01-01,"PC/DC [Principals Committee/Deputies Committee] Meetings on Bosnia, May 1995 [5]",Crisis Security Files,Pending,National Archives Catalog,"National Archives Catalog / Records of the National Security Council European Affairs Office (Clinton Administration) / Sue Bremner's Files / PC/DC [Principals Committee/Deputies Committee] Meetings on Bosnia, May 1995 [5] / NAID 41051305",overweight,"Bosnia, Dayton, IFOR, and SFOR (overweight)",bosnia_ifor_sfor,,,,,,,file-unit extraction,Open catalog PDF only to separate direct NATO decision material from crisis context or implementation background.,https://catalog.archives.gov/id/41051305,https://s3.amazonaws.com/NARAprodstorage/lz/presidential-libraries/clinton/7585472/42-t-7585472-20120798F-003-005-2016.pdf,"Source: National Archives and Records Administration, National Archives Catalog, Records of the National Security Council European Affairs Office (Clinton Administration), Sue Bremner's Files, PC/DC [Principals Committee/Deputies Committee] Meetings on Bosnia, May 1995 [5], NAID 41051305.",,,,,,,,
256,Crisis split backlog,,,nara-scout-41051306,136,Scout Lead,1995-01-01,"PC/DC [Principals Committee/Deputies Committee] Meetings on Bosnia, May 1995 [6]",Crisis Security Files,Pending,National Archives Catalog,"National Archives Catalog / Records of the National Security Council European Affairs Office (Clinton Administration) / Sue Bremner's Files / PC/DC [Principals Committee/Deputies Committee] Meetings on Bosnia, May 1995 [6] / NAID 41051306",overweight,"Bosnia, Dayton, IFOR, and SFOR (overweight)",bosnia_ifor_sfor,,,,,,,file-unit extraction,Open catalog PDF only to separate direct NATO decision material from crisis context or implementation background.,https://catalog.archives.gov/id/41051306,https://s3.amazonaws.com/NARAprodstorage/lz/presidential-libraries/clinton/7585472/42-t-7585472-20120798F-003-006-2016.pdf,"Source: National Archives and Records Administration, National Archives Catalog, Records of the National Security Council European Affairs Office (Clinton Administration), Sue Bremner's Files, PC/DC [Principals Committee/Deputies Committee] Meetings on Bosnia, May 1995 [6], NAID 41051306.",,,,,,,,
257,Crisis split backlog,,,nara-7388808-41051447,136,Scout Lead,1995-01-01,"PC0118 PC Meeting on Bosnia-Hercegovina and Croatia, February 7, 1995",Crisis Security Files,Pending,National Archives Catalog,"National Archives Catalog / PC0118 PC Meeting on Bosnia-Hercegovina and Croatia, February 7, 1995 / NAID 41051447",overweight,"Bosnia, Dayton, IFOR, and SFOR (overweight)",bosnia_ifor_sfor,,,,,,,file-unit extraction,Open catalog PDF only to separate direct NATO decision material from crisis context or implementation background.,https://catalog.archives.gov/id/41051447,https://s3.amazonaws.com/NARAprodstorage/lz/presidential-libraries/clinton/7585709/42-t-7585709-20120798F-009-024-2016.pdf,"Source: National Archives and Records Administration, National Archives Catalog, PC0118 PC Meeting on Bosnia-Hercegovina and Croatia, February 7, 1995, NAID 41051447.",,,,,,,,
258,Crisis split backlog,,,nara-7388808-41051448,136,Scout Lead,1995-01-01,"PC0119 PC Meeting on Bosnia-Hercegovina and Croatia, February 13, 1995",Crisis Security Files,Pending,National Archives Catalog,"National Archives Catalog / PC0119 PC Meeting on Bosnia-Hercegovina and Croatia, February 13, 1995 / NAID 41051448",overweight,"Bosnia, Dayton, IFOR, and SFOR (overweight)",bosnia_ifor_sfor,,,,,,,file-unit extraction,Open catalog PDF only to separate direct NATO decision material from crisis context or implementation background.,https://catalog.archives.gov/id/41051448,https://s3.amazonaws.com/NARAprodstorage/lz/presidential-libraries/clinton/7585709/42-t-7585709-20120798F-009-025-2016.pdf,"Source: National Archives and Records Administration, National Archives Catalog, PC0119 PC Meeting on Bosnia-Hercegovina and Croatia, February 13, 1995, NAID 41051448.",,,,,,,,
259,Crisis split backlog,,,nara-7388808-41051449,136,Scout Lead,1995-01-01,"PC0120 PC Meeting on Bosnia-Hercegovina and Croatia, February 21, 1995",Crisis Security Files,Pending,National Archives Catalog,"National Archives Catalog / PC0120 PC Meeting on Bosnia-Hercegovina and Croatia, February 21, 1995 / NAID 41051449",overweight,"Bosnia, Dayton, IFOR, and SFOR (overweight)",bosnia_ifor_sfor,,,,,,,file-unit extraction,Open catalog PDF only to separate direct NATO decision material from crisis context or implementation background.,https://catalog.archives.gov/id/41051449,https://s3.amazonaws.com/NARAprodstorage/lz/presidential-libraries/clinton/7585709/42-t-7585709-20120798F-009-026-2016.pdf,"Source: National Archives and Records Administration, National Archives Catalog, PC0120 PC Meeting on Bosnia-Hercegovina and Croatia, February 21, 1995, NAID 41051449.",,,,,,,,
260,Crisis split backlog,,,nara-7388808-41051450,136,Scout Lead,1995-01-01,"PC0123 PC Meeting on Bosnia-Hercegovina and Croatia, March 3, 1995",Crisis Security Files,Pending,National Archives Catalog,"National Archives Catalog / PC0123 PC Meeting on Bosnia-Hercegovina and Croatia, March 3, 1995 / NAID 41051450",overweight,"Bosnia, Dayton, IFOR, and SFOR (overweight)",bosnia_ifor_sfor,,,,,,,file-unit extraction,Open catalog PDF only to separate direct NATO decision material from crisis context or implementation background.,https://catalog.archives.gov/id/41051450,https://s3.amazonaws.com/NARAprodstorage/lz/presidential-libraries/clinton/7585709/42-t-7585709-20120798F-009-027-2016.pdf,"Source: National Archives and Records Administration, National Archives Catalog, PC0123 PC Meeting on Bosnia-Hercegovina and Croatia, March 3, 1995, NAID 41051450.",,,,,,,,
261,Crisis split backlog,,,nara-7388808-41051451,136,Scout Lead,1995-01-01,"PC0124 PC Meeting on Bosnia-Hercegovina and Croatia, March 17, 1995 [1]",Crisis Security Files,Pending,National Archives Catalog,"National Archives Catalog / PC0124 PC Meeting on Bosnia-Hercegovina and Croatia, March 17, 1995 [1] / NAID 41051451",overweight,"Bosnia, Dayton, IFOR, and SFOR (overweight)",bosnia_ifor_sfor,,,,,,,file-unit extraction,Open catalog PDF only to separate direct NATO decision material from crisis context or implementation background.,https://catalog.archives.gov/id/41051451,https://s3.amazonaws.com/NARAprodstorage/lz/presidential-libraries/clinton/7585709/42-t-7585709-20120798F-009-028-2016.pdf,"Source: National Archives and Records Administration, National Archives Catalog, PC0124 PC Meeting on Bosnia-Hercegovina and Croatia, March 17, 1995 [1], NAID 41051451.",,,,,,,,
262,Crisis split backlog,,,nara-7388808-41051452,136,Scout Lead,1995-01-01,"PC0124 PC Meeting on Bosnia-Hercegovina and Croatia, March 17, 1995 [2]",Crisis Security Files,Pending,National Archives Catalog,"National Archives Catalog / PC0124 PC Meeting on Bosnia-Hercegovina and Croatia, March 17, 1995 [2] / NAID 41051452",overweight,"Bosnia, Dayton, IFOR, and SFOR (overweight)",bosnia_ifor_sfor,,,,,,,file-unit extraction,Open catalog PDF only to separate direct NATO decision material from crisis context or implementation background.,https://catalog.archives.gov/id/41051452,https://s3.amazonaws.com/NARAprodstorage/lz/presidential-libraries/clinton/7585709/42-t-7585709-20120798F-009-029-2016.pdf,"Source: National Archives and Records Administration, National Archives Catalog, PC0124 PC Meeting on Bosnia-Hercegovina and Croatia, March 17, 1995 [2], NAID 41051452.",,,,,,,,
263,Crisis split backlog,,,nara-7388808-41051453,136,Scout Lead,1995-01-01,"PC0126 PC Meeting on Bosnia-Hercegovina and Croatia, March 28, 1995",Crisis Security Files,Pending,National Archives Catalog,"National Archives Catalog / PC0126 PC Meeting on Bosnia-Hercegovina and Croatia, March 28, 1995 / NAID 41051453",overweight,"Bosnia, Dayton, IFOR, and SFOR (overweight)",bosnia_ifor_sfor,,,,,,,file-unit extraction,Open catalog PDF only to separate direct NATO decision material from crisis context or implementation background.,https://catalog.archives.gov/id/41051453,https://s3.amazonaws.com/NARAprodstorage/lz/presidential-libraries/clinton/7585709/42-t-7585709-20120798F-009-030-2016.pdf,"Source: National Archives and Records Administration, National Archives Catalog, PC0126 PC Meeting on Bosnia-Hercegovina and Croatia, March 28, 1995, NAID 41051453.",,,,,,,,
264,Crisis split backlog,,,nara-7388808-41051456,136,Scout Lead,1995-01-01,"PC0136 PC Meeting on Bosnia-Hercegovina and Croatia, May 19, 1995",Crisis Security Files,Pending,National Archives Catalog,"National Archives Catalog / PC0136 PC Meeting on Bosnia-Hercegovina and Croatia, May 19, 1995 / NAID 41051456",overweight,"Bosnia, Dayton, IFOR, and SFOR (overweight)",bosnia_ifor_sfor,,,,,,,file-unit extraction,Open catalog PDF only to separate direct NATO decision material from crisis context or implementation background.,https://catalog.archives.gov/id/41051456,https://s3.amazonaws.com/NARAprodstorage/lz/presidential-libraries/clinton/7585709/42-t-7585709-20120798F-009-033-2016.pdf,"Source: National Archives and Records Administration, National Archives Catalog, PC0136 PC Meeting on Bosnia-Hercegovina and Croatia, May 19, 1995, NAID 41051456.",,,,,,,,
265,Crisis split backlog,,,nara-7388808-41051457,136,Scout Lead,1995-01-01,"PC0137 PC Meeting on Bosnia-Hercegovina and Croatia, May 23, 1995",Crisis Security Files,Pending,National Archives Catalog,"National Archives Catalog / PC0137 PC Meeting on Bosnia-Hercegovina and Croatia, May 23, 1995 / NAID 41051457",overweight,"Bosnia, Dayton, IFOR, and SFOR (overweight)",bosnia_ifor_sfor,,,,,,,file-unit extraction,Open catalog PDF only to separate direct NATO decision material from crisis context or implementation background.,https://catalog.archives.gov/id/41051457,https://s3.amazonaws.com/NARAprodstorage/lz/presidential-libraries/clinton/7585709/42-t-7585709-20120798F-009-034-2016.pdf,"Source: National Archives and Records Administration, National Archives Catalog, PC0137 PC Meeting on Bosnia-Hercegovina and Croatia, May 23, 1995, NAID 41051457.",,,,,,,,
266,Crisis split backlog,,,nara-7388808-41051458,136,Scout Lead,1995-01-01,"PC0138 PC Meeting on Bosnia-Hercegovina and Croatia, May 28, 1995",Crisis Security Files,Pending,National Archives Catalog,"National Archives Catalog / PC0138 PC Meeting on Bosnia-Hercegovina and Croatia, May 28, 1995 / NAID 41051458",overweight,"Bosnia, Dayton, IFOR, and SFOR (overweight)",bosnia_ifor_sfor,,,,,,,file-unit extraction,Open catalog PDF only to separate direct NATO decision material from crisis context or implementation background.,https://catalog.archives.gov/id/41051458,https://s3.amazonaws.com/NARAprodstorage/lz/presidential-libraries/clinton/7585709/42-t-7585709-20120798F-009-035-2016.pdf,"Source: National Archives and Records Administration, National Archives Catalog, PC0138 PC Meeting on Bosnia-Hercegovina and Croatia, May 28, 1995, NAID 41051458.",,,,,,,,
267,Crisis split backlog,,,nara-7388808-41051461,136,Scout Lead,1995-01-01,"PC0142 PC Meeting on Bosnia-Hercegovina and Croatia, August 1, 1995",Crisis Security Files,Pending,National Archives Catalog,"National Archives Catalog / PC0142 PC Meeting on Bosnia-Hercegovina and Croatia, August 1, 1995 / NAID 41051461",overweight,"Bosnia, Dayton, IFOR, and SFOR (overweight)",bosnia_ifor_sfor,,,,,,,file-unit extraction,Open catalog PDF only to separate direct NATO decision material from crisis context or implementation background.,https://catalog.archives.gov/id/41051461,https://s3.amazonaws.com/NARAprodstorage/lz/presidential-libraries/clinton/7585709/42-t-7585709-20120798F-009-038-2016.pdf,"Source: National Archives and Records Administration, National Archives Catalog, PC0142 PC Meeting on Bosnia-Hercegovina and Croatia, August 1, 1995, NAID 41051461.",,,,,,,,
268,Crisis split backlog,,,nara-scout-236750696,136,Scout Lead,1996-01-01,Bosnia/Iran/IOB [Intelligence Oversight Board] — Basic Documents 1996 [2],Crisis Security Files,Pending,National Archives Catalog,National Archives Catalog / Records of the National Security Council European Affairs Office (Clinton Administration) / Alexander Vershbow's Files / Bosnia/Iran/IOB [Intelligence Oversight Board] — Basic Documents 1996 [2] / NAID 236750696,overweight,"Bosnia, Dayton, IFOR, and SFOR (overweight)",bosnia_ifor_sfor,,,,,,,file-unit extraction,Open catalog PDF only to separate direct NATO decision material from crisis context or implementation background.,https://catalog.archives.gov/id/236750696,https://s3.us-east-1.amazonaws.com/NARAprodstorage/lz/presidential-libraries/clinton/wjc-nscea/7585499/7585499-20060996F-002-005-2022-001.JPG,"Source: National Archives and Records Administration, National Archives Catalog, Records of the National Security Council European Affairs Office (Clinton Administration), Alexander Vershbow's Files, Bosnia/Iran/IOB [Intelligence Oversight Board] — Basic Documents 1996 [2], NAID 236750696.",,,,,,,,
269,Crisis split backlog,,,nara-scout-236750692,136,Scout Lead,1996-01-01,"Bosnia/Iran/IOB [Intelligence Oversight Board], April-May 1996 [1]",Crisis Security Files,Pending,National Archives Catalog,"National Archives Catalog / Records of the National Security Council European Affairs Office (Clinton Administration) / Alexander Vershbow's Files / Bosnia/Iran/IOB [Intelligence Oversight Board], April-May 1996 [1] / NAID 236750692",overweight,"Bosnia, Dayton, IFOR, and SFOR (overweight)",bosnia_ifor_sfor,,,,,,,file-unit extraction,Open catalog PDF only to separate direct NATO decision material from crisis context or implementation background.,https://catalog.archives.gov/id/236750692,https://s3.us-east-1.amazonaws.com/NARAprodstorage/lz/presidential-libraries/clinton/wjc-nscea/7585499/7585499-20060996F-002-001-2022-001.JPG,"Source: National Archives and Records Administration, National Archives Catalog, Records of the National Security Council European Affairs Office (Clinton Administration), Alexander Vershbow's Files, Bosnia/Iran/IOB [Intelligence Oversight Board], April-May 1996 [1], NAID 236750692.",,,,,,,,
270,Crisis split backlog,,,nara-scout-236750697,136,Scout Lead,1996-01-01,"Bosnia/Iran/IOB [Intelligence Oversight Board], End of May 1996 [1]",Crisis Security Files,Pending,National Archives Catalog,"National Archives Catalog / Records of the National Security Council European Affairs Office (Clinton Administration) / Alexander Vershbow's Files / Bosnia/Iran/IOB [Intelligence Oversight Board], End of May 1996 [1] / NAID 236750697",overweight,"Bosnia, Dayton, IFOR, and SFOR (overweight)",bosnia_ifor_sfor,,,,,,,file-unit extraction,Open catalog PDF only to separate direct NATO decision material from crisis context or implementation background.,https://catalog.archives.gov/id/236750697,https://s3.us-east-1.amazonaws.com/NARAprodstorage/lz/presidential-libraries/clinton/wjc-nscea/7585499/7585499-20060996F-002-006-2022-001.JPG,"Source: National Archives and Records Administration, National Archives Catalog, Records of the National Security Council European Affairs Office (Clinton Administration), Alexander Vershbow's Files, Bosnia/Iran/IOB [Intelligence Oversight Board], End of May 1996 [1], NAID 236750697.",,,,,,,,
271,Crisis split backlog,,,nara-scout-236750698,136,Scout Lead,1996-01-01,"Bosnia/Iran/IOB [Intelligence Oversight Board], End of May 1996 [2]",Crisis Security Files,Pending,National Archives Catalog,"National Archives Catalog / Records of the National Security Council European Affairs Office (Clinton Administration) / Alexander Vershbow's Files / Bosnia/Iran/IOB [Intelligence Oversight Board], End of May 1996 [2] / NAID 236750698",overweight,"Bosnia, Dayton, IFOR, and SFOR (overweight)",bosnia_ifor_sfor,,,,,,,file-unit extraction,Open catalog PDF only to separate direct NATO decision material from crisis context or implementation background.,https://catalog.archives.gov/id/236750698,https://s3.us-east-1.amazonaws.com/NARAprodstorage/lz/presidential-libraries/clinton/wjc-nscea/7585499/7585499-20060996F-002-007-2022-001.JPG,"Source: National Archives and Records Administration, National Archives Catalog, Records of the National Security Council European Affairs Office (Clinton Administration), Alexander Vershbow's Files, Bosnia/Iran/IOB [Intelligence Oversight Board], End of May 1996 [2], NAID 236750698.",,,,,,,,
272,Crisis split backlog,,,nara-7388808-41051370,136,Scout Lead,1996-01-01,"DC0254 DC Meeting on Bosnia-Hercegovina, January 19, 1996",Crisis Security Files,Pending,National Archives Catalog,"National Archives Catalog / DC0254 DC Meeting on Bosnia-Hercegovina, January 19, 1996 / NAID 41051370",overweight,"Bosnia, Dayton, IFOR, and SFOR (overweight)",bosnia_ifor_sfor,,,,,,,file-unit extraction,Open catalog PDF only to separate direct NATO decision material from crisis context or implementation background.,https://catalog.archives.gov/id/41051370,https://s3.amazonaws.com/NARAprodstorage/lz/presidential-libraries/clinton/7585709/42-t-7585709-20120798F-005-032-2016.pdf,"Source: National Archives and Records Administration, National Archives Catalog, DC0254 DC Meeting on Bosnia-Hercegovina, January 19, 1996, NAID 41051370.",,,,,,,,
273,Crisis split backlog,,,nara-7388808-41051371,136,Scout Lead,1996-01-01,"DC0256 DC Meeting on Bosnia-Hercegovina, February 2, 1996",Crisis Security Files,Pending,National Archives Catalog,"National Archives Catalog / DC0256 DC Meeting on Bosnia-Hercegovina, February 2, 1996 / NAID 41051371",overweight,"Bosnia, Dayton, IFOR, and SFOR (overweight)",bosnia_ifor_sfor,,,,,,,file-unit extraction,Open catalog PDF only to separate direct NATO decision material from crisis context or implementation background.,https://catalog.archives.gov/id/41051371,https://s3.amazonaws.com/NARAprodstorage/lz/presidential-libraries/clinton/7585709/42-t-7585709-20120798F-005-033-2016.pdf,"Source: National Archives and Records Administration, National Archives Catalog, DC0256 DC Meeting on Bosnia-Hercegovina, February 2, 1996, NAID 41051371.",,,,,,,,
274,Crisis split backlog,,,nara-7388808-41051372,136,Scout Lead,1996-01-01,"DC0259 DC Meeting on Bosnia-Hercegovina, February 14, 1996",Crisis Security Files,Pending,National Archives Catalog,"National Archives Catalog / DC0259 DC Meeting on Bosnia-Hercegovina, February 14, 1996 / NAID 41051372",overweight,"Bosnia, Dayton, IFOR, and SFOR (overweight)",bosnia_ifor_sfor,,,,,,,file-unit extraction,Open catalog PDF only to separate direct NATO decision material from crisis context or implementation background.,https://catalog.archives.gov/id/41051372,https://s3.amazonaws.com/NARAprodstorage/lz/presidential-libraries/clinton/7585709/42-t-7585709-20120798F-005-034-2016.pdf,"Source: National Archives and Records Administration, National Archives Catalog, DC0259 DC Meeting on Bosnia-Hercegovina, February 14, 1996, NAID 41051372.",,,,,,,,
275,Crisis split backlog,,,nara-7388808-41051373,136,Scout Lead,1996-01-01,"DC0264 DC Meeting on Bosnia-Hercegovina, February 29, 1996",Crisis Security Files,Pending,National Archives Catalog,"National Archives Catalog / DC0264 DC Meeting on Bosnia-Hercegovina, February 29, 1996 / NAID 41051373",overweight,"Bosnia, Dayton, IFOR, and SFOR (overweight)",bosnia_ifor_sfor,,,,,,,file-unit extraction,Open catalog PDF only to separate direct NATO decision material from crisis context or implementation background.,https://catalog.archives.gov/id/41051373,https://s3.amazonaws.com/NARAprodstorage/lz/presidential-libraries/clinton/7585709/42-t-7585709-20120798F-005-035-2016.pdf,"Source: National Archives and Records Administration, National Archives Catalog, DC0264 DC Meeting on Bosnia-Hercegovina, February 29, 1996, NAID 41051373.",,,,,,,,
276,Crisis split backlog,,,nara-7388808-41051374,136,Scout Lead,1996-01-01,"DC0271 DC Meeting on Bosnia-Hercegovina, March 26, 1996",Crisis Security Files,Pending,National Archives Catalog,"National Archives Catalog / DC0271 DC Meeting on Bosnia-Hercegovina, March 26, 1996 / NAID 41051374",overweight,"Bosnia, Dayton, IFOR, and SFOR (overweight)",bosnia_ifor_sfor,,,,,,,file-unit extraction,Open catalog PDF only to separate direct NATO decision material from crisis context or implementation background.,https://catalog.archives.gov/id/41051374,https://s3.amazonaws.com/NARAprodstorage/lz/presidential-libraries/clinton/7585709/42-t-7585709-20120798F-005-036-2016.pdf,"Source: National Archives and Records Administration, National Archives Catalog, DC0271 DC Meeting on Bosnia-Hercegovina, March 26, 1996, NAID 41051374.",,,,,,,,
277,Crisis split backlog,,,nara-7388808-41051376,136,Scout Lead,1996-01-01,"DC0274 DC Meeting on Bosnia-Hercegovina, April 11, 1996",Crisis Security Files,Pending,National Archives Catalog,"National Archives Catalog / DC0274 DC Meeting on Bosnia-Hercegovina, April 11, 1996 / NAID 41051376",overweight,"Bosnia, Dayton, IFOR, and SFOR (overweight)",bosnia_ifor_sfor,,,,,,,file-unit extraction,Open catalog PDF only to separate direct NATO decision material from crisis context or implementation background.,https://catalog.archives.gov/id/41051376,https://s3.amazonaws.com/NARAprodstorage/lz/presidential-libraries/clinton/7585709/42-t-7585709-20120798F-005-038-2016.pdf,"Source: National Archives and Records Administration, National Archives Catalog, DC0274 DC Meeting on Bosnia-Hercegovina, April 11, 1996, NAID 41051376.",,,,,,,,
278,Crisis split backlog,,,nara-7388808-41051377,136,Scout Lead,1996-01-01,"DC0277 DC Meeting on Bosnia-Hercegovina, April 24, 1996",Crisis Security Files,Pending,National Archives Catalog,"National Archives Catalog / DC0277 DC Meeting on Bosnia-Hercegovina, April 24, 1996 / NAID 41051377",overweight,"Bosnia, Dayton, IFOR, and SFOR (overweight)",bosnia_ifor_sfor,,,,,,,file-unit extraction,Open catalog PDF only to separate direct NATO decision material from crisis context or implementation background.,https://catalog.archives.gov/id/41051377,https://s3.amazonaws.com/NARAprodstorage/lz/presidential-libraries/clinton/7585709/42-t-7585709-20120798F-006-001-2016.pdf,"Source: National Archives and Records Administration, National Archives Catalog, DC0277 DC Meeting on Bosnia-Hercegovina, April 24, 1996, NAID 41051377.",,,,,,,,
279,Crisis split backlog,,,nara-7388808-41051378,136,Scout Lead,1996-01-01,"DC0278 DC Meeting on Bosnia-Hercegovina, May 1, 1996",Crisis Security Files,Pending,National Archives Catalog,"National Archives Catalog / DC0278 DC Meeting on Bosnia-Hercegovina, May 1, 1996 / NAID 41051378",overweight,"Bosnia, Dayton, IFOR, and SFOR (overweight)",bosnia_ifor_sfor,,,,,,,file-unit extraction,Open catalog PDF only to separate direct NATO decision material from crisis context or implementation background.,https://catalog.archives.gov/id/41051378,https://s3.amazonaws.com/NARAprodstorage/lz/presidential-libraries/clinton/7585709/42-t-7585709-20120798F-006-002-2016.pdf,"Source: National Archives and Records Administration, National Archives Catalog, DC0278 DC Meeting on Bosnia-Hercegovina, May 1, 1996, NAID 41051378.",,,,,,,,
280,Crisis split backlog,,,nara-7388808-41051379,136,Scout Lead,1996-01-01,"DC0281 DC Meeting on Bosnia-Hercegovina, May 8, 1996",Crisis Security Files,Pending,National Archives Catalog,"National Archives Catalog / DC0281 DC Meeting on Bosnia-Hercegovina, May 8, 1996 / NAID 41051379",overweight,"Bosnia, Dayton, IFOR, and SFOR (overweight)",bosnia_ifor_sfor,,,,,,,file-unit extraction,Open catalog PDF only to separate direct NATO decision material from crisis context or implementation background.,https://catalog.archives.gov/id/41051379,https://s3.amazonaws.com/NARAprodstorage/lz/presidential-libraries/clinton/7585709/42-t-7585709-20120798F-006-003-2016.pdf,"Source: National Archives and Records Administration, National Archives Catalog, DC0281 DC Meeting on Bosnia-Hercegovina, May 8, 1996, NAID 41051379.",,,,,,,,
281,Crisis split backlog,,,nara-7388808-41051380,136,Scout Lead,1996-01-01,"DC0284 DC Meeting on Bosnia-Hercegovina, May 15, 1996",Crisis Security Files,Pending,National Archives Catalog,"National Archives Catalog / DC0284 DC Meeting on Bosnia-Hercegovina, May 15, 1996 / NAID 41051380",overweight,"Bosnia, Dayton, IFOR, and SFOR (overweight)",bosnia_ifor_sfor,,,,,,,file-unit extraction,Open catalog PDF only to separate direct NATO decision material from crisis context or implementation background.,https://catalog.archives.gov/id/41051380,https://s3.amazonaws.com/NARAprodstorage/lz/presidential-libraries/clinton/7585709/42-t-7585709-20120798F-006-004-2016.pdf,"Source: National Archives and Records Administration, National Archives Catalog, DC0284 DC Meeting on Bosnia-Hercegovina, May 15, 1996, NAID 41051380.",,,,,,,,
282,Crisis split backlog,,,nara-7388808-41051385,136,Scout Lead,1996-01-01,"DC0295 DC Meeting on Bosnia-Hercegovina, June 20, 1996",Crisis Security Files,Pending,National Archives Catalog,"National Archives Catalog / DC0295 DC Meeting on Bosnia-Hercegovina, June 20, 1996 / NAID 41051385",overweight,"Bosnia, Dayton, IFOR, and SFOR (overweight)",bosnia_ifor_sfor,,,,,,,file-unit extraction,Open catalog PDF only to separate direct NATO decision material from crisis context or implementation background.,https://catalog.archives.gov/id/41051385,https://s3.amazonaws.com/NARAprodstorage/lz/presidential-libraries/clinton/7585709/42-t-7585709-20120798F-006-009-2016.pdf,"Source: National Archives and Records Administration, National Archives Catalog, DC0295 DC Meeting on Bosnia-Hercegovina, June 20, 1996, NAID 41051385.",,,,,,,,
283,Crisis split backlog,,,nara-7388808-41051387,136,Scout Lead,1996-01-01,"DC0299 DC Meeting on Bosnia-Hercegovina, July 25, 1996",Crisis Security Files,Pending,National Archives Catalog,"National Archives Catalog / DC0299 DC Meeting on Bosnia-Hercegovina, July 25, 1996 / NAID 41051387",overweight,"Bosnia, Dayton, IFOR, and SFOR (overweight)",bosnia_ifor_sfor,,,,,,,file-unit extraction,Open catalog PDF only to separate direct NATO decision material from crisis context or implementation background.,https://catalog.archives.gov/id/41051387,https://s3.amazonaws.com/NARAprodstorage/lz/presidential-libraries/clinton/7585709/42-t-7585709-20120798F-006-011-2016.pdf,"Source: National Archives and Records Administration, National Archives Catalog, DC0299 DC Meeting on Bosnia-Hercegovina, July 25, 1996, NAID 41051387.",,,,,,,,
284,Crisis split backlog,,,nara-7388808-41051388,136,Scout Lead,1996-01-01,"DC0301 DC Meeting on Bosnia-Hercegovina, August 1, 1996",Crisis Security Files,Pending,National Archives Catalog,"National Archives Catalog / DC0301 DC Meeting on Bosnia-Hercegovina, August 1, 1996 / NAID 41051388",overweight,"Bosnia, Dayton, IFOR, and SFOR (overweight)",bosnia_ifor_sfor,,,,,,,file-unit extraction,Open catalog PDF only to separate direct NATO decision material from crisis context or implementation background.,https://catalog.archives.gov/id/41051388,https://s3.amazonaws.com/NARAprodstorage/lz/presidential-libraries/clinton/7585709/42-t-7585709-20120798F-007-001-2016.pdf,"Source: National Archives and Records Administration, National Archives Catalog, DC0301 DC Meeting on Bosnia-Hercegovina, August 1, 1996, NAID 41051388.",,,,,,,,
285,Crisis split backlog,,,nara-7388808-41051391,136,Scout Lead,1996-01-01,"DC0308 DC Meeting on Bosnia-Hercegovina, August 27, 1996",Crisis Security Files,Pending,National Archives Catalog,"National Archives Catalog / DC0308 DC Meeting on Bosnia-Hercegovina, August 27, 1996 / NAID 41051391",overweight,"Bosnia, Dayton, IFOR, and SFOR (overweight)",bosnia_ifor_sfor,,,,,,,file-unit extraction,Open catalog PDF only to separate direct NATO decision material from crisis context or implementation background.,https://catalog.archives.gov/id/41051391,https://s3.amazonaws.com/NARAprodstorage/lz/presidential-libraries/clinton/7585709/42-t-7585709-20120798F-007-004-2016.pdf,"Source: National Archives and Records Administration, National Archives Catalog, DC0308 DC Meeting on Bosnia-Hercegovina, August 27, 1996, NAID 41051391.",,,,,,,,
286,Crisis split backlog,,,nara-7388808-41051393,136,Scout Lead,1996-01-01,"DC0311 DC Meeting on Bosnia-Hercegovina, September 19, 1996",Crisis Security Files,Pending,National Archives Catalog,"National Archives Catalog / DC0311 DC Meeting on Bosnia-Hercegovina, September 19, 1996 / NAID 41051393",overweight,"Bosnia, Dayton, IFOR, and SFOR (overweight)",bosnia_ifor_sfor,,,,,,,file-unit extraction,Open catalog PDF only to separate direct NATO decision material from crisis context or implementation background.,https://catalog.archives.gov/id/41051393,https://s3.amazonaws.com/NARAprodstorage/lz/presidential-libraries/clinton/7585709/42-t-7585709-20120798F-007-006-2016.pdf,"Source: National Archives and Records Administration, National Archives Catalog, DC0311 DC Meeting on Bosnia-Hercegovina, September 19, 1996, NAID 41051393.",,,,,,,,
287,Crisis split backlog,,,nara-7388808-41051394,136,Scout Lead,1996-01-01,"DC0313 DC Meeting on Bosnia-Hercegovina, 1996",Crisis Security Files,Pending,National Archives Catalog,"National Archives Catalog / DC0313 DC Meeting on Bosnia-Hercegovina, 1996 / NAID 41051394",overweight,"Bosnia, Dayton, IFOR, and SFOR (overweight)",bosnia_ifor_sfor,,,,,,,file-unit extraction,Open catalog PDF only to separate direct NATO decision material from crisis context or implementation background.,https://catalog.archives.gov/id/41051394,https://s3.amazonaws.com/NARAprodstorage/lz/presidential-libraries/clinton/7585709/42-t-7585709-20120798F-007-007-2016.pdf,"Source: National Archives and Records Administration, National Archives Catalog, DC0313 DC Meeting on Bosnia-Hercegovina, 1996, NAID 41051394.",,,,,,,,
288,Crisis split backlog,,,nara-7388808-41051395,136,Scout Lead,1996-01-01,"DC0316 DC Meeting on Bosnia-Hercegovina, October 1, 1996",Crisis Security Files,Pending,National Archives Catalog,"National Archives Catalog / DC0316 DC Meeting on Bosnia-Hercegovina, October 1, 1996 / NAID 41051395",overweight,"Bosnia, Dayton, IFOR, and SFOR (overweight)",bosnia_ifor_sfor,,,,,,,file-unit extraction,Open catalog PDF only to separate direct NATO decision material from crisis context or implementation background.,https://catalog.archives.gov/id/41051395,https://s3.amazonaws.com/NARAprodstorage/lz/presidential-libraries/clinton/7585709/42-t-7585709-20120798F-007-008-2016.pdf,"Source: National Archives and Records Administration, National Archives Catalog, DC0316 DC Meeting on Bosnia-Hercegovina, October 1, 1996, NAID 41051395.",,,,,,,,
289,Crisis split backlog,,,nara-7388808-41051396,136,Scout Lead,1996-01-01,"DC0318 DC Meeting on Bosnia-Hercegovina, October 9, 1996",Crisis Security Files,Pending,National Archives Catalog,"National Archives Catalog / DC0318 DC Meeting on Bosnia-Hercegovina, October 9, 1996 / NAID 41051396",overweight,"Bosnia, Dayton, IFOR, and SFOR (overweight)",bosnia_ifor_sfor,,,,,,,file-unit extraction,Open catalog PDF only to separate direct NATO decision material from crisis context or implementation background.,https://catalog.archives.gov/id/41051396,https://s3.amazonaws.com/NARAprodstorage/lz/presidential-libraries/clinton/7585709/42-t-7585709-20120798F-007-009-2016.pdf,"Source: National Archives and Records Administration, National Archives Catalog, DC0318 DC Meeting on Bosnia-Hercegovina, October 9, 1996, NAID 41051396.",,,,,,,,
290,Crisis split backlog,,,nara-7388808-41051397,136,Scout Lead,1996-01-01,"DC0320 DC Meeting on Bosnia-Hercegovina, October 18, 1996",Crisis Security Files,Pending,National Archives Catalog,"National Archives Catalog / DC0320 DC Meeting on Bosnia-Hercegovina, October 18, 1996 / NAID 41051397",overweight,"Bosnia, Dayton, IFOR, and SFOR (overweight)",bosnia_ifor_sfor,,,,,,,file-unit extraction,Open catalog PDF only to separate direct NATO decision material from crisis context or implementation background.,https://catalog.archives.gov/id/41051397,https://s3.amazonaws.com/NARAprodstorage/lz/presidential-libraries/clinton/7585709/42-t-7585709-20120798F-007-010-2016.pdf,"Source: National Archives and Records Administration, National Archives Catalog, DC0320 DC Meeting on Bosnia-Hercegovina, October 18, 1996, NAID 41051397.",,,,,,,,
291,Crisis split backlog,,,nara-7388808-41051398,136,Scout Lead,1996-01-01,"DC0323 DC Meeting on Bosnia-Hercegovina, November 7, 1996",Crisis Security Files,Pending,National Archives Catalog,"National Archives Catalog / DC0323 DC Meeting on Bosnia-Hercegovina, November 7, 1996 / NAID 41051398",overweight,"Bosnia, Dayton, IFOR, and SFOR (overweight)",bosnia_ifor_sfor,,,,,,,file-unit extraction,Open catalog PDF only to separate direct NATO decision material from crisis context or implementation background.,https://catalog.archives.gov/id/41051398,https://s3.amazonaws.com/NARAprodstorage/lz/presidential-libraries/clinton/7585709/42-t-7585709-20120798F-007-011-2016.pdf,"Source: National Archives and Records Administration, National Archives Catalog, DC0323 DC Meeting on Bosnia-Hercegovina, November 7, 1996, NAID 41051398.",,,,,,,,
292,Crisis split backlog,,,nara-scout-41051293,136,Scout Lead,1996-01-01,"PC/DC [Principals Committee/Deputies Committee] Meetings on Bosnia, March 1996 [5]",Crisis Security Files,Pending,National Archives Catalog,"National Archives Catalog / Records of the National Security Council European Affairs Office (Clinton Administration) / Sue Bremner's Files / PC/DC [Principals Committee/Deputies Committee] Meetings on Bosnia, March 1996 [5] / NAID 41051293",overweight,"Bosnia, Dayton, IFOR, and SFOR (overweight)",bosnia_ifor_sfor,,,,,,,file-unit extraction,Open catalog PDF only to separate direct NATO decision material from crisis context or implementation background.,https://catalog.archives.gov/id/41051293,https://s3.amazonaws.com/NARAprodstorage/lz/presidential-libraries/clinton/7585472/42-t-7585472-20120798F-002-003-2016.pdf,"Source: National Archives and Records Administration, National Archives Catalog, Records of the National Security Council European Affairs Office (Clinton Administration), Sue Bremner's Files, PC/DC [Principals Committee/Deputies Committee] Meetings on Bosnia, March 1996 [5], NAID 41051293.",,,,,,,,
293,Crisis split backlog,,,nara-scout-41051294,136,Scout Lead,1996-01-01,"PC/DC [Principals Committee/Deputies Committee] Meetings on Bosnia, March 1996 [6]",Crisis Security Files,Pending,National Archives Catalog,"National Archives Catalog / Records of the National Security Council European Affairs Office (Clinton Administration) / Sue Bremner's Files / PC/DC [Principals Committee/Deputies Committee] Meetings on Bosnia, March 1996 [6] / NAID 41051294",overweight,"Bosnia, Dayton, IFOR, and SFOR (overweight)",bosnia_ifor_sfor,,,,,,,file-unit extraction,Open catalog PDF only to separate direct NATO decision material from crisis context or implementation background.,https://catalog.archives.gov/id/41051294,https://s3.amazonaws.com/NARAprodstorage/lz/presidential-libraries/clinton/7585472/42-t-7585472-20120798F-002-004-2016.pdf,"Source: National Archives and Records Administration, National Archives Catalog, Records of the National Security Council European Affairs Office (Clinton Administration), Sue Bremner's Files, PC/DC [Principals Committee/Deputies Committee] Meetings on Bosnia, March 1996 [6], NAID 41051294.",,,,,,,,
294,Crisis split backlog,,,nara-7388808-41051477,136,Scout Lead,1996-01-01,"PC0169 PC Meeting on Bosnia-Hercegovina, February 20, 1996",Crisis Security Files,Pending,National Archives Catalog,"National Archives Catalog / PC0169 PC Meeting on Bosnia-Hercegovina, February 20, 1996 / NAID 41051477",overweight,"Bosnia, Dayton, IFOR, and SFOR (overweight)",bosnia_ifor_sfor,,,,,,,file-unit extraction,Open catalog PDF only to separate direct NATO decision material from crisis context or implementation background.,https://catalog.archives.gov/id/41051477,https://s3.amazonaws.com/NARAprodstorage/lz/presidential-libraries/clinton/7585709/42-t-7585709-20120798F-009-054-2016.pdf,"Source: National Archives and Records Administration, National Archives Catalog, PC0169 PC Meeting on Bosnia-Hercegovina, February 20, 1996, NAID 41051477.",,,,,,,,
295,Crisis split backlog,,,nara-7388808-41051478,136,Scout Lead,1996-01-01,"PC0171 PC Meeting on Bosnia-Hercegovina, March 1, 1996",Crisis Security Files,Pending,National Archives Catalog,"National Archives Catalog / PC0171 PC Meeting on Bosnia-Hercegovina, March 1, 1996 / NAID 41051478",overweight,"Bosnia, Dayton, IFOR, and SFOR (overweight)",bosnia_ifor_sfor,,,,,,,file-unit extraction,Open catalog PDF only to separate direct NATO decision material from crisis context or implementation background.,https://catalog.archives.gov/id/41051478,https://s3.amazonaws.com/NARAprodstorage/lz/presidential-libraries/clinton/7585709/42-t-7585709-20120798F-009-055-2016.pdf,"Source: National Archives and Records Administration, National Archives Catalog, PC0171 PC Meeting on Bosnia-Hercegovina, March 1, 1996, NAID 41051478.",,,,,,,,
296,Crisis split backlog,,,nara-7388808-41051479,136,Scout Lead,1996-01-01,"PC0173 PC Meeting on Bosnia-Hercegovina, March 29, 1996",Crisis Security Files,Pending,National Archives Catalog,"National Archives Catalog / PC0173 PC Meeting on Bosnia-Hercegovina, March 29, 1996 / NAID 41051479",overweight,"Bosnia, Dayton, IFOR, and SFOR (overweight)",bosnia_ifor_sfor,,,,,,,file-unit extraction,Open catalog PDF only to separate direct NATO decision material from crisis context or implementation background.,https://catalog.archives.gov/id/41051479,https://s3.amazonaws.com/NARAprodstorage/lz/presidential-libraries/clinton/7585709/42-t-7585709-20120798F-009-056-2016.pdf,"Source: National Archives and Records Administration, National Archives Catalog, PC0173 PC Meeting on Bosnia-Hercegovina, March 29, 1996, NAID 41051479.",,,,,,,,
297,Crisis split backlog,,,nara-7388808-41051480,136,Scout Lead,1996-01-01,"PC0174 PC Meeting on Bosnia-Hercegovina, May 3, 1996",Crisis Security Files,Pending,National Archives Catalog,"National Archives Catalog / PC0174 PC Meeting on Bosnia-Hercegovina, May 3, 1996 / NAID 41051480",overweight,"Bosnia, Dayton, IFOR, and SFOR (overweight)",bosnia_ifor_sfor,,,,,,,file-unit extraction,Open catalog PDF only to separate direct NATO decision material from crisis context or implementation background.,https://catalog.archives.gov/id/41051480,https://s3.amazonaws.com/NARAprodstorage/lz/presidential-libraries/clinton/7585709/42-t-7585709-20120798F-009-057-2016.pdf,"Source: National Archives and Records Administration, National Archives Catalog, PC0174 PC Meeting on Bosnia-Hercegovina, May 3, 1996, NAID 41051480.",,,,,,,,
298,Crisis split backlog,,,nara-7388808-41051482,136,Scout Lead,1996-01-01,"PC0180 PC Meeting on Bosnia-Hercegovina, June 11, 1996",Crisis Security Files,Pending,National Archives Catalog,"National Archives Catalog / PC0180 PC Meeting on Bosnia-Hercegovina, June 11, 1996 / NAID 41051482",overweight,"Bosnia, Dayton, IFOR, and SFOR (overweight)",bosnia_ifor_sfor,,,,,,,file-unit extraction,Open catalog PDF only to separate direct NATO decision material from crisis context or implementation background.,https://catalog.archives.gov/id/41051482,https://s3.amazonaws.com/NARAprodstorage/lz/presidential-libraries/clinton/7585709/42-t-7585709-20120798F-010-001-2016.pdf,"Source: National Archives and Records Administration, National Archives Catalog, PC0180 PC Meeting on Bosnia-Hercegovina, June 11, 1996, NAID 41051482.",,,,,,,,
299,Crisis split backlog,,,nara-7388808-41051483,136,Scout Lead,1996-01-01,"PC0183 PC Meeting on Bosnia-Hercegovina, June 25, 1996",Crisis Security Files,Pending,National Archives Catalog,"National Archives Catalog / PC0183 PC Meeting on Bosnia-Hercegovina, June 25, 1996 / NAID 41051483",overweight,"Bosnia, Dayton, IFOR, and SFOR (overweight)",bosnia_ifor_sfor,,,,,,,file-unit extraction,Open catalog PDF only to separate direct NATO decision material from crisis context or implementation background.,https://catalog.archives.gov/id/41051483,https://s3.amazonaws.com/NARAprodstorage/lz/presidential-libraries/clinton/7585709/42-t-7585709-20120798F-010-002-2016.pdf,"Source: National Archives and Records Administration, National Archives Catalog, PC0183 PC Meeting on Bosnia-Hercegovina, June 25, 1996, NAID 41051483.",,,,,,,,
300,Crisis split backlog,,,nara-7388808-41051486,136,Scout Lead,1996-01-01,"PC0202 PC Meeting on Bosnia-Hercegovina, 1996",Crisis Security Files,Pending,National Archives Catalog,"National Archives Catalog / PC0202 PC Meeting on Bosnia-Hercegovina, 1996 / NAID 41051486",overweight,"Bosnia, Dayton, IFOR, and SFOR (overweight)",bosnia_ifor_sfor,,,,,,,file-unit extraction,Open catalog PDF only to separate direct NATO decision material from crisis context or implementation background.,https://catalog.archives.gov/id/41051486,https://s3.amazonaws.com/NARAprodstorage/lz/presidential-libraries/clinton/7585709/42-t-7585709-20120798F-010-005-2016.pdf,"Source: National Archives and Records Administration, National Archives Catalog, PC0202 PC Meeting on Bosnia-Hercegovina, 1996, NAID 41051486.",,,,,,,,
301,Promotion backlog,,41,strobe-C09000035,113,Source Lead,1998-01-20,RUSSIA-IRAN MISSILES: NEXT STEPS,NATO-Russia and Partnership,Pending,Department of State FOIA Virtual Reading Room,Department of State FOIA Virtual Reading Room / State Department FOIA Library / Strobe Talbott FOIA / C09000035,covered for triage,Russia and NATO-Russia negotiations (covered for triage),russia,,,,,,,released-source triage,"Open released PDF, decide include/context/exclude, capture page span, markings, declassification status, and final source note.",https://foia.state.gov/DOCUMENTS/FOIA_L_Mar2025/FL-2017-13804/DOC_0C09000035/C09000035.pdf,https://foia.state.gov/DOCUMENTS/FOIA_L_Mar2025/FL-2017-13804/DOC_0C09000035/C09000035.pdf,"Source: Department of State, FOIA Virtual Reading Room, Strobe Talbott FOIA release, Document C09000035. Secret; Nodis.",,,,,,,,
302,Promotion backlog,,42,strobe-C09000037,113,Source Lead,1998-01-22,Chernomyrdin Increases Controls on Mass-Destruction Weapons w/Attachment(s),NATO-Russia and Partnership,Pending,Department of State FOIA Virtual Reading Room,Department of State FOIA Virtual Reading Room / State Department FOIA Library / Strobe Talbott FOIA / C09000037,covered for triage,Russia and NATO-Russia negotiations (covered for triage),russia,,,,,,,released-source triage,"Open released PDF, decide include/context/exclude, capture page span, markings, declassification status, and final source note.",https://foia.state.gov/DOCUMENTS/FOIA_L_Mar2025/FL-2017-13804/DOC_0C09000037/C09000037.pdf,https://foia.state.gov/DOCUMENTS/FOIA_L_Mar2025/FL-2017-13804/DOC_0C09000037/C09000037.pdf,"Source: Department of State, FOIA Virtual Reading Room, Strobe Talbott FOIA release, Document C09000037. Unclassified.",,,,,,,,
303,Promotion backlog,,43,strobe-C09000006,113,Source Lead,1998-05-20,"MEMORANDUM OF CONVERSATION BETWEEN PREISDENT CLINTON AND THE PRESIDENT OF RUSSIA BORIS YELTSIN ON 5/12/1998, S/S#9808780 w/Attached Cover Sheet",NATO-Russia and Partnership,Pending,Department of State FOIA Virtual Reading Room,Department of State FOIA Virtual Reading Room / State Department FOIA Library / Strobe Talbott FOIA / C09000006,covered for triage,Russia and NATO-Russia negotiations (covered for triage),russia,,,,,,,released-source triage,"Open released PDF, decide include/context/exclude, capture page span, markings, declassification status, and final source note.",https://foia.state.gov/DOCUMENTS/FOIA_L_Mar2023/FL-2017-13804/DOC_0C09000006/C09000006.pdf,https://foia.state.gov/DOCUMENTS/FOIA_L_Mar2023/FL-2017-13804/DOC_0C09000006/C09000006.pdf,"Source: Department of State, FOIA Virtual Reading Room, Strobe Talbott FOIA release, Document C09000006. Unclassified; Nodis; Eyes Only.",,,,,,,,
304,Promotion backlog,,44,strobe-C09000014,113,Source Lead,1998-09-29,Memorandum of Conversation between the President and Russian Foreign Minister Igor Ivanov w/Attachment(s),NATO-Russia and Partnership,Pending,Department of State FOIA Virtual Reading Room,Department of State FOIA Virtual Reading Room / State Department FOIA Library / Strobe Talbott FOIA / C09000014,covered for triage,Russia and NATO-Russia negotiations (covered for triage),russia,,,,,,,released-source triage,"Open released PDF, decide include/context/exclude, capture page span, markings, declassification status, and final source note.",https://foia.state.gov/DOCUMENTS/FOIA_L_Mar2025/FL-2017-13804/DOC_0C09000014/C09000014.pdf,https://foia.state.gov/DOCUMENTS/FOIA_L_Mar2025/FL-2017-13804/DOC_0C09000014/C09000014.pdf,"Source: Department of State, FOIA Virtual Reading Room, Strobe Talbott FOIA release, Document C09000014. Confidential; Nodis.",,,,,,,,
305,Promotion backlog,,45,strobe-C09000024,113,Source Lead,1999-03-09,SECRETARY'S MARCH 8 CONVERSATION WITH RUSSIAN FM IVANOV,NATO-Russia and Partnership,Pending,Department of State FOIA Virtual Reading Room,Department of State FOIA Virtual Reading Room / State Department FOIA Library / Strobe Talbott FOIA / C09000024,covered for triage,Russia and NATO-Russia negotiations (covered for triage),russia,,,,,,,released-source triage,"Open released PDF, decide include/context/exclude, capture page span, markings, declassification status, and final source note.",https://foia.state.gov/DOCUMENTS/FOIA_L_Mar2025/FL-2017-13804/DOC_0C09000024/C09000024.pdf,https://foia.state.gov/DOCUMENTS/FOIA_L_Mar2025/FL-2017-13804/DOC_0C09000024/C09000024.pdf,"Source: Department of State, FOIA Virtual Reading Room, Strobe Talbott FOIA release, Document C09000024. Unclassified; Nodis; Eyes Only.",,,,,,,,
306,Promotion backlog,,46,strobe-C09000019,113,Source Lead,1999-04-29,UPDATE FROM STROBE,NATO-Russia and Partnership,Pending,Department of State FOIA Virtual Reading Room,Department of State FOIA Virtual Reading Room / State Department FOIA Library / Strobe Talbott FOIA / C09000019,covered for triage,Russia and NATO-Russia negotiations (covered for triage),russia,,,,,,,released-source triage,"Open released PDF, decide include/context/exclude, capture page span, markings, declassification status, and final source note.",https://foia.state.gov/DOCUMENTS/FOIA_L_June2024/FL-2017-13804/DOC_0C09000019/C09000019.pdf,https://foia.state.gov/DOCUMENTS/FOIA_L_June2024/FL-2017-13804/DOC_0C09000019/C09000019.pdf,"Source: Department of State, FOIA Virtual Reading Room, Strobe Talbott FOIA release, Document C09000019. Unclassified.",,,,,,,,
307,Promotion backlog,,47,strobe-C09000022,113,Source Lead,1999-05-01,TFSR02: DEPSEC AND FISCHER: KEEP RUSSIA ENGAGED; REVIEW SPECIFICS TO MAINTAIN UNITED FRONT,NATO-Russia and Partnership,Pending,Department of State FOIA Virtual Reading Room,Department of State FOIA Virtual Reading Room / State Department FOIA Library / Strobe Talbott FOIA / C09000022,covered for triage,Russia and NATO-Russia negotiations (covered for triage),russia,,,,,,,released-source triage,"Open released PDF, decide include/context/exclude, capture page span, markings, declassification status, and final source note.",https://foia.state.gov/DOCUMENTS/FOIA_L_June2024/FL-2017-13804/DOC_0C09000022/C09000022.pdf,https://foia.state.gov/DOCUMENTS/FOIA_L_June2024/FL-2017-13804/DOC_0C09000022/C09000022.pdf,"Source: Department of State, FOIA Virtual Reading Room, Strobe Talbott FOIA release, Document C09000022. Confidential.",,,,,,,,
308,Promotion backlog,,48,strobe-C09000064,113,Source Lead,2000-02-02,Secretary Albright's Meeting with Acting President Putin,NATO-Russia and Partnership,Pending,Department of State FOIA Virtual Reading Room,Department of State FOIA Virtual Reading Room / State Department FOIA Library / Strobe Talbott FOIA / C09000064,covered for triage,Russia and NATO-Russia negotiations (covered for triage),russia,,,,,,,released-source triage,"Open released PDF, decide include/context/exclude, capture page span, markings, declassification status, and final source note.",https://foia.state.gov/DOCUMENTS/FOIA_L_July2022/FL-2017-13804/DOC_0C09000064/C09000064.pdf,https://foia.state.gov/DOCUMENTS/FOIA_L_July2022/FL-2017-13804/DOC_0C09000064/C09000064.pdf,"Source: Department of State, FOIA Virtual Reading Room, Strobe Talbott FOIA release, Document C09000064. Confidential.",,,,,,,,
309,Promotion backlog,,49,strobe-C09000055,113,Source Lead,2000-06-04,JOINT STATEMENT BY THE PRESIDENTS OF THE UNITED STATES OF AMERICA AND THE RUSSIAN FEDERATION ON PRINCIPLES OF STRATEGIC STABILITY,NATO-Russia and Partnership,Pending,Department of State FOIA Virtual Reading Room,Department of State FOIA Virtual Reading Room / State Department FOIA Library / Strobe Talbott FOIA / C09000055,covered for triage,Russia and NATO-Russia negotiations (covered for triage),russia,,,,,,,released-source triage,"Open released PDF, decide include/context/exclude, capture page span, markings, declassification status, and final source note.",https://foia.state.gov/DOCUMENTS/FOIA_L_Oct2024/FL-2017-13804/DOC_0C09000055/C09000055.pdf,https://foia.state.gov/DOCUMENTS/FOIA_L_Oct2024/FL-2017-13804/DOC_0C09000055/C09000055.pdf,"Source: Department of State, FOIA Virtual Reading Room, Strobe Talbott FOIA release, Document C09000055. Unclassified.",,,,,,,,
310,Promotion backlog,,50,strobe-C09000066,113,Source Lead,2000-06-23,DEPUTY SECRETARY'S MEETING WITH NATO SYG ROBERTSON IN WASHINGTON W/Attached Transmittal,European Security Architecture,Pending,Department of State FOIA Virtual Reading Room,Department of State FOIA Virtual Reading Room / State Department FOIA Library / Strobe Talbott FOIA / C09000066,covered for triage,NATO and Atlantic Alliance core (covered for triage),nato_core,,,,,,,released-source triage,"Open released PDF, decide include/context/exclude, capture page span, markings, declassification status, and final source note.",https://foia.state.gov/DOCUMENTS/FOIA_L_July2022/FL-2017-13804/DOC_0C09000066/C09000066.pdf,https://foia.state.gov/DOCUMENTS/FOIA_L_July2022/FL-2017-13804/DOC_0C09000066/C09000066.pdf,"Source: Department of State, FOIA Virtual Reading Room, Strobe Talbott FOIA release, Document C09000066. Confidential.",,,,,,,,
311,Promotion backlog,,51,strobe-C09000062,113,Source Lead,2000-06-27,DEPUTY SECRETARY'S MEETING WITH NATO SYG ROBERTSON IN WASHINGTON,European Security Architecture,Pending,Department of State FOIA Virtual Reading Room,Department of State FOIA Virtual Reading Room / State Department FOIA Library / Strobe Talbott FOIA / C09000062,covered for triage,NATO and Atlantic Alliance core (covered for triage),nato_core,,,,,,,released-source triage,"Open released PDF, decide include/context/exclude, capture page span, markings, declassification status, and final source note.",https://foia.state.gov/DOCUMENTS/FOIA_L_July2022/FL-2017-13804/DOC_0C09000062/C09000062.pdf,https://foia.state.gov/DOCUMENTS/FOIA_L_July2022/FL-2017-13804/DOC_0C09000062/C09000062.pdf,"Source: Department of State, FOIA Virtual Reading Room, Strobe Talbott FOIA release, Document C09000062. Unclassified.",,,,,,,,
312,Promotion backlog,,52,strobe-C09000036,107,Source Lead,1996-06-10,BILATERAL PRESIDENTIAL MEETING AT LYON SUMMIT,NATO-Russia and Partnership,Include candidate,Department of State FOIA Virtual Reading Room,Department of State FOIA Virtual Reading Room / State Department FOIA Library / Strobe Talbott FOIA / C09000036,,,,,,,,,,released-source triage,"Open released PDF, decide include/context/exclude, capture page span, markings, declassification status, and final source note.",https://foia.state.gov/DOCUMENTS/FOIA_L_Oct2024/FL-2017-13804/DOC_0C09000036/C09000036.pdf,https://foia.state.gov/DOCUMENTS/FOIA_L_Oct2024/FL-2017-13804/DOC_0C09000036/C09000036.pdf,"Source: Department of State, FOIA Virtual Reading Room, Strobe Talbott FOIA release, Document C09000036. Unclassified.",,,,,,,,
313,Promotion backlog,,53,strobe-C09000054,105,Source Lead,1993-04-28,Proposed Message to President Yeltsin,NATO-Russia and Partnership,Pending,Department of State FOIA Virtual Reading Room,Department of State FOIA Virtual Reading Room / State Department FOIA Library / Strobe Talbott FOIA / C09000054,covered for triage,Russia and NATO-Russia negotiations (covered for triage),russia,,,,,,,released-source triage,"Open released PDF, decide include/context/exclude, capture page span, markings, declassification status, and final source note.",https://foia.state.gov/DOCUMENTS/FOIA_L_July2022/FL-2017-13804/DOC_0C09000054/C09000054.pdf,https://foia.state.gov/DOCUMENTS/FOIA_L_July2022/FL-2017-13804/DOC_0C09000054/C09000054.pdf,"Source: Department of State, FOIA Virtual Reading Room, Strobe Talbott FOIA release, Document C09000054. Secret.",,,,,,,,
314,Promotion backlog,,54,strobe-C09000001,105,Source Lead,1993-07-16,Memon with President Boris Yeltsin of Russia w/Attached Cover Sheet,NATO-Russia and Partnership,Pending,Department of State FOIA Virtual Reading Room,Department of State FOIA Virtual Reading Room / State Department FOIA Library / Strobe Talbott FOIA / C09000001,covered for triage,Russia and NATO-Russia negotiations (covered for triage),russia,,,,,,,released-source triage,"Open released PDF, decide include/context/exclude, capture page span, markings, declassification status, and final source note.",https://foia.state.gov/DOCUMENTS/FOIA_L_Oct2023/FL-2017-13804/DOC_0C09000001/C09000001.pdf,https://foia.state.gov/DOCUMENTS/FOIA_L_Oct2023/FL-2017-13804/DOC_0C09000001/C09000001.pdf,"Source: Department of State, FOIA Virtual Reading Room, Strobe Talbott FOIA release, Document C09000001. Secret; Nodis; Eyes Only.",,,,,,,,
315,Promotion backlog,,55,strobe-C09000056,105,Source Lead,1996-06-18,Transmittal Memorandum of Telephone Conversation with Russian Boris Yeltsin w/Attachment(s),NATO-Russia and Partnership,Pending,Department of State FOIA Virtual Reading Room,Department of State FOIA Virtual Reading Room / State Department FOIA Library / Strobe Talbott FOIA / C09000056,covered for triage,Russia and NATO-Russia negotiations (covered for triage),russia,,,,,,,released-source triage,"Open released PDF, decide include/context/exclude, capture page span, markings, declassification status, and final source note.",https://foia.state.gov/DOCUMENTS/FOIA_L_Mar2025/FL-2017-13804/DOC_0C09000056/C09000056.pdf,https://foia.state.gov/DOCUMENTS/FOIA_L_Mar2025/FL-2017-13804/DOC_0C09000056/C09000056.pdf,"Source: Department of State, FOIA Virtual Reading Room, Strobe Talbott FOIA release, Document C09000056. Confidential; Nodis.",,,,,,,,
316,Promotion backlog,,56,strobe-C09000065,105,Source Lead,1996-10-13,A/S GATI TOUR D'HORIZON WITH DFM MAMEDOV,NATO-Russia and Partnership,Pending,Department of State FOIA Virtual Reading Room,Department of State FOIA Virtual Reading Room / State Department FOIA Library / Strobe Talbott FOIA / C09000065,covered for triage,Russia and NATO-Russia negotiations (covered for triage),russia,,,,,,,released-source triage,"Open released PDF, decide include/context/exclude, capture page span, markings, declassification status, and final source note.",https://foia.state.gov/DOCUMENTS/FOIA_L_Mar2025/FL-2017-13804/DOC_0C09000065/C09000065.pdf,https://foia.state.gov/DOCUMENTS/FOIA_L_Mar2025/FL-2017-13804/DOC_0C09000065/C09000065.pdf,"Source: Department of State, FOIA Virtual Reading Room, Strobe Talbott FOIA release, Document C09000065. Confidential; Nodis.",,,,,,,,
317,Promotion backlog,,57,strobe-C09000027,105,Source Lead,1996-11-18,"November 18, 1996 Letter From Strobe Talbott To Javier Solana",European Security Architecture,Pending,Department of State FOIA Virtual Reading Room,Department of State FOIA Virtual Reading Room / State Department FOIA Library / Strobe Talbott FOIA / C09000027,covered for triage,NATO Secretary General and alliance leadership (covered for triage),nato_secretary_general,,,,,,,released-source triage,"Open released PDF, decide include/context/exclude, capture page span, markings, declassification status, and final source note.",https://foia.state.gov/DOCUMENTS/FOIA_L_May2022/FL-2017-13804/DOC_0C09000027/C09000027.pdf,https://foia.state.gov/DOCUMENTS/FOIA_L_May2022/FL-2017-13804/DOC_0C09000027/C09000027.pdf,"Source: Department of State, FOIA Virtual Reading Room, Strobe Talbott FOIA release, Document C09000027. Confidential.",,,,,,,,
318,Promotion backlog,,58,strobe-C09000069,99,Source Lead,1997-01-21,"January 21, 1997 Note From Strobe Talbott To Barbara Larkin",NATO-Russia and Partnership,Pending,Department of State FOIA Virtual Reading Room,Department of State FOIA Virtual Reading Room / State Department FOIA Library / Strobe Talbott FOIA / C09000069,,,,,,,,,,released-source triage,"Open released PDF, decide include/context/exclude, capture page span, markings, declassification status, and final source note.",https://foia.state.gov/DOCUMENTS/FOIA_L_Jan2024/FL-2017-13804/DOC_0C09000069/C09000069.pdf,https://foia.state.gov/DOCUMENTS/FOIA_L_Jan2024/FL-2017-13804/DOC_0C09000069/C09000069.pdf,"Source: Department of State, FOIA Virtual Reading Room, Strobe Talbott FOIA release, Document C09000069. Unclassified.",,,,,,,,
319,Promotion backlog,,59,strobe-C09000097,99,Source Lead,1997-03-19,"March 19, 1997 Note From Strobe Talbott To Jeremy Rosner w/Attachment(s)",NATO-Russia and Partnership,Pending,Department of State FOIA Virtual Reading Room,Department of State FOIA Virtual Reading Room / State Department FOIA Library / Strobe Talbott FOIA / C09000097,,,,,,,,,,released-source triage,"Open released PDF, decide include/context/exclude, capture page span, markings, declassification status, and final source note.",https://foia.state.gov/DOCUMENTS/FOIA_L_Feb2024/FL-2017-13804/DOC_0C09000097/C09000097.pdf,https://foia.state.gov/DOCUMENTS/FOIA_L_Feb2024/FL-2017-13804/DOC_0C09000097/C09000097.pdf,"Source: Department of State, FOIA Virtual Reading Room, Strobe Talbott FOIA release, Document C09000097. Unclassified.",,,,,,,,
320,Promotion backlog,,60,strobe-C09000095,99,Source Lead,1997-07-21,"July 21, 1997 Note From Strobe Talbott To Ron Asmus w/Attachment(s)",NATO-Russia and Partnership,Pending,Department of State FOIA Virtual Reading Room,Department of State FOIA Virtual Reading Room / State Department FOIA Library / Strobe Talbott FOIA / C09000095,,,,,,,,,,released-source triage,"Open released PDF, decide include/context/exclude, capture page span, markings, declassification status, and final source note.",https://foia.state.gov/DOCUMENTS/FOIA_L_Jan2024/FL-2017-13804/DOC_0C09000095/C09000095.pdf,https://foia.state.gov/DOCUMENTS/FOIA_L_Jan2024/FL-2017-13804/DOC_0C09000095/C09000095.pdf,"Source: Department of State, FOIA Virtual Reading Room, Strobe Talbott FOIA release, Document C09000095. Unclassified.",,,,,,,,
321,Promotion backlog,,61,strobe-C09000089,99,Source Lead,1997-07-27,"July 27, 1997 Note From Strobe Talbott To Jeremy Rosner w/Attachment(s)",NATO Strategy and Enlargement,Pending,Department of State FOIA Virtual Reading Room,Department of State FOIA Virtual Reading Room / State Department FOIA Library / Strobe Talbott FOIA / C09000089,,,,,,,,,,released-source triage,"Open released PDF, decide include/context/exclude, capture page span, markings, declassification status, and final source note.",https://foia.state.gov/DOCUMENTS/FOIA_L_Jan2024/FL-2017-13804/DOC_0C09000089/C09000089.pdf,https://foia.state.gov/DOCUMENTS/FOIA_L_Jan2024/FL-2017-13804/DOC_0C09000089/C09000089.pdf,"Source: Department of State, FOIA Virtual Reading Room, Strobe Talbott FOIA release, Document C09000089. Unclassified.",,,,,,,,
322,Promotion backlog,,62,strobe-C09000007,99,Source Lead,1997-08-12,Using Hashimoto's speech.,NATO-Russia and Partnership,Pending,Department of State FOIA Virtual Reading Room,Department of State FOIA Virtual Reading Room / State Department FOIA Library / Strobe Talbott FOIA / C09000007,,,,,,,,,,released-source triage,"Open released PDF, decide include/context/exclude, capture page span, markings, declassification status, and final source note.",https://foia.state.gov/DOCUMENTS/FOIA_L_Sep2022/FL-2017-13804/DOC_0C09000007/C09000007.pdf,https://foia.state.gov/DOCUMENTS/FOIA_L_Sep2022/FL-2017-13804/DOC_0C09000007/C09000007.pdf,"Source: Department of State, FOIA Virtual Reading Room, Strobe Talbott FOIA release, Document C09000007. Unclassified.",,,,,,,,
323,Promotion backlog,,63,strobe-C09000052,99,Source Lead,1997-10-17,"October 17, 1997 Letter From Strobe Talbott To Lina Sarello w/Attachment(s)",European Security Architecture,Pending,Department of State FOIA Virtual Reading Room,Department of State FOIA Virtual Reading Room / State Department FOIA Library / Strobe Talbott FOIA / C09000052,,,,,,,,,,released-source triage,"Open released PDF, decide include/context/exclude, capture page span, markings, declassification status, and final source note.",https://foia.state.gov/DOCUMENTS/FOIA_L_Jan2024/FL-2017-13804/DOC_0C09000052/C09000052.pdf,https://foia.state.gov/DOCUMENTS/FOIA_L_Jan2024/FL-2017-13804/DOC_0C09000052/C09000052.pdf,"Source: Department of State, FOIA Virtual Reading Room, Strobe Talbott FOIA release, Document C09000052. Unclassified.",,,,,,,,
324,Promotion backlog,,64,strobe-C09000051,99,Source Lead,1997-10-17,"October 17, 2017 Letter From Strobe Talbott To Barbara Angrisano",European Security Architecture,Pending,Department of State FOIA Virtual Reading Room,Department of State FOIA Virtual Reading Room / State Department FOIA Library / Strobe Talbott FOIA / C09000051,,,,,,,,,,released-source triage,"Open released PDF, decide include/context/exclude, capture page span, markings, declassification status, and final source note.",https://foia.state.gov/DOCUMENTS/FOIA_L_Jan2024/FL-2017-13804/DOC_0C09000051/C09000051.pdf,https://foia.state.gov/DOCUMENTS/FOIA_L_Jan2024/FL-2017-13804/DOC_0C09000051/C09000051.pdf,"Source: Department of State, FOIA Virtual Reading Room, Strobe Talbott FOIA release, Document C09000051. Unclassified.",,,,,,,,
325,Promotion backlog,,65,strobe-C09000091,99,Source Lead,1998-03-12,"March 12, 1998 Letter From Strobe Talbott To Nuzhet Kandemir w/Attachment(s)",European Security Architecture,Pending,Department of State FOIA Virtual Reading Room,Department of State FOIA Virtual Reading Room / State Department FOIA Library / Strobe Talbott FOIA / C09000091,,,,,,,,,,released-source triage,"Open released PDF, decide include/context/exclude, capture page span, markings, declassification status, and final source note.",https://foia.state.gov/DOCUMENTS/FOIA_L_Oct2023/FL-2017-13804/DOC_0C09000091/C09000091.pdf,https://foia.state.gov/DOCUMENTS/FOIA_L_Oct2023/FL-2017-13804/DOC_0C09000091/C09000091.pdf,"Source: Department of State, FOIA Virtual Reading Room, Strobe Talbott FOIA release, Document C09000091. Unclassified.",,,,,,,,
326,Promotion backlog,,66,strobe-C09000053,99,Source Lead,1998-05-05,Meeting with Prime Minister Romano Prodi w/Attachment(s),NATO Strategy and Enlargement,Pending,Department of State FOIA Virtual Reading Room,Department of State FOIA Virtual Reading Room / State Department FOIA Library / Strobe Talbott FOIA / C09000053,,,,,,,,,,released-source triage,"Open released PDF, decide include/context/exclude, capture page span, markings, declassification status, and final source note.",https://foia.state.gov/DOCUMENTS/FOIA_L_Mar2023/FL-2017-13804/DOC_0C09000053/C09000053.pdf,https://foia.state.gov/DOCUMENTS/FOIA_L_Mar2023/FL-2017-13804/DOC_0C09000053/C09000053.pdf,"Source: Department of State, FOIA Virtual Reading Room, Strobe Talbott FOIA release, Document C09000053. Unclassified.",,,,,,,,
327,Promotion backlog,,67,strobe-C09000088,99,Source Lead,1998-08-23,"August 23, 1998 Note From Strobe Talbott To Ms. Shocas",NATO-Russia and Partnership,Pending,Department of State FOIA Virtual Reading Room,Department of State FOIA Virtual Reading Room / State Department FOIA Library / Strobe Talbott FOIA / C09000088,,,,,,,,,,released-source triage,"Open released PDF, decide include/context/exclude, capture page span, markings, declassification status, and final source note.",https://foia.state.gov/DOCUMENTS/FOIA_L_Sep2023/FL-2017-13804/DOC_0C09000088/C09000088.pdf,https://foia.state.gov/DOCUMENTS/FOIA_L_Sep2023/FL-2017-13804/DOC_0C09000088/C09000088.pdf,"Source: Department of State, FOIA Virtual Reading Room, Strobe Talbott FOIA release, Document C09000088. Unclassified.",,,,,,,,
328,Promotion backlog,,68,strobe-C09000050,99,Source Lead,1998-12-21,"December 21, 1998 Letter From Strobe Talbott To Bronislaw Geremek",European Security Architecture,Pending,Department of State FOIA Virtual Reading Room,Department of State FOIA Virtual Reading Room / State Department FOIA Library / Strobe Talbott FOIA / C09000050,,,,,,,,,,released-source triage,"Open released PDF, decide include/context/exclude, capture page span, markings, declassification status, and final source note.",https://foia.state.gov/DOCUMENTS/FOIA_L_Dec2023/FL-2017-13804/DOC_0C09000050/C09000050.pdf,https://foia.state.gov/DOCUMENTS/FOIA_L_Dec2023/FL-2017-13804/DOC_0C09000050/C09000050.pdf,"Source: Department of State, FOIA Virtual Reading Room, Strobe Talbott FOIA release, Document C09000050. Unclassified.",,,,,,,,
329,Promotion backlog,,69,strobe-C09000021,99,Source Lead,1999-04-30,OFFICIAL INFORMAL: DEPUTY SECRETARY'S MEETING WITH HEAD OF PRESIDENTIAL ADMINISTRATION VOLOSHIN,NATO-Russia and Partnership,Pending,Department of State FOIA Virtual Reading Room,Department of State FOIA Virtual Reading Room / State Department FOIA Library / Strobe Talbott FOIA / C09000021,,,,,,,,,,released-source triage,"Open released PDF, decide include/context/exclude, capture page span, markings, declassification status, and final source note.",https://foia.state.gov/DOCUMENTS/FOIA_L_June2024/FL-2017-13804/DOC_0C09000021/C09000021.pdf,https://foia.state.gov/DOCUMENTS/FOIA_L_June2024/FL-2017-13804/DOC_0C09000021/C09000021.pdf,"Source: Department of State, FOIA Virtual Reading Room, Strobe Talbott FOIA release, Document C09000021. Confidential.",,,,,,,,
330,Promotion backlog,,70,strobe-C09000017,99,Source Lead,2000-01-24,"A BALTIC HOME-COMING: ROBERT C. FRASURE MEMORIAL LECTURE BY STROBE TALBOTT DEPUTY SECRETARY OF STATE JANUARY 24, 2000 TALLINN, ESTONIA w/Attached Fax Sheet",NATO Strategy and Enlargement,Pending,Department of State FOIA Virtual Reading Room,Department of State FOIA Virtual Reading Room / State Department FOIA Library / Strobe Talbott FOIA / C09000017,,,,,,,,,,released-source triage,"Open released PDF, decide include/context/exclude, capture page span, markings, declassification status, and final source note.",https://foia.state.gov/DOCUMENTS/FOIA_L_Dec2023/FL-2017-13804/DOC_0C09000017/C09000017.pdf,https://foia.state.gov/DOCUMENTS/FOIA_L_Dec2023/FL-2017-13804/DOC_0C09000017/C09000017.pdf,"Source: Department of State, FOIA Virtual Reading Room, Strobe Talbott FOIA release, Document C09000017. Unclassified.",,,,,,,,
331,Promotion backlog,,71,strobe-C09000008,99,Source Lead,2000-07-15,"July 15, 2000 Note From Strobe Talbott To the Secretary",NATO-Russia and Partnership,Pending,Department of State FOIA Virtual Reading Room,Department of State FOIA Virtual Reading Room / State Department FOIA Library / Strobe Talbott FOIA / C09000008,,,,,,,,,,released-source triage,"Open released PDF, decide include/context/exclude, capture page span, markings, declassification status, and final source note.",https://foia.state.gov/DOCUMENTS/FOIA_L_Apr2024/FL-2017-13804/DOC_0C09000008/C09000008.pdf,https://foia.state.gov/DOCUMENTS/FOIA_L_Apr2024/FL-2017-13804/DOC_0C09000008/C09000008.pdf,"Source: Department of State, FOIA Virtual Reading Room, Strobe Talbott FOIA release, Document C09000008. Unclassified.",,,,,,,,
332,Promotion backlog,,72,strobe-C09000084,91,Source Lead,1995-02-21,"February 21, 1995 Letter From Strobe To Juergen Chrobog",NATO-Russia and Partnership,Pending,Department of State FOIA Virtual Reading Room,Department of State FOIA Virtual Reading Room / State Department FOIA Library / Strobe Talbott FOIA / C09000084,,,,,,,,,,released-source triage,"Open released PDF, decide include/context/exclude, capture page span, markings, declassification status, and final source note.",https://foia.state.gov/DOCUMENTS/FOIA_L_Apr2023/FL-2017-13804/DOC_0C09000084/C09000084.pdf,https://foia.state.gov/DOCUMENTS/FOIA_L_Apr2023/FL-2017-13804/DOC_0C09000084/C09000084.pdf,"Source: Department of State, FOIA Virtual Reading Room, Strobe Talbott FOIA release, Document C09000084. Unclassified.",,,,,,,,
333,Promotion backlog,,73,strobe-C09000033,91,Source Lead,1995-04-14,"April 14, 1995 Letter From Strobe Talbott To Professor Tucker W/Attachment(s)",NATO-Russia and Partnership,Pending,Department of State FOIA Virtual Reading Room,Department of State FOIA Virtual Reading Room / State Department FOIA Library / Strobe Talbott FOIA / C09000033,,,,,,,,,,released-source triage,"Open released PDF, decide include/context/exclude, capture page span, markings, declassification status, and final source note.",https://foia.state.gov/DOCUMENTS/FOIA_L_July2022/FL-2017-13804/DOC_0C09000033/C09000033.pdf,https://foia.state.gov/DOCUMENTS/FOIA_L_July2022/FL-2017-13804/DOC_0C09000033/C09000033.pdf,"Source: Department of State, FOIA Virtual Reading Room, Strobe Talbott FOIA release, Document C09000033. Unclassified.",,,,,,,,
334,Promotion backlog,,74,strobe-C09000077,91,Source Lead,1996-04-16,DRAFT MEMORANDUM TO THE PRESIDENT,NATO-Russia and Partnership,Pending,Department of State FOIA Virtual Reading Room,Department of State FOIA Virtual Reading Room / State Department FOIA Library / Strobe Talbott FOIA / C09000077,,,,,,,,,,released-source triage,"Open released PDF, decide include/context/exclude, capture page span, markings, declassification status, and final source note.",https://foia.state.gov/DOCUMENTS/FOIA_L_Apr2023/FL-2017-13804/DOC_0C09000077/C09000077.pdf,https://foia.state.gov/DOCUMENTS/FOIA_L_Apr2023/FL-2017-13804/DOC_0C09000077/C09000077.pdf,"Source: Department of State, FOIA Virtual Reading Room, Strobe Talbott FOIA release, Document C09000077. Secret; Nodis; Eyes Only.",,,,,,,,
335,Promotion backlog,,75,strobe-C09000074,91,Source Lead,1996-07-09,"July 9, 1996 Note From Strobe To Chris",NATO-Russia and Partnership,Pending,Department of State FOIA Virtual Reading Room,Department of State FOIA Virtual Reading Room / State Department FOIA Library / Strobe Talbott FOIA / C09000074,,,,,,,,,,released-source triage,"Open released PDF, decide include/context/exclude, capture page span, markings, declassification status, and final source note.",https://foia.state.gov/DOCUMENTS/FOIA_L_Apr2023/FL-2017-13804/DOC_0C09000074/C09000074.pdf,https://foia.state.gov/DOCUMENTS/FOIA_L_Apr2023/FL-2017-13804/DOC_0C09000074/C09000074.pdf,"Source: Department of State, FOIA Virtual Reading Room, Strobe Talbott FOIA release, Document C09000074. Unclassified.",,,,,,,,
336,Promotion backlog,,76,strobe-C09000063,91,Source Lead,1996-07-30,Supplemental Statement of Performance of Period Covered: 4/16/95 - 6/30/96,NATO-Russia and Partnership,Pending,Department of State FOIA Virtual Reading Room,Department of State FOIA Virtual Reading Room / State Department FOIA Library / Strobe Talbott FOIA / C09000063,,,,,,,,,,released-source triage,"Open released PDF, decide include/context/exclude, capture page span, markings, declassification status, and final source note.",https://foia.state.gov/DOCUMENTS/FOIA_L_June2024/FL-2017-13804/DOC_0C09000063/C09000063.pdf,https://foia.state.gov/DOCUMENTS/FOIA_L_June2024/FL-2017-13804/DOC_0C09000063/C09000063.pdf,"Source: Department of State, FOIA Virtual Reading Room, Strobe Talbott FOIA release, Document C09000063. Unclassified.",,,,,,,,
337,Promotion backlog,,77,strobe-C09000016,91,Source Lead,1996-08-21,"August 21, 1996 Note From Strobe Talbott To Sandy W/Attachment(s)",European Security Architecture,Pending,Department of State FOIA Virtual Reading Room,Department of State FOIA Virtual Reading Room / State Department FOIA Library / Strobe Talbott FOIA / C09000016,,,,,,,,,,released-source triage,"Open released PDF, decide include/context/exclude, capture page span, markings, declassification status, and final source note.",https://foia.state.gov/DOCUMENTS/FOIA_L_July2022/FL-2017-13804/DOC_0C09000016/C09000016.pdf,https://foia.state.gov/DOCUMENTS/FOIA_L_July2022/FL-2017-13804/DOC_0C09000016/C09000016.pdf,"Source: Department of State, FOIA Virtual Reading Room, Strobe Talbott FOIA release, Document C09000016. Confidential.",,,,,,,,
338,Promotion backlog,,78,strobe-C09000117,83,Source Lead,1998-03-25,"March 25, 1998 Letter From Strobe Talbott To James Rosappe",Crisis Security Files,Pending,Department of State FOIA Virtual Reading Room,Department of State FOIA Virtual Reading Room / State Department FOIA Library / Strobe Talbott FOIA / C09000117,,,,,,,,,,released-source triage,"Open released PDF, decide include/context/exclude, capture page span, markings, declassification status, and final source note.",https://foia.state.gov/DOCUMENTS/FOIA_L_Oct2023/FL-2017-13804/DOC_0C09000117/C09000117.pdf,https://foia.state.gov/DOCUMENTS/FOIA_L_Oct2023/FL-2017-13804/DOC_0C09000117/C09000117.pdf,"Source: Department of State, FOIA Virtual Reading Room, Strobe Talbott FOIA release, Document C09000117. Unclassified.",,,,,,,,
339,Promotion backlog,,79,strobe-C09000122,83,Source Lead,1998-03-25,"March 25, 1998 Letter From Strobe Talbott To Paul Reid",Crisis Security Files,Pending,Department of State FOIA Virtual Reading Room,Department of State FOIA Virtual Reading Room / State Department FOIA Library / Strobe Talbott FOIA / C09000122,,,,,,,,,,released-source triage,"Open released PDF, decide include/context/exclude, capture page span, markings, declassification status, and final source note.",https://foia.state.gov/DOCUMENTS/FOIA_L_Oct2023/FL-2017-13804/DOC_0C09000122/C09000122.pdf,https://foia.state.gov/DOCUMENTS/FOIA_L_Oct2023/FL-2017-13804/DOC_0C09000122/C09000122.pdf,"Source: Department of State, FOIA Virtual Reading Room, Strobe Talbott FOIA release, Document C09000122. Unclassified.",,,,,,,,
340,Promotion backlog,,80,strobe-C09000003,83,Source Lead,1999-04-19,"Checklist of Key Issues Foreign Policy Team Meeting witch The President, Monday, April 19, 1999 w/Attached Distribution List",Crisis Security Files,Pending,Department of State FOIA Virtual Reading Room,Department of State FOIA Virtual Reading Room / State Department FOIA Library / Strobe Talbott FOIA / C09000003,,,,,,,,,,released-source triage,"Open released PDF, decide include/context/exclude, capture page span, markings, declassification status, and final source note.",https://foia.state.gov/DOCUMENTS/FOIA_L_June2024/FL-2017-13804/DOC_0C09000003/C09000003.pdf,https://foia.state.gov/DOCUMENTS/FOIA_L_June2024/FL-2017-13804/DOC_0C09000003/C09000003.pdf,"Source: Department of State, FOIA Virtual Reading Room, Strobe Talbott FOIA release, Document C09000003. Unclassified; Nodis.",,,,,,,,
341,Promotion backlog,,81,strobe-C09000048,83,Source Lead,1999-06-14,1999 US-OMAN BILATERAL CONSULTATIONS - INTERNATIONAL AND REGIONAL ISSUES,Crisis Security Files,Pending,Department of State FOIA Virtual Reading Room,Department of State FOIA Virtual Reading Room / State Department FOIA Library / Strobe Talbott FOIA / C09000048,,,,,,,,,,released-source triage,"Open released PDF, decide include/context/exclude, capture page span, markings, declassification status, and final source note.",https://foia.state.gov/DOCUMENTS/FOIA_L_May2022/FL-2017-13804/DOC_0C09000048/C09000048.pdf,https://foia.state.gov/DOCUMENTS/FOIA_L_May2022/FL-2017-13804/DOC_0C09000048/C09000048.pdf,"Source: Department of State, FOIA Virtual Reading Room, Strobe Talbott FOIA release, Document C09000048. Confidential.",,,,,,,,
342,Promotion backlog,,82,strobe-C09000018,83,Source Lead,1999-07-17,Baltic Partnership Commission w/Attachment(s),Crisis Security Files,Pending,Department of State FOIA Virtual Reading Room,Department of State FOIA Virtual Reading Room / State Department FOIA Library / Strobe Talbott FOIA / C09000018,,,,,,,,,,released-source triage,"Open released PDF, decide include/context/exclude, capture page span, markings, declassification status, and final source note.",https://foia.state.gov/DOCUMENTS/FOIA_L_July2023/FL-2017-13804/DOC_0C09000018/C09000018.pdf,https://foia.state.gov/DOCUMENTS/FOIA_L_July2023/FL-2017-13804/DOC_0C09000018/C09000018.pdf,"Source: Department of State, FOIA Virtual Reading Room, Strobe Talbott FOIA release, Document C09000018. Unclassified.",,,,,,,,
343,Promotion backlog,,83,strobe-C09000030,75,Source Lead,1996-12-04,"December 4, 1996 Note FROM STROBE TALBOTT, IN OSLO TO THE SECRETARY OF STATE - ALL COPIES TO THE SECRETARY",Crisis Security Files,Pending,Department of State FOIA Virtual Reading Room,Department of State FOIA Virtual Reading Room / State Department FOIA Library / Strobe Talbott FOIA / C09000030,,,,,,,,,,released-source triage,"Open released PDF, decide include/context/exclude, capture page span, markings, declassification status, and final source note.",https://foia.state.gov/DOCUMENTS/FOIA_L_Apr2024/FL-2017-13804/DOC_0C09000030/C09000030.pdf,https://foia.state.gov/DOCUMENTS/FOIA_L_Apr2024/FL-2017-13804/DOC_0C09000030/C09000030.pdf,"Source: Department of State, FOIA Virtual Reading Room, Strobe Talbott FOIA release, Document C09000030. Unclassified.",,,,,,,,
